[2026-06-01 08:55:40] [INFO] Logging initialized: /Users/dsen/Projects/ai-post-maker/logs/youtube_reel_schedular.log
[2026-06-01 08:55:40] [INFO] Starting automation for project 1
[2026-06-01 08:55:40] [INFO] Timeout: 300s, Max retries: 3
[2026-06-01 08:55:40] [INFO] Checking BrowserOS health...

[2026-06-01 08:55:41] [CMD] browseros-cli health 
[2026-06-01 08:55:41] [EXIT] 0
[2026-06-01 08:55:41] [OUT] ---
Server: ok
CDP:    connected
[2026-06-01 08:55:41] [OUT] ---
[2026-06-01 08:55:41] [DEBUG] retry_with_backoff: cmd='bos_health' max_retries=3 initial_delay=5
[2026-06-01 08:55:41] [DEBUG] Retry attempt 1/3: bos_health

[2026-06-01 08:55:42] [CMD] browseros-cli health 
[2026-06-01 08:55:42] [EXIT] 0
[2026-06-01 08:55:42] [OUT] ---
Server: ok
CDP:    connected
[2026-06-01 08:55:42] [OUT] ---
[2026-06-01 08:55:42] [DEBUG] retry_with_backoff: success on attempt 1
[2026-06-01 08:55:42] [INFO] BrowserOS is healthy
[2026-06-01 08:55:42] [INFO] ========================================
[2026-06-01 08:55:42] [INFO]   Schedule Management
[2026-06-01 08:55:42] [INFO] ========================================
[2026-06-01 08:55:42] [INFO] Schedule path: /Users/dsen/Projects/ai-post-maker/project-1/youtube_schedule.json
[2026-06-01 08:55:42] [INFO] Unscheduled entries: 23
[2026-06-01 08:55:42] [INFO] Total schedule entries to process: 23
[2026-06-01 08:55:42] [INFO] ========================================
[2026-06-01 08:55:42] [INFO]   Processing Schedule Entry 1 / 23
[2026-06-01 08:55:42] [INFO] ========================================
[2026-06-01 08:55:42] [INFO] Date: 2026-06-10, Day: Wednesday, Time: 11:15:00
[2026-06-01 08:55:42] [INFO] ========================================
[2026-06-01 08:55:42] [INFO]   Phase 1: Identify Project and Asset
[2026-06-01 08:55:42] [INFO] ========================================
[2026-06-01 08:55:42] [INFO] Fetching mapped post for project 1...
[2026-06-01 08:55:42] [DEBUG] get_mapped_post exit=0 output='ID: 21
Caption: 🌽 State Fair Style Hand-Dipped Corn Dog 🌽
Recipe: 
Ingredients: 🥩 8 high-quality beef hot dogs, wooden sticks, 🌽 1 cup yellow cornmeal, 🌾 1 cup flour, 🍬 1/4 cup sugar, 1 tbsp baking powder, 🥚 1 egg, 🧈 1 cup buttermilk, 🫒 oil for frying. 
Steps: 👨‍🍳 Pat hot dogs dry and skewer them. 🥣 Whisk dry ingredients, then stir in egg and buttermilk to make a very thick batter. 🔥 Pour batter into a tall glass. ⏲️ Dip each dog vertically to coat completely. 🍳 Deep fry at 350°F (175°C) for 3-5 minutes, rotating slowly, until golden brown. 🔪 Serve with a classic mustard swirl.
#corndog #streetfood #fairfood #snack #crispy #classic #foodie #lunch 🌮🍱'
[2026-06-01 08:55:42] [INFO] Asset ID: 21
[2026-06-01 08:55:42] [INFO] Title length: 41 chars
[2026-06-01 08:55:42] [INFO] Description length: 599 chars
[2026-06-01 08:55:42] [INFO] Asset path: /Users/dsen/Projects/ai-post-maker/project-1/assets/21.mp4
[2026-06-01 08:55:42] [INFO] ========================================
[2026-06-01 08:55:42] [INFO]   Phase 2: Open YouTube Upload Page
[2026-06-01 08:55:42] [INFO] ========================================
[2026-06-01 08:55:42] [INFO] Opening new page: https://www.youtube.com/upload

[2026-06-01 08:55:43] [CMD] browseros-cli open https://www.youtube.com/upload --json
[2026-06-01 08:55:43] [EXIT] 0
[2026-06-01 08:55:43] [OUT] ---
{"background":false,"hidden":false,"pageId":293,"url":"https://www.youtube.com/upload"}
[2026-06-01 08:55:43] [OUT] ---
[2026-06-01 08:55:43] [INFO] Page opened with ID: 293
[2026-06-01 08:55:48] [INFO] Page loaded successfully
[2026-06-01 08:55:48] [INFO] ========================================
[2026-06-01 08:55:48] [INFO]   Phase 3: Upload the Video File
[2026-06-01 08:55:48] [INFO] ========================================
[2026-06-01 08:55:48] [INFO] Exposing hidden file input...

[2026-06-01 08:55:49] [CMD] browseros-cli eval -p 293 document.querySelectorAll('input[type="file"]').forEach((i, idx) => { i.removeAttribute('aria-hidden'); i.style.display='block'; i.style.visibility='visible'; i.style.opacity='1'; i.style.position='static'; i.style.width='100px'; i.style.height='50px'; i.style.zIndex='999999'; i.title='Upload Video File'; });
[2026-06-01 08:55:49] [EXIT] 0
[2026-06-01 08:55:49] [OUT] ---
undefined
[2026-06-01 08:55:49] [OUT] ---
[2026-06-01 08:55:51] [INFO] Taking snapshot to find file input...

[2026-06-01 08:55:52] [CMD] browseros-cli snap -p 293
[2026-06-01 08:55:52] [EXIT] 0
[2026-06-01 08:55:52] [OUT] ---
[345] menuitem "Content"
[365] menuitem "Analytics"
[384] menuitem "Community"
[403] menuitem "Subtitles"
[422] menuitem "Content detection"
[441] menuitem "Earn"
[460] menuitem "Customization"
[479] menuitem "Audio library"
[504] button "Settings"
[517] button "Send feedback"
[565] tab "Inspiration"
[568] tab "Videos" (selected)
[570] tab "Shorts"
[573] tab "Live"
[576] tab "Posts"
[579] tab "Playlists"
[582] tab "Podcasts"
[585] tab "Promotions"
[591] tab "Collaborations"
[10] textbox "Filter"
[792] checkbox
[905] button "Sort by Date"
[942] button "Sort by Views"
[1492] button "Send Feedback"
[1504] button "Close"
[1537] button "Select files"
[1542] button "Choose Files"
[1546] link "Terms of Service"
[1547] link "Community Guidelines"
[1551] link "Learn more"
[546] clickable "Inspiration
        


  
      Videos
    


  
        Shorts
      


  
        Live
      


  "
[2026-06-01 08:55:52] [OUT] ---

[2026-06-01 08:55:53] [CMD] browseros-cli snap -p 293
[2026-06-01 08:55:53] [EXIT] 0
[2026-06-01 08:55:53] [OUT] ---
[345] menuitem "Content"
[365] menuitem "Analytics"
[384] menuitem "Community"
[403] menuitem "Subtitles"
[422] menuitem "Content detection"
[441] menuitem "Earn"
[460] menuitem "Customization"
[479] menuitem "Audio library"
[504] button "Settings"
[517] button "Send feedback"
[565] tab "Inspiration"
[568] tab "Videos" (selected)
[570] tab "Shorts"
[573] tab "Live"
[576] tab "Posts"
[579] tab "Playlists"
[582] tab "Podcasts"
[585] tab "Promotions"
[591] tab "Collaborations"
[10] textbox "Filter"
[792] checkbox
[905] button "Sort by Date"
[942] button "Sort by Views"
[1492] button "Send Feedback"
[1504] button "Close"
[1537] button "Select files"
[1542] button "Choose Files"
[1546] link "Terms of Service"
[1547] link "Community Guidelines"
[1551] link "Learn more"
[546] clickable "Inspiration
        


  
      Videos
    


  
        Shorts
      


  
        Live
      


  "
[2026-06-01 08:55:53] [OUT] ---

[2026-06-01 08:55:54] [CMD] browseros-cli snap -p 293
[2026-06-01 08:55:54] [EXIT] 0
[2026-06-01 08:55:54] [OUT] ---
[345] menuitem "Content"
[365] menuitem "Analytics"
[384] menuitem "Community"
[403] menuitem "Subtitles"
[422] menuitem "Content detection"
[441] menuitem "Earn"
[460] menuitem "Customization"
[479] menuitem "Audio library"
[504] button "Settings"
[517] button "Send feedback"
[565] tab "Inspiration"
[568] tab "Videos" (selected)
[570] tab "Shorts"
[573] tab "Live"
[576] tab "Posts"
[579] tab "Playlists"
[582] tab "Podcasts"
[585] tab "Promotions"
[591] tab "Collaborations"
[10] textbox "Filter"
[792] checkbox
[905] button "Sort by Date"
[942] button "Sort by Views"
[1492] button "Send Feedback"
[1504] button "Close"
[1537] button "Select files"
[1542] button "Choose Files"
[1546] link "Terms of Service"
[1547] link "Community Guidelines"
[1551] link "Learn more"
[546] clickable "Inspiration
        


  
      Videos
    


  
        Shorts
      


  
        Live
      


  "
[2026-06-01 08:55:54] [OUT] ---
[2026-06-01 08:55:54] [INFO] Attempting upload to ref: 1542...

[2026-06-01 08:55:55] [CMD] browseros-cli upload -p 293 1542 /Users/dsen/Projects/ai-post-maker/project-1/assets/21.mp4
[2026-06-01 08:55:55] [EXIT] 0
[2026-06-01 08:55:55] [OUT] ---
Set 1 file(s) on [1542]
[2026-06-01 08:55:55] [OUT] ---
[2026-06-01 08:56:00] [INFO] Waiting for 'Details' screen to appear...

[2026-06-01 08:56:01] [CMD] browseros-cli snap -p 293
[2026-06-01 08:56:01] [EXIT] 0
[2026-06-01 08:56:01] [OUT] ---
[1504] button "Close"
[2175] tab "Details" (selected)
[2186] tab "Video elements"
[2197] tab "Checks"
[2208] tab "Visibility"
[1972] button "Reuse details"
[2288] textbox "Add a title that describes your video (type @ to mention a channel)" value="21" (required)
[2515] button "Add all"
[2401] button "Options"
[2828] button "Personalized suggestion illustration #appetizer"
[2838] button "#strawberry"
[2848] button "Personalized suggestion illustration #baking"
[2031] textbox "Tell viewers about your video (type @ to mention a channel)"
[2251] link "Learn more about playlists"
[2257] button "Select playlists"
[2261] button "Select"
[2084] link "What's content made for kids?"
[2091] link "Learn more about video's audience settings"
[2094] radio "Yes, it's made for kids . Features like personalized ads and notifications won’t be available on videos made for kids. Videos that are set as made for kids by you are more likely to be recommended alongside other kids’ videos. Learn more"
[2098] link "Learn more"
[2099] radio "No, it's not made for kids"
[2016] button "Age restriction (advanced)"
[2172] button "Show advanced settings"
[2234] link "https://youtube.com/shorts/OOiz4OTlWWY"
[2237] button "Copy video link"
[1599] button "Next"
[546] clickable "Inspiration
        


  
      Videos
    


  
        Shorts
      


  
        Live
      


  "
[2404] clickable "The following suggestions were automatically generated based on your existing content. You can add
  and edit them to help viewers discover, understand, and engage with your content."
[2093] clickable "Yes, it's made for kids.
          Features like personalized ads and notifications won’t be availab"
[2026-06-01 08:56:01] [OUT] ---
[2026-06-01 08:56:01] [INFO] Video uploaded and Details screen reached
[2026-06-01 08:56:01] [INFO] ========================================
[2026-06-01 08:56:01] [INFO]   Phase 4: Fill Details
[2026-06-01 08:56:01] [INFO] ========================================
[2026-06-01 08:56:01] [INFO] Finding Title field...

[2026-06-01 08:56:02] [CMD] browseros-cli snap -p 293
[2026-06-01 08:56:02] [EXIT] 0
[2026-06-01 08:56:02] [OUT] ---
[1504] button "Close"
[2175] tab "Details" (selected)
[2186] tab "Video elements"
[2197] tab "Checks"
[2208] tab "Visibility"
[1972] button "Reuse details"
[2288] textbox "Add a title that describes your video (type @ to mention a channel)" value="21" (required)
[2515] button "Add all"
[2401] button "Options"
[2828] button "Personalized suggestion illustration #appetizer"
[2838] button "#strawberry"
[2848] button "Personalized suggestion illustration #baking"
[2031] textbox "Tell viewers about your video (type @ to mention a channel)"
[2251] link "Learn more about playlists"
[2257] button "Select playlists"
[2261] button "Select"
[2084] link "What's content made for kids?"
[2091] link "Learn more about video's audience settings"
[2094] radio "Yes, it's made for kids . Features like personalized ads and notifications won’t be available on videos made for kids. Videos that are set as made for kids by you are more likely to be recommended alongside other kids’ videos. Learn more"
[2098] link "Learn more"
[2099] radio "No, it's not made for kids"
[2016] button "Age restriction (advanced)"
[2172] button "Show advanced settings"
[2234] link "https://youtube.com/shorts/OOiz4OTlWWY"
[2237] button "Copy video link"
[1599] button "Next"
[546] clickable "Inspiration
        


  
      Videos
    


  
        Shorts
      


  
        Live
      


  "
[2404] clickable "The following suggestions were automatically generated based on your existing content. You can add
  and edit them to help viewers discover, understand, and engage with your content."
[2093] clickable "Yes, it's made for kids.
          Features like personalized ads and notifications won’t be availab"
[2026-06-01 08:56:02] [OUT] ---
[2026-06-01 08:56:02] [INFO] Filling Title...

[2026-06-01 08:56:03] [CMD] browseros-cli fill -p 293 2288 🌽 State Fair Style Hand-Dipped Corn Dog 🌽
[2026-06-01 08:56:03] [EXIT] 0
[2026-06-01 08:56:03] [OUT] ---
Typed 43 characters into [2288] at (472, 229)
[2026-06-01 08:56:03] [OUT] ---
[2026-06-01 08:56:05] [INFO] Finding Description field...

[2026-06-01 08:56:06] [CMD] browseros-cli snap -p 293
[2026-06-01 08:56:06] [EXIT] 0
[2026-06-01 08:56:06] [OUT] ---
[1504] button "Close"
[2175] tab "Details" (selected)
[2186] tab "Video elements"
[2197] tab "Checks"
[2208] tab "Visibility"
[1972] button "Reuse details"
[2288] textbox "Add a title that describes your video (type @ to mention a channel)" value="🌽 State Fair Style Hand-Dipped Corn Dog 🌽" (required)
[2515] button "Add all"
[2401] button "Options"
[2828] button "Personalized suggestion illustration #appetizer"
[2838] button "#strawberry"
[2848] button "Personalized suggestion illustration #baking"
[2031] textbox "Tell viewers about your video (type @ to mention a channel)"
[2251] link "Learn more about playlists"
[2257] button "Select playlists"
[2261] button "Select"
[2084] link "What's content made for kids?"
[2091] link "Learn more about video's audience settings"
[2094] radio "Yes, it's made for kids . Features like personalized ads and notifications won’t be available on videos made for kids. Videos that are set as made for kids by you are more likely to be recommended alongside other kids’ videos. Learn more"
[2098] link "Learn more"
[2099] radio "No, it's not made for kids"
[2016] button "Age restriction (advanced)"
[2172] button "Show advanced settings"
[2234] link "https://youtube.com/shorts/OOiz4OTlWWY"
[2237] button "Copy video link"
[1599] button "Next"
[546] clickable "Inspiration
        


  
      Videos
    


  
        Shorts
      


  
        Live
      


  "
[2404] clickable "The following suggestions were automatically generated based on your existing content. You can add
  and edit them to help viewers discover, understand, and engage with your content."
[2093] clickable "Yes, it's made for kids.
          Features like personalized ads and notifications won’t be availab"
[2026-06-01 08:56:06] [OUT] ---
[2026-06-01 08:56:06] [INFO] Filling Description...

[2026-06-01 08:56:09] [CMD] browseros-cli fill -p 293 2031 Recipe: 
Ingredients: 🥩 8 high-quality beef hot dogs, wooden sticks, 🌽 1 cup yellow cornmeal, 🌾 1 cup flour, 🍬 1/4 cup sugar, 1 tbsp baking powder, 🥚 1 egg, 🧈 1 cup buttermilk, 🫒 oil for frying. 
Steps: 👨‍🍳 Pat hot dogs dry and skewer them. 🥣 Whisk dry ingredients, then stir in egg and buttermilk to make a very thick batter. 🔥 Pour batter into a tall glass. ⏲️ Dip each dog vertically to coat completely. 🍳 Deep fry at 350°F (175°C) for 3-5 minutes, rotating slowly, until golden brown. 🔪 Serve with a classic mustard swirl.
#corndog #streetfood #fairfood #snack #crispy #classic #foodie #lunch 🌮🍱
[2026-06-01 08:56:09] [EXIT] 0
[2026-06-01 08:56:09] [OUT] ---
Typed 614 characters into [2031] at (472, 490)
[2026-06-01 08:56:09] [OUT] ---
[2026-06-01 08:56:11] [INFO] Selecting 'Not made for kids'...

[2026-06-01 08:56:12] [CMD] browseros-cli snap -p 293
[2026-06-01 08:56:12] [EXIT] 0
[2026-06-01 08:56:12] [OUT] ---
[905] button "Sort by Date"
[942] button "Sort by Views"
[1492] button "Send Feedback"
[1504] button "Close"
[2175] tab "Details" (selected)
[2186] tab "Video elements"
[2197] tab "Checks"
[2208] tab "Visibility"
[1972] button "Reuse details"
[2288] textbox "Add a title that describes your video (type @ to mention a channel)" value="🌽 State Fair Style Hand-Dipped Corn Dog 🌽" (required)
[2031] textbox "Tell viewers about your video (type @ to mention a channel)" value="Recipe: 
Ingredients: 🥩 8 high-quality beef hot dogs, wooden sticks, 🌽 1 cup yellow cornmeal, 🌾 1 cup flour, 🍬 1/4 cup sugar, 1 tbsp baking powder, 🥚 1 egg, 🧈 1 cup buttermilk, 🫒 oil for frying. 
Steps: 👨‍🍳 Pat hot dogs dry and skewer them. 🥣 Whisk dry ingredients, then stir in egg and buttermilk to make a very thick batter. 🔥 Pour batter into a tall glass. ⏲️ Dip each dog vertically to coat completely. 🍳 Deep fry at 350°F (175°C) for 3-5 minutes, rotating slowly, until golden brown. 🔪 Serve with a classic mustard swirl.
#corndog #streetfood #fairfood #snack #crispy #classic #foodie #lunch 🌮🍱
"
[2251] link "Learn more about playlists"
[2257] button "Select playlists"
[2261] button "Select"
[2084] link "What's content made for kids?"
[2091] link "Learn more about video's audience settings"
[2094] radio "Yes, it's made for kids . Features like personalized ads and notifications won’t be available on videos made for kids. Videos that are set as made for kids by you are more likely to be recommended alongside other kids’ videos. Learn more"
[2098] link "Learn more"
[2099] radio "No, it's not made for kids"
[2016] button "Age restriction (advanced)"
[2172] button "Show advanced settings"
[2234] link "https://youtube.com/shorts/OOiz4OTlWWY"
[2237] button "Copy video link"
[1599] button "Next"
[546] clickable "Inspiration
        


  
      Videos
    


  
        Shorts
      


  
        Live
      


  "
[2093] clickable "Yes, it's made for kids.
          Features like personalized ads and notifications won’t be availab"
[2026-06-01 08:56:12] [OUT] ---

[2026-06-01 08:56:14] [CMD] browseros-cli click -p 293 2099
[2026-06-01 08:56:14] [EXIT] 0
[2026-06-01 08:56:14] [OUT] ---
Clicked [2099] at (303, 464)
[2026-06-01 08:56:14] [OUT] ---
[2026-06-01 08:56:14] [INFO] Selected 'Not made for kids'
[2026-06-01 08:56:16] [INFO] ========================================
[2026-06-01 08:56:16] [INFO]   Phase 5: Navigate to Visibility Screen
[2026-06-01 08:56:16] [INFO] ========================================

[2026-06-01 08:56:16] [CMD] browseros-cli snap -p 293
[2026-06-01 08:56:16] [EXIT] 0
[2026-06-01 08:56:16] [OUT] ---
[905] button "Sort by Date"
[942] button "Sort by Views"
[1492] button "Send Feedback"
[1504] button "Close"
[2175] tab "Details" (selected)
[2186] tab "Video elements"
[2197] tab "Checks"
[2208] tab "Visibility"
[1972] button "Reuse details"
[2288] textbox "Add a title that describes your video (type @ to mention a channel)" value="🌽 State Fair Style Hand-Dipped Corn Dog 🌽" (required)
[2031] textbox "Tell viewers about your video (type @ to mention a channel)" value="Recipe: 
Ingredients: 🥩 8 high-quality beef hot dogs, wooden sticks, 🌽 1 cup yellow cornmeal, 🌾 1 cup flour, 🍬 1/4 cup sugar, 1 tbsp baking powder, 🥚 1 egg, 🧈 1 cup buttermilk, 🫒 oil for frying. 
Steps: 👨‍🍳 Pat hot dogs dry and skewer them. 🥣 Whisk dry ingredients, then stir in egg and buttermilk to make a very thick batter. 🔥 Pour batter into a tall glass. ⏲️ Dip each dog vertically to coat completely. 🍳 Deep fry at 350°F (175°C) for 3-5 minutes, rotating slowly, until golden brown. 🔪 Serve with a classic mustard swirl.
#corndog #streetfood #fairfood #snack #crispy #classic #foodie #lunch 🌮🍱
"
[2251] link "Learn more about playlists"
[2257] button "Select playlists"
[2261] button "Select"
[2084] link "What's content made for kids?"
[2091] link "Learn more about video's audience settings"
[2094] radio "Yes, it's made for kids . Features like personalized ads and notifications won’t be available on videos made for kids. Videos that are set as made for kids by you are more likely to be recommended alongside other kids’ videos. Learn more"
[2098] link "Learn more"
[2099] radio "No, it's not made for kids"
[2016] button "Age restriction (advanced)"
[2172] button "Show advanced settings"
[2234] link "https://youtube.com/shorts/OOiz4OTlWWY"
[2237] button "Copy video link"
[1599] button "Next"
[546] clickable "Inspiration
        


  
      Videos
    


  
        Shorts
      


  
        Live
      


  "
[2093] clickable "Yes, it's made for kids.
          Features like personalized ads and notifications won’t be availab"
[2026-06-01 08:56:16] [OUT] ---
[2026-06-01 08:56:16] [INFO] Clicking Next (1/3)...

[2026-06-01 08:56:17] [CMD] browseros-cli click -p 293 1599
[2026-06-01 08:56:17] [EXIT] 0
[2026-06-01 08:56:17] [OUT] ---
Clicked [1599] at (1061, 697)
[2026-06-01 08:56:17] [OUT] ---

[2026-06-01 08:56:21] [CMD] browseros-cli snap -p 293
[2026-06-01 08:56:21] [EXIT] 0
[2026-06-01 08:56:21] [OUT] ---
[422] menuitem "Content detection"
[441] menuitem "Earn"
[460] menuitem "Customization"
[479] menuitem "Audio library"
[504] button "Settings"
[517] button "Send feedback"
[565] tab "Inspiration"
[568] tab "Videos" (selected)
[570] tab "Shorts"
[573] tab "Live"
[576] tab "Posts"
[579] tab "Playlists"
[582] tab "Podcasts"
[585] tab "Promotions"
[591] tab "Collaborations"
[10] textbox "Filter"
[792] checkbox
[905] button "Sort by Date"
[942] button "Sort by Views"
[1492] button "Send Feedback"
[1504] button "Close"
[2175] tab "Details"
[2186] tab "Video elements" (selected)
[2197] tab "Checks"
[2208] tab "Visibility"
[10969] link "Learn more"
[11207] button "Add"
[11013] button "Add" (disabled)
[1592] button "Back"
[1599] button "Next"
[546] clickable "Inspiration
        


  
      Videos
    


  
        Shorts
      


  
        Live
      


  "
[2026-06-01 08:56:21] [OUT] ---

[2026-06-01 08:56:22] [CMD] browseros-cli snap -p 293
[2026-06-01 08:56:22] [EXIT] 0
[2026-06-01 08:56:22] [OUT] ---
[422] menuitem "Content detection"
[441] menuitem "Earn"
[460] menuitem "Customization"
[479] menuitem "Audio library"
[504] button "Settings"
[517] button "Send feedback"
[565] tab "Inspiration"
[568] tab "Videos" (selected)
[570] tab "Shorts"
[573] tab "Live"
[576] tab "Posts"
[579] tab "Playlists"
[582] tab "Podcasts"
[585] tab "Promotions"
[591] tab "Collaborations"
[10] textbox "Filter"
[792] checkbox
[905] button "Sort by Date"
[942] button "Sort by Views"
[1492] button "Send Feedback"
[1504] button "Close"
[2175] tab "Details"
[2186] tab "Video elements" (selected)
[2197] tab "Checks"
[2208] tab "Visibility"
[10969] link "Learn more"
[11207] button "Add"
[11013] button "Add" (disabled)
[1592] button "Back"
[1599] button "Next"
[546] clickable "Inspiration
        


  
      Videos
    


  
        Shorts
      


  
        Live
      


  "
[2026-06-01 08:56:22] [OUT] ---
[2026-06-01 08:56:22] [INFO] Clicking Next (2/3)...

[2026-06-01 08:56:23] [CMD] browseros-cli click -p 293 1599
[2026-06-01 08:56:23] [EXIT] 0
[2026-06-01 08:56:23] [OUT] ---
Clicked [1599] at (1061, 697)
[2026-06-01 08:56:23] [OUT] ---

[2026-06-01 08:56:27] [CMD] browseros-cli snap -p 293
[2026-06-01 08:56:27] [EXIT] 0
[2026-06-01 08:56:27] [OUT] ---
[460] menuitem "Customization"
[479] menuitem "Audio library"
[504] button "Settings"
[517] button "Send feedback"
[565] tab "Inspiration"
[568] tab "Videos" (selected)
[570] tab "Shorts"
[573] tab "Live"
[576] tab "Posts"
[579] tab "Playlists"
[582] tab "Podcasts"
[585] tab "Promotions"
[591] tab "Collaborations"
[10] textbox "Filter"
[792] checkbox
[905] button "Sort by Date"
[942] button "Sort by Views"
[1492] button "Send Feedback"
[1504] button "Close"
[2175] tab "Details"
[2186] tab "Video elements"
[2197] tab "Checks" (selected)
[2208] tab "Visibility"
[11419] link "Learn more"
[11464] link "Learn more"
[11431] button "Send feedback"
[1592] button "Back"
[1599] button "Next"
[546] clickable "Inspiration
        


  
      Videos
    


  
        Shorts
      


  
        Live
      


  "
[11430] clickable "Send feedback"
[11432] clickable "Send feedback"
[2026-06-01 08:56:27] [OUT] ---

[2026-06-01 08:56:28] [CMD] browseros-cli snap -p 293
[2026-06-01 08:56:28] [EXIT] 0
[2026-06-01 08:56:28] [OUT] ---
[460] menuitem "Customization"
[479] menuitem "Audio library"
[504] button "Settings"
[517] button "Send feedback"
[565] tab "Inspiration"
[568] tab "Videos" (selected)
[570] tab "Shorts"
[573] tab "Live"
[576] tab "Posts"
[579] tab "Playlists"
[582] tab "Podcasts"
[585] tab "Promotions"
[591] tab "Collaborations"
[10] textbox "Filter"
[792] checkbox
[905] button "Sort by Date"
[942] button "Sort by Views"
[1492] button "Send Feedback"
[1504] button "Close"
[2175] tab "Details"
[2186] tab "Video elements"
[2197] tab "Checks" (selected)
[2208] tab "Visibility"
[11419] link "Learn more"
[11464] link "Learn more"
[11431] button "Send feedback"
[1592] button "Back"
[1599] button "Next"
[546] clickable "Inspiration
        


  
      Videos
    


  
        Shorts
      


  
        Live
      


  "
[11430] clickable "Send feedback"
[11432] clickable "Send feedback"
[2026-06-01 08:56:28] [OUT] ---
[2026-06-01 08:56:28] [INFO] Clicking Next (3/3)...

[2026-06-01 08:56:29] [CMD] browseros-cli click -p 293 1599
[2026-06-01 08:56:29] [EXIT] 0
[2026-06-01 08:56:29] [OUT] ---
Clicked [1599] at (1061, 697)
[2026-06-01 08:56:29] [OUT] ---

[2026-06-01 08:56:33] [CMD] browseros-cli snap -p 293
[2026-06-01 08:56:33] [EXIT] 0
[2026-06-01 08:56:33] [OUT] ---
[11615] radio "Private"
[11625] radio "Unlisted"
[11634] radio "Public"
[11561] button "Click to expand"
[11496] link "Learn more"
[11501] link "Learn more"
[11901] button "Play"
[11904] button "Mute"
[11752] slider "volume"
[11908] button "Settings"
[11933] button "Full screen"
[11529] link "https://youtube.com/shorts/OOiz4OTlWWY"
[11532] button "Copy video link"
[1592] button "Back"
[1606] button "Save"
[546] clickable "Inspiration
        


  
      Videos
    


  
        Shorts
      


  
        Live
      


  "
[11572] clickable "Private
          

          
          
            
              Only you and people you choose "
[11555] clickable "Schedule
      
        
          Select a date to make your video public.
        
      
      
 "
[2026-06-01 08:56:33] [OUT] ---
[2026-06-01 08:56:33] [INFO] Reached Visibility screen
[2026-06-01 08:56:33] [INFO] ========================================
[2026-06-01 08:56:33] [INFO]   Phase 6: Open Scheduling Options
[2026-06-01 08:56:33] [INFO] ========================================
[2026-06-01 08:56:33] [INFO] Clicking 'Schedule' option...

[2026-06-01 08:56:34] [CMD] browseros-cli snap -p 293
[2026-06-01 08:56:34] [EXIT] 0
[2026-06-01 08:56:34] [OUT] ---
[11615] radio "Private"
[11625] radio "Unlisted"
[11634] radio "Public"
[11561] button "Click to expand"
[11496] link "Learn more"
[11501] link "Learn more"
[11901] button "Play"
[11904] button "Mute"
[11752] slider "volume"
[11908] button "Settings"
[11933] button "Full screen"
[11529] link "https://youtube.com/shorts/OOiz4OTlWWY"
[11532] button "Copy video link"
[1592] button "Back"
[1606] button "Save"
[546] clickable "Inspiration
        


  
      Videos
    


  
        Shorts
      


  
        Live
      


  "
[11572] clickable "Private
          

          
          
            
              Only you and people you choose "
[11555] clickable "Schedule
      
        
          Select a date to make your video public.
        
      
      
 "
[2026-06-01 08:56:34] [OUT] ---

[2026-06-01 08:56:35] [CMD] browseros-cli click -p 293 11555
[2026-06-01 08:56:35] [EXIT] 0
[2026-06-01 08:56:35] [OUT] ---
Clicked [11555] at (472, 574)
[2026-06-01 08:56:35] [OUT] ---
[2026-06-01 08:56:37] [INFO] ========================================
[2026-06-01 08:56:37] [INFO]   Phase 7: Fill Date and Time
[2026-06-01 08:56:37] [INFO] ========================================
[2026-06-01 08:56:37] [INFO] Setting date: Jun 10, 2026, time: 11:15 AM
[2026-06-01 08:56:37] [INFO] Opening date picker...

[2026-06-01 08:56:38] [CMD] browseros-cli snap -p 293
[2026-06-01 08:56:38] [EXIT] 0
[2026-06-01 08:56:38] [OUT] ---
[942] button "Sort by Views"
[1492] button "Send Feedback"
[1504] button "Close"
[2175] tab "Details"
[2186] tab "Video elements"
[2197] tab "Checks"
[2208] tab "Visibility" (selected)
[11547] button "Click to expand"
[12114] button "Jun 2, 2026"
[12118] button "Jun 2, 2026"
[12144] textbox value="12:00 AM"
[12227] button "Time zone"
[11496] link "Learn more"
[11501] link "Learn more"
[11901] button "Play"
[11904] button "Mute"
[11752] slider "volume"
[11908] button "Settings"
[11933] button "Full screen"
[11529] link "https://youtube.com/shorts/OOiz4OTlWWY"
[11532] button "Copy video link"
[1592] button "Back"
[1606] button "Schedule"
[546] clickable "Inspiration
        


  
      Videos
    


  
        Shorts
      


  
        Live
      


  "
[11508] clickable "Save or publish
        
        
          Make your video public, unlisted, or private
        
  "
[12228] clickable "Default set to local time zone (GMT+0530)"
[2026-06-01 08:56:38] [OUT] ---

[2026-06-01 08:56:39] [CMD] browseros-cli click -p 293 12114
[2026-06-01 08:56:39] [EXIT] 0
[2026-06-01 08:56:39] [OUT] ---
Clicked [12114] at (310, 490)
[2026-06-01 08:56:39] [OUT] ---

[2026-06-01 08:56:42] [CMD] browseros-cli snap -p 293
[2026-06-01 08:56:42] [EXIT] 0
[2026-06-01 08:56:42] [OUT] ---
[12505] clickable "13"
[12506] clickable "14"
[12507] clickable "15"
[12508] clickable "16"
[12509] clickable "17"
[12510] clickable "18"
[12511] clickable "19"
[12512] clickable "20"
[12513] clickable "21"
[12514] clickable "22"
[12515] clickable "23"
[12516] clickable "24"
[12517] clickable "25"
[12518] clickable "26"
[12519] clickable "27"
[12520] clickable "28"
[12521] clickable "29"
[12522] clickable "30"
[12523] clickable "31"
[12531] clickable "1"
[12532] clickable "2"
[12533] clickable "3"
[12534] clickable "4"
[12535] clickable "5"
[12536] clickable "6"
[12537] clickable "7"
[12538] clickable "8"
[12539] clickable "9"
[12540] clickable "10"
[12541] clickable "11"
[12542] clickable "12"
[12543] clickable "13"
[12544] clickable "14"
[12545] clickable "15"
[12546] clickable "16"
[12547] clickable "17"
[12548] clickable "18"
[12549] clickable "19"
[12550] clickable "20"
[12551] clickable "21"
[12552] clickable "22"
[12553] clickable "23"
[12554] clickable "24"
[12555] clickable "25"
[12556] clickable "26"
[12557] clickable "27"
[12558] clickable "28"
[12559] clickable "29"
[12560] clickable "30"
[12561] clickable "31"
[2026-06-01 08:56:42] [OUT] ---

[2026-06-01 08:56:43] [CMD] browseros-cli fill -p 293 12345 Jun 10, 2026
[2026-06-01 08:56:43] [EXIT] 0
[2026-06-01 08:56:43] [OUT] ---
Typed 12 characters into [12345] at (327, 124)
[2026-06-01 08:56:43] [OUT] ---

[2026-06-01 08:56:45] [CMD] browseros-cli key -p 293 Enter
[2026-06-01 08:56:45] [EXIT] 0
[2026-06-01 08:56:45] [OUT] ---
Pressed Enter
[2026-06-01 08:56:45] [OUT] ---
[2026-06-01 08:56:47] [INFO] Setting time...

[2026-06-01 08:56:48] [CMD] browseros-cli snap -p 293
[2026-06-01 08:56:48] [EXIT] 0
[2026-06-01 08:56:48] [OUT] ---
[942] button "Sort by Views"
[1492] button "Send Feedback"
[1504] button "Close"
[2175] tab "Details"
[2186] tab "Video elements"
[2197] tab "Checks"
[2208] tab "Visibility" (selected)
[11547] button "Click to expand"
[12114] button "Jun 10, 2026"
[12118] button "Jun 10, 2026"
[12144] textbox value="12:00 AM"
[12227] button "Time zone"
[11496] link "Learn more"
[11501] link "Learn more"
[11901] button "Play"
[11904] button "Mute"
[11752] slider "volume"
[11908] button "Settings"
[11933] button "Full screen"
[11529] link "https://youtube.com/shorts/OOiz4OTlWWY"
[11532] button "Copy video link"
[1592] button "Back"
[1606] button "Schedule"
[546] clickable "Inspiration
        


  
      Videos
    


  
        Shorts
      


  
        Live
      


  "
[11508] clickable "Save or publish
        
        
          Make your video public, unlisted, or private
        
  "
[12228] clickable "Default set to local time zone (GMT+0530)"
[2026-06-01 08:56:48] [OUT] ---
[2026-06-01 08:56:48] [INFO] Clicking time input box to open dropdown...

[2026-06-01 08:56:49] [CMD] browseros-cli click -p 293 12144
[2026-06-01 08:56:49] [EXIT] 0
[2026-06-01 08:56:49] [OUT] ---
Clicked [12144] at (466, 490)
[2026-06-01 08:56:49] [OUT] ---

[2026-06-01 08:56:52] [CMD] browseros-cli snap -p 293
[2026-06-01 08:56:52] [EXIT] 0
[2026-06-01 08:56:52] [OUT] ---
[13180] option "6:15 PM"
[13181] option "6:30 PM"
[13182] option "6:45 PM"
[13183] option "7:00 PM"
[13184] option "7:15 PM"
[13185] option "7:30 PM"
[13186] option "7:45 PM"
[13187] option "8:00 PM"
[13188] option "8:15 PM"
[13189] option "8:30 PM"
[13190] option "8:45 PM"
[13191] option "9:00 PM"
[13192] option "9:15 PM"
[13193] option "9:30 PM"
[13194] option "9:45 PM"
[13195] option "10:00 PM"
[13196] option "10:15 PM"
[13197] option "10:30 PM"
[13198] option "10:45 PM"
[13199] option "11:00 PM"
[13200] option "11:15 PM"
[13201] option "11:30 PM"
[13202] option "11:45 PM"
[546] clickable "Inspiration
        


  
      Videos
    


  
        Shorts
      


  
        Live
      


  "
[11508] clickable "Save or publish
        
        
          Make your video public, unlisted, or private
        
  "
[12228] clickable "Default set to local time zone (GMT+0530)"
[2026-06-01 08:56:52] [OUT] ---
[2026-06-01 08:56:52] [INFO] Clicking time option ref: 13152 for 11:15 AM

[2026-06-01 08:56:53] [CMD] browseros-cli click -p 293 13152
[2026-06-01 08:56:53] [EXIT] 0
[2026-06-01 08:56:53] [OUT] ---
Clicked [13152] at (466, 316)
[2026-06-01 08:56:53] [OUT] ---
[2026-06-01 08:56:55] [INFO] Date and time filled successfully
[2026-06-01 08:56:55] [INFO] ========================================
[2026-06-01 08:56:55] [INFO]   Phase 8: User Verification
[2026-06-01 08:56:55] [INFO] ========================================
[2026-06-01 08:56:55] [INFO] 
[2026-06-01 08:56:55] [INFO] ============================================
[2026-06-01 08:56:56] [INFO]   SCHEDULED REEL REVIEW
[2026-06-01 08:56:56] [INFO] ============================================
[2026-06-01 08:56:56] [INFO]   Asset ID: 21
[2026-06-01 08:56:56] [INFO]   Project:  project-1
[2026-06-01 08:56:56] [INFO]   Date:     2026-06-10 (Wednesday)
[2026-06-01 08:56:56] [INFO]   Time:     11:15:00
[2026-06-01 08:56:56] [INFO] ============================================
[2026-06-01 08:56:56] [INFO] 
[2026-06-01 08:56:56] [INFO] [YOLO] Finding 'Schedule' button...

[2026-06-01 08:56:56] [CMD] browseros-cli snap -p 293
[2026-06-01 08:56:56] [EXIT] 0
[2026-06-01 08:56:56] [OUT] ---
[942] button "Sort by Views"
[1492] button "Send Feedback"
[1504] button "Close"
[2175] tab "Details"
[2186] tab "Video elements"
[2197] tab "Checks"
[2208] tab "Visibility" (selected)
[11547] button "Click to expand"
[12114] button "Jun 10, 2026"
[12118] button "Jun 10, 2026"
[12144] textbox value="11:15 AM"
[12227] button "Time zone"
[11496] link "Learn more"
[11501] link "Learn more"
[11901] button "Play"
[11904] button "Mute"
[11752] slider "volume"
[11908] button "Settings"
[11933] button "Full screen"
[11529] link "https://youtube.com/shorts/OOiz4OTlWWY"
[11532] button "Copy video link"
[1592] button "Back"
[1606] button "Schedule"
[546] clickable "Inspiration
        


  
      Videos
    


  
        Shorts
      


  
        Live
      


  "
[11508] clickable "Save or publish
        
        
          Make your video public, unlisted, or private
        
  "
[12228] clickable "Default set to local time zone (GMT+0530)"
[2026-06-01 08:56:56] [OUT] ---
[2026-06-01 08:56:56] [INFO] Clicking 'Schedule' button (ref: 1606)...

[2026-06-01 08:56:58] [CMD] browseros-cli click -p 293 1606
[2026-06-01 08:56:58] [EXIT] 0
[2026-06-01 08:56:58] [OUT] ---
Clicked [1606] at (1047, 697)
[2026-06-01 08:56:58] [OUT] ---
[2026-06-01 08:57:08] [INFO] Marking asset 21 as uploaded for youtube...
[2026-06-01 08:57:08] [DEBUG] mark_uploaded output: {"success": true, "id": "21", "platform": "youtube"}
[2026-06-01 08:57:08] [INFO] Marking asset 21 as scheduled for youtube...
[2026-06-01 08:57:08] [DEBUG] mark_scheduled output: {"success": true, "id": "21", "platform": "youtube"}
[2026-06-01 08:57:08] [INFO] Tracker updated for asset 21
[2026-06-01 08:57:08] [INFO] ========================================
[2026-06-01 08:57:08] [INFO]   Phase 9: Close Browser Tab
[2026-06-01 08:57:08] [INFO] ========================================

[2026-06-01 08:57:09] [CMD] browseros-cli close -p 293
[2026-06-01 08:57:09] [EXIT] 0
[2026-06-01 08:57:09] [OUT] ---
Closed page 293
[2026-06-01 08:57:09] [OUT] ---
[2026-06-01 08:57:09] [INFO] Browser tab closed
[2026-06-01 08:57:09] [INFO] ========================================
[2026-06-01 08:57:09] [INFO]   Processing Schedule Entry 2 / 23
[2026-06-01 08:57:09] [INFO] ========================================
[2026-06-01 08:57:09] [INFO] Date: 2026-06-10, Day: Wednesday, Time: 19:15:00
[2026-06-01 08:57:09] [INFO] ========================================
[2026-06-01 08:57:09] [INFO]   Phase 1: Identify Project and Asset
[2026-06-01 08:57:09] [INFO] ========================================
[2026-06-01 08:57:09] [INFO] Fetching mapped post for project 1...
[2026-06-01 08:57:09] [DEBUG] get_mapped_post exit=0 output='ID: 24
Caption: ✨ Spicy & Sour Thai Tom Yum Goong ✨
Recipe: 
Ingredients: 🦐 1 lb jumbo shrimp, 🍗 4 cups chicken stock, 🍋 3 stalks lemongrass, 🫚 1 inch galangal, 🍋 5 kaffir lime leaves, 🍅 3 tbsp fish sauce, 🍋 2 tbsp lime juice, 🌶️ 1 tbsp Thai chili paste (Nam Prik Pao), and straw mushrooms. 
Steps: 👨‍🍳 Bring stock to a boil. 🥣 Add smashed lemongrass, galangal, and lime leaves; simmer for 5 mins. 🔥 Add mushrooms and shrimp; cook until shrimp turn pink. ⏲️ Remove from heat and stir in chili paste, fish sauce, and lime juice. 🍳 Do not boil after adding lime juice. 🔪 Garnish with fresh cilantro and bird's eye chilies.
#tomyum #thaifood #spicy #soup #healthy #asiancuisine #shrimpsoup #thai 🌮🍱'
[2026-06-01 08:57:09] [INFO] Asset ID: 24
[2026-06-01 08:57:09] [INFO] Title length: 35 chars
[2026-06-01 08:57:09] [INFO] Description length: 643 chars
[2026-06-01 08:57:09] [INFO] Asset path: /Users/dsen/Projects/ai-post-maker/project-1/assets/24.mp4
[2026-06-01 08:57:09] [INFO] ========================================
[2026-06-01 08:57:09] [INFO]   Phase 2: Open YouTube Upload Page
[2026-06-01 08:57:09] [INFO] ========================================
[2026-06-01 08:57:09] [INFO] Opening new page: https://www.youtube.com/upload

[2026-06-01 08:57:10] [CMD] browseros-cli open https://www.youtube.com/upload --json
[2026-06-01 08:57:10] [EXIT] 0
[2026-06-01 08:57:10] [OUT] ---
{"background":false,"hidden":false,"pageId":296,"url":"https://www.youtube.com/upload"}
[2026-06-01 08:57:10] [OUT] ---
[2026-06-01 08:57:10] [INFO] Page opened with ID: 296
[2026-06-01 08:57:15] [INFO] Page loaded successfully
[2026-06-01 08:57:15] [INFO] ========================================
[2026-06-01 08:57:15] [INFO]   Phase 3: Upload the Video File
[2026-06-01 08:57:15] [INFO] ========================================
[2026-06-01 08:57:15] [INFO] Exposing hidden file input...

[2026-06-01 08:57:16] [CMD] browseros-cli eval -p 296 document.querySelectorAll('input[type="file"]').forEach((i, idx) => { i.removeAttribute('aria-hidden'); i.style.display='block'; i.style.visibility='visible'; i.style.opacity='1'; i.style.position='static'; i.style.width='100px'; i.style.height='50px'; i.style.zIndex='999999'; i.title='Upload Video File'; });
[2026-06-01 08:57:16] [EXIT] 0
[2026-06-01 08:57:16] [OUT] ---
undefined
[2026-06-01 08:57:16] [OUT] ---
[2026-06-01 08:57:18] [INFO] Taking snapshot to find file input...

[2026-06-01 08:57:19] [CMD] browseros-cli snap -p 296
[2026-06-01 08:57:19] [EXIT] 0
[2026-06-01 08:57:19] [OUT] ---
[9] menuitem "Content"
[365] menuitem "Analytics"
[384] menuitem "Community"
[403] menuitem "Subtitles"
[422] menuitem "Content detection"
[441] menuitem "Earn"
[460] menuitem "Customization"
[479] menuitem "Audio library"
[504] button "Settings"
[517] button "Send feedback"
[565] tab "Inspiration"
[568] tab "Videos" (selected)
[570] tab "Shorts"
[573] tab "Live"
[576] tab "Posts"
[579] tab "Playlists"
[582] tab "Podcasts"
[585] tab "Promotions"
[591] tab "Collaborations"
[12] textbox "Filter"
[792] checkbox
[905] button "Sort by Date"
[942] button "Sort by Views"
[1492] button "Send Feedback"
[1504] button "Close"
[1537] button "Select files"
[1542] button "Choose Files"
[1546] link "Terms of Service"
[1547] link "Community Guidelines"
[1551] link "Learn more"
[546] clickable "Inspiration
        


  
      Videos
    


  
        Shorts
      


  
        Live
      


  "
[2026-06-01 08:57:19] [OUT] ---

[2026-06-01 08:57:20] [CMD] browseros-cli snap -p 296
[2026-06-01 08:57:20] [EXIT] 0
[2026-06-01 08:57:20] [OUT] ---
[9] menuitem "Content"
[365] menuitem "Analytics"
[384] menuitem "Community"
[403] menuitem "Subtitles"
[422] menuitem "Content detection"
[441] menuitem "Earn"
[460] menuitem "Customization"
[479] menuitem "Audio library"
[504] button "Settings"
[517] button "Send feedback"
[565] tab "Inspiration"
[568] tab "Videos" (selected)
[570] tab "Shorts"
[573] tab "Live"
[576] tab "Posts"
[579] tab "Playlists"
[582] tab "Podcasts"
[585] tab "Promotions"
[591] tab "Collaborations"
[12] textbox "Filter"
[792] checkbox
[905] button "Sort by Date"
[942] button "Sort by Views"
[1492] button "Send Feedback"
[1504] button "Close"
[1537] button "Select files"
[1542] button "Choose Files"
[1546] link "Terms of Service"
[1547] link "Community Guidelines"
[1551] link "Learn more"
[546] clickable "Inspiration
        


  
      Videos
    


  
        Shorts
      


  
        Live
      


  "
[2026-06-01 08:57:20] [OUT] ---

[2026-06-01 08:57:21] [CMD] browseros-cli snap -p 296
[2026-06-01 08:57:21] [EXIT] 0
[2026-06-01 08:57:21] [OUT] ---
[9] menuitem "Content"
[365] menuitem "Analytics"
[384] menuitem "Community"
[403] menuitem "Subtitles"
[422] menuitem "Content detection"
[441] menuitem "Earn"
[460] menuitem "Customization"
[479] menuitem "Audio library"
[504] button "Settings"
[517] button "Send feedback"
[565] tab "Inspiration"
[568] tab "Videos" (selected)
[570] tab "Shorts"
[573] tab "Live"
[576] tab "Posts"
[579] tab "Playlists"
[582] tab "Podcasts"
[585] tab "Promotions"
[591] tab "Collaborations"
[12] textbox "Filter"
[792] checkbox
[905] button "Sort by Date"
[942] button "Sort by Views"
[1492] button "Send Feedback"
[1504] button "Close"
[1537] button "Select files"
[1542] button "Choose Files"
[1546] link "Terms of Service"
[1547] link "Community Guidelines"
[1551] link "Learn more"
[546] clickable "Inspiration
        


  
      Videos
    


  
        Shorts
      


  
        Live
      


  "
[2026-06-01 08:57:21] [OUT] ---
[2026-06-01 08:57:21] [INFO] Attempting upload to ref: 1542...

[2026-06-01 08:57:22] [CMD] browseros-cli upload -p 296 1542 /Users/dsen/Projects/ai-post-maker/project-1/assets/24.mp4
[2026-06-01 08:57:22] [EXIT] 0
[2026-06-01 08:57:22] [OUT] ---
Set 1 file(s) on [1542]
[2026-06-01 08:57:22] [OUT] ---
[2026-06-01 08:57:27] [INFO] Waiting for 'Details' screen to appear...

[2026-06-01 08:57:28] [CMD] browseros-cli snap -p 296
[2026-06-01 08:57:28] [EXIT] 0
[2026-06-01 08:57:28] [OUT] ---
[1504] button "Close"
[2151] tab "Details" (selected)
[2162] tab "Video elements"
[2173] tab "Checks"
[2184] tab "Visibility"
[1955] button "Reuse details"
[2264] textbox "Add a title that describes your video (type @ to mention a channel)" value="24" (required)
[2476] button "Add all"
[2377] button "Options"
[2810] button "Personalized suggestion illustration #appetizer"
[2820] button "#strawberry"
[2830] button "Personalized suggestion illustration #baking"
[2014] textbox "Tell viewers about your video (type @ to mention a channel)"
[2227] link "Learn more about playlists"
[2233] button "Select playlists"
[2237] button "Select"
[2060] link "What's content made for kids?"
[2067] link "Learn more about video's audience settings"
[2070] radio "Yes, it's made for kids . Features like personalized ads and notifications won’t be available on videos made for kids. Videos that are set as made for kids by you are more likely to be recommended alongside other kids’ videos. Learn more"
[2074] link "Learn more"
[2075] radio "No, it's not made for kids"
[1999] button "Age restriction (advanced)"
[2148] button "Show advanced settings"
[2210] link "https://youtube.com/shorts/MyTl3Q0nlec"
[2213] button "Copy video link"
[1599] button "Next"
[546] clickable "Inspiration
        


  
      Videos
    


  
        Shorts
      


  
        Live
      


  "
[2380] clickable "The following suggestions were automatically generated based on your existing content. You can add
  and edit them to help viewers discover, understand, and engage with your content."
[2069] clickable "Yes, it's made for kids.
          Features like personalized ads and notifications won’t be availab"
[2026-06-01 08:57:28] [OUT] ---
[2026-06-01 08:57:28] [INFO] Video uploaded and Details screen reached
[2026-06-01 08:57:28] [INFO] ========================================
[2026-06-01 08:57:28] [INFO]   Phase 4: Fill Details
[2026-06-01 08:57:28] [INFO] ========================================
[2026-06-01 08:57:28] [INFO] Finding Title field...

[2026-06-01 08:57:29] [CMD] browseros-cli snap -p 296
[2026-06-01 08:57:29] [EXIT] 0
[2026-06-01 08:57:29] [OUT] ---
[1504] button "Close"
[2151] tab "Details" (selected)
[2162] tab "Video elements"
[2173] tab "Checks"
[2184] tab "Visibility"
[1955] button "Reuse details"
[2264] textbox "Add a title that describes your video (type @ to mention a channel)" value="24" (required)
[2476] button "Add all"
[2377] button "Options"
[2810] button "Personalized suggestion illustration #appetizer"
[2820] button "#strawberry"
[2830] button "Personalized suggestion illustration #baking"
[2014] textbox "Tell viewers about your video (type @ to mention a channel)"
[2227] link "Learn more about playlists"
[2233] button "Select playlists"
[2237] button "Select"
[2060] link "What's content made for kids?"
[2067] link "Learn more about video's audience settings"
[2070] radio "Yes, it's made for kids . Features like personalized ads and notifications won’t be available on videos made for kids. Videos that are set as made for kids by you are more likely to be recommended alongside other kids’ videos. Learn more"
[2074] link "Learn more"
[2075] radio "No, it's not made for kids"
[1999] button "Age restriction (advanced)"
[2148] button "Show advanced settings"
[2210] link "https://youtube.com/shorts/MyTl3Q0nlec"
[2213] button "Copy video link"
[1599] button "Next"
[546] clickable "Inspiration
        


  
      Videos
    


  
        Shorts
      


  
        Live
      


  "
[2380] clickable "The following suggestions were automatically generated based on your existing content. You can add
  and edit them to help viewers discover, understand, and engage with your content."
[2069] clickable "Yes, it's made for kids.
          Features like personalized ads and notifications won’t be availab"
[2026-06-01 08:57:29] [OUT] ---
[2026-06-01 08:57:29] [INFO] Filling Title...

[2026-06-01 08:57:30] [CMD] browseros-cli fill -p 296 2264 ✨ Spicy & Sour Thai Tom Yum Goong ✨
[2026-06-01 08:57:30] [EXIT] 0
[2026-06-01 08:57:30] [OUT] ---
Typed 35 characters into [2264] at (472, 229)
[2026-06-01 08:57:30] [OUT] ---
[2026-06-01 08:57:32] [INFO] Finding Description field...

[2026-06-01 08:57:33] [CMD] browseros-cli snap -p 296
[2026-06-01 08:57:33] [EXIT] 0
[2026-06-01 08:57:33] [OUT] ---
[1504] button "Close"
[2151] tab "Details" (selected)
[2162] tab "Video elements"
[2173] tab "Checks"
[2184] tab "Visibility"
[1955] button "Reuse details"
[2264] textbox "Add a title that describes your video (type @ to mention a channel)" value="✨ Spicy & Sour Thai Tom Yum Goong ✨" (required)
[2476] button "Add all"
[2377] button "Options"
[2810] button "Personalized suggestion illustration #appetizer"
[2820] button "#strawberry"
[2830] button "Personalized suggestion illustration #baking"
[2014] textbox "Tell viewers about your video (type @ to mention a channel)"
[2227] link "Learn more about playlists"
[2233] button "Select playlists"
[2237] button "Select"
[2060] link "What's content made for kids?"
[2067] link "Learn more about video's audience settings"
[2070] radio "Yes, it's made for kids . Features like personalized ads and notifications won’t be available on videos made for kids. Videos that are set as made for kids by you are more likely to be recommended alongside other kids’ videos. Learn more"
[2074] link "Learn more"
[2075] radio "No, it's not made for kids"
[1999] button "Age restriction (advanced)"
[2148] button "Show advanced settings"
[2210] link "https://youtube.com/shorts/MyTl3Q0nlec"
[2213] button "Copy video link"
[1599] button "Next"
[546] clickable "Inspiration
        


  
      Videos
    


  
        Shorts
      


  
        Live
      


  "
[2380] clickable "The following suggestions were automatically generated based on your existing content. You can add
  and edit them to help viewers discover, understand, and engage with your content."
[2069] clickable "Yes, it's made for kids.
          Features like personalized ads and notifications won’t be availab"
[2026-06-01 08:57:33] [OUT] ---
[2026-06-01 08:57:33] [INFO] Filling Description...

[2026-06-01 08:57:36] [CMD] browseros-cli fill -p 296 2014 Recipe: 
Ingredients: 🦐 1 lb jumbo shrimp, 🍗 4 cups chicken stock, 🍋 3 stalks lemongrass, 🫚 1 inch galangal, 🍋 5 kaffir lime leaves, 🍅 3 tbsp fish sauce, 🍋 2 tbsp lime juice, 🌶️ 1 tbsp Thai chili paste (Nam Prik Pao), and straw mushrooms. 
Steps: 👨‍🍳 Bring stock to a boil. 🥣 Add smashed lemongrass, galangal, and lime leaves; simmer for 5 mins. 🔥 Add mushrooms and shrimp; cook until shrimp turn pink. ⏲️ Remove from heat and stir in chili paste, fish sauce, and lime juice. 🍳 Do not boil after adding lime juice. 🔪 Garnish with fresh cilantro and bird's eye chilies.
#tomyum #thaifood #spicy #soup #healthy #asiancuisine #shrimpsoup #thai 🌮🍱
[2026-06-01 08:57:36] [EXIT] 0
[2026-06-01 08:57:36] [OUT] ---
Typed 659 characters into [2014] at (472, 490)
[2026-06-01 08:57:36] [OUT] ---
[2026-06-01 08:57:38] [INFO] Selecting 'Not made for kids'...

[2026-06-01 08:57:39] [CMD] browseros-cli snap -p 296
[2026-06-01 08:57:39] [EXIT] 0
[2026-06-01 08:57:39] [OUT] ---
[905] button "Sort by Date"
[942] button "Sort by Views"
[1492] button "Send Feedback"
[1504] button "Close"
[2151] tab "Details" (selected)
[2162] tab "Video elements"
[2173] tab "Checks"
[2184] tab "Visibility"
[1955] button "Reuse details"
[2264] textbox "Add a title that describes your video (type @ to mention a channel)" value="✨ Spicy & Sour Thai Tom Yum Goong ✨" (required)
[2014] textbox "Tell viewers about your video (type @ to mention a channel)" value="Recipe: 
Ingredients: 🦐 1 lb jumbo shrimp, 🍗 4 cups chicken stock, 🍋 3 stalks lemongrass, 🫚 1 inch galangal, 🍋 5 kaffir lime leaves, 🍅 3 tbsp fish sauce, 🍋 2 tbsp lime juice, 🌶️ 1 tbsp Thai chili paste (Nam Prik Pao), and straw mushrooms. 
Steps: 👨‍🍳 Bring stock to a boil. 🥣 Add smashed lemongrass, galangal, and lime leaves; simmer for 5 mins. 🔥 Add mushrooms and shrimp; cook until shrimp turn pink. ⏲️ Remove from heat and stir in chili paste, fish sauce, and lime juice. 🍳 Do not boil after adding lime juice. 🔪 Garnish with fresh cilantro and bird's eye chilies.
#tomyum #thaifood #spicy #soup #healthy #asiancuisine #shrimpsoup #thai 🌮🍱
"
[2227] link "Learn more about playlists"
[2233] button "Select playlists"
[2237] button "Select"
[2060] link "What's content made for kids?"
[2067] link "Learn more about video's audience settings"
[2070] radio "Yes, it's made for kids . Features like personalized ads and notifications won’t be available on videos made for kids. Videos that are set as made for kids by you are more likely to be recommended alongside other kids’ videos. Learn more"
[2074] link "Learn more"
[2075] radio "No, it's not made for kids"
[1999] button "Age restriction (advanced)"
[2148] button "Show advanced settings"
[2210] link "https://youtube.com/shorts/MyTl3Q0nlec"
[2213] button "Copy video link"
[1599] button "Next"
[546] clickable "Inspiration
        


  
      Videos
    


  
        Shorts
      


  
        Live
      


  "
[2069] clickable "Yes, it's made for kids.
          Features like personalized ads and notifications won’t be availab"
[2026-06-01 08:57:39] [OUT] ---

[2026-06-01 08:57:40] [CMD] browseros-cli click -p 296 2075
[2026-06-01 08:57:40] [EXIT] 0
[2026-06-01 08:57:40] [OUT] ---
Clicked [2075] at (303, 464)
[2026-06-01 08:57:40] [OUT] ---
[2026-06-01 08:57:40] [INFO] Selected 'Not made for kids'
[2026-06-01 08:57:42] [INFO] ========================================
[2026-06-01 08:57:42] [INFO]   Phase 5: Navigate to Visibility Screen
[2026-06-01 08:57:42] [INFO] ========================================

[2026-06-01 08:57:43] [CMD] browseros-cli snap -p 296
[2026-06-01 08:57:43] [EXIT] 0
[2026-06-01 08:57:43] [OUT] ---
[905] button "Sort by Date"
[942] button "Sort by Views"
[1492] button "Send Feedback"
[1504] button "Close"
[2151] tab "Details" (selected)
[2162] tab "Video elements"
[2173] tab "Checks"
[2184] tab "Visibility"
[1955] button "Reuse details"
[2264] textbox "Add a title that describes your video (type @ to mention a channel)" value="✨ Spicy & Sour Thai Tom Yum Goong ✨" (required)
[2014] textbox "Tell viewers about your video (type @ to mention a channel)" value="Recipe: 
Ingredients: 🦐 1 lb jumbo shrimp, 🍗 4 cups chicken stock, 🍋 3 stalks lemongrass, 🫚 1 inch galangal, 🍋 5 kaffir lime leaves, 🍅 3 tbsp fish sauce, 🍋 2 tbsp lime juice, 🌶️ 1 tbsp Thai chili paste (Nam Prik Pao), and straw mushrooms. 
Steps: 👨‍🍳 Bring stock to a boil. 🥣 Add smashed lemongrass, galangal, and lime leaves; simmer for 5 mins. 🔥 Add mushrooms and shrimp; cook until shrimp turn pink. ⏲️ Remove from heat and stir in chili paste, fish sauce, and lime juice. 🍳 Do not boil after adding lime juice. 🔪 Garnish with fresh cilantro and bird's eye chilies.
#tomyum #thaifood #spicy #soup #healthy #asiancuisine #shrimpsoup #thai 🌮🍱
"
[2227] link "Learn more about playlists"
[2233] button "Select playlists"
[2237] button "Select"
[2060] link "What's content made for kids?"
[2067] link "Learn more about video's audience settings"
[2070] radio "Yes, it's made for kids . Features like personalized ads and notifications won’t be available on videos made for kids. Videos that are set as made for kids by you are more likely to be recommended alongside other kids’ videos. Learn more"
[2074] link "Learn more"
[2075] radio "No, it's not made for kids"
[1999] button "Age restriction (advanced)"
[2148] button "Show advanced settings"
[2210] link "https://youtube.com/shorts/MyTl3Q0nlec"
[2213] button "Copy video link"
[1599] button "Next"
[546] clickable "Inspiration
        


  
      Videos
    


  
        Shorts
      


  
        Live
      


  "
[2069] clickable "Yes, it's made for kids.
          Features like personalized ads and notifications won’t be availab"
[2026-06-01 08:57:43] [OUT] ---
[2026-06-01 08:57:43] [INFO] Clicking Next (1/3)...

[2026-06-01 08:57:44] [CMD] browseros-cli click -p 296 1599
[2026-06-01 08:57:44] [EXIT] 0
[2026-06-01 08:57:44] [OUT] ---
Clicked [1599] at (1061, 697)
[2026-06-01 08:57:44] [OUT] ---

[2026-06-01 08:57:48] [CMD] browseros-cli snap -p 296
[2026-06-01 08:57:48] [EXIT] 0
[2026-06-01 08:57:48] [OUT] ---
[422] menuitem "Content detection"
[441] menuitem "Earn"
[460] menuitem "Customization"
[479] menuitem "Audio library"
[504] button "Settings"
[517] button "Send feedback"
[565] tab "Inspiration"
[568] tab "Videos" (selected)
[570] tab "Shorts"
[573] tab "Live"
[576] tab "Posts"
[579] tab "Playlists"
[582] tab "Podcasts"
[585] tab "Promotions"
[591] tab "Collaborations"
[12] textbox "Filter"
[792] checkbox
[905] button "Sort by Date"
[942] button "Sort by Views"
[1492] button "Send Feedback"
[1504] button "Close"
[2151] tab "Details"
[2162] tab "Video elements" (selected)
[2173] tab "Checks"
[2184] tab "Visibility"
[11257] link "Learn more"
[11495] button "Add"
[11301] button "Add" (disabled)
[1592] button "Back"
[1599] button "Next"
[546] clickable "Inspiration
        


  
      Videos
    


  
        Shorts
      


  
        Live
      


  "
[2026-06-01 08:57:48] [OUT] ---

[2026-06-01 08:57:49] [CMD] browseros-cli snap -p 296
[2026-06-01 08:57:49] [EXIT] 0
[2026-06-01 08:57:49] [OUT] ---
[422] menuitem "Content detection"
[441] menuitem "Earn"
[460] menuitem "Customization"
[479] menuitem "Audio library"
[504] button "Settings"
[517] button "Send feedback"
[565] tab "Inspiration"
[568] tab "Videos" (selected)
[570] tab "Shorts"
[573] tab "Live"
[576] tab "Posts"
[579] tab "Playlists"
[582] tab "Podcasts"
[585] tab "Promotions"
[591] tab "Collaborations"
[12] textbox "Filter"
[792] checkbox
[905] button "Sort by Date"
[942] button "Sort by Views"
[1492] button "Send Feedback"
[1504] button "Close"
[2151] tab "Details"
[2162] tab "Video elements" (selected)
[2173] tab "Checks"
[2184] tab "Visibility"
[11257] link "Learn more"
[11495] button "Add"
[11301] button "Add" (disabled)
[1592] button "Back"
[1599] button "Next"
[546] clickable "Inspiration
        


  
      Videos
    


  
        Shorts
      


  
        Live
      


  "
[2026-06-01 08:57:49] [OUT] ---
[2026-06-01 08:57:49] [INFO] Clicking Next (2/3)...

[2026-06-01 08:57:50] [CMD] browseros-cli click -p 296 1599
[2026-06-01 08:57:50] [EXIT] 0
[2026-06-01 08:57:50] [OUT] ---
Clicked [1599] at (1061, 697)
[2026-06-01 08:57:50] [OUT] ---

[2026-06-01 08:57:54] [CMD] browseros-cli snap -p 296
[2026-06-01 08:57:54] [EXIT] 0
[2026-06-01 08:57:54] [OUT] ---
[460] menuitem "Customization"
[479] menuitem "Audio library"
[504] button "Settings"
[517] button "Send feedback"
[565] tab "Inspiration"
[568] tab "Videos" (selected)
[570] tab "Shorts"
[573] tab "Live"
[576] tab "Posts"
[579] tab "Playlists"
[582] tab "Podcasts"
[585] tab "Promotions"
[591] tab "Collaborations"
[12] textbox "Filter"
[792] checkbox
[905] button "Sort by Date"
[942] button "Sort by Views"
[1492] button "Send Feedback"
[1504] button "Close"
[2151] tab "Details"
[2162] tab "Video elements"
[2173] tab "Checks" (selected)
[2184] tab "Visibility"
[11712] link "Learn more"
[11757] link "Learn more"
[11724] button "Send feedback"
[1592] button "Back"
[1599] button "Next"
[546] clickable "Inspiration
        


  
      Videos
    


  
        Shorts
      


  
        Live
      


  "
[11723] clickable "Send feedback"
[11725] clickable "Send feedback"
[2026-06-01 08:57:54] [OUT] ---

[2026-06-01 08:57:55] [CMD] browseros-cli snap -p 296
[2026-06-01 08:57:55] [EXIT] 0
[2026-06-01 08:57:55] [OUT] ---
[460] menuitem "Customization"
[479] menuitem "Audio library"
[504] button "Settings"
[517] button "Send feedback"
[565] tab "Inspiration"
[568] tab "Videos" (selected)
[570] tab "Shorts"
[573] tab "Live"
[576] tab "Posts"
[579] tab "Playlists"
[582] tab "Podcasts"
[585] tab "Promotions"
[591] tab "Collaborations"
[12] textbox "Filter"
[792] checkbox
[905] button "Sort by Date"
[942] button "Sort by Views"
[1492] button "Send Feedback"
[1504] button "Close"
[2151] tab "Details"
[2162] tab "Video elements"
[2173] tab "Checks" (selected)
[2184] tab "Visibility"
[11712] link "Learn more"
[11757] link "Learn more"
[11724] button "Send feedback"
[1592] button "Back"
[1599] button "Next"
[546] clickable "Inspiration
        


  
      Videos
    


  
        Shorts
      


  
        Live
      


  "
[11723] clickable "Send feedback"
[11725] clickable "Send feedback"
[2026-06-01 08:57:55] [OUT] ---
[2026-06-01 08:57:55] [INFO] Clicking Next (3/3)...

[2026-06-01 08:57:56] [CMD] browseros-cli click -p 296 1599
[2026-06-01 08:57:56] [EXIT] 0
[2026-06-01 08:57:56] [OUT] ---
Clicked [1599] at (1061, 697)
[2026-06-01 08:57:56] [OUT] ---

[2026-06-01 08:58:00] [CMD] browseros-cli snap -p 296
[2026-06-01 08:58:00] [EXIT] 0
[2026-06-01 08:58:00] [OUT] ---
[12196] radio "Private"
[12206] radio "Unlisted"
[12215] radio "Public"
[11927] button "Click to expand"
[11862] link "Learn more"
[11867] link "Learn more"
[12149] button "Play"
[12152] button "Mute"
[11978] slider "volume"
[12156] button "Settings"
[12181] button "Full screen"
[11895] link "https://youtube.com/shorts/MyTl3Q0nlec"
[11898] button "Copy video link"
[1592] button "Back"
[1606] button "Save"
[546] clickable "Inspiration
        


  
      Videos
    


  
        Shorts
      


  
        Live
      


  "
[11938] clickable "Private
          

          
          
            
              Only you and people you choose "
[11921] clickable "Schedule
      
        
          Select a date to make your video public.
        
      
      
 "
[2026-06-01 08:58:00] [OUT] ---
[2026-06-01 08:58:00] [INFO] Reached Visibility screen
[2026-06-01 08:58:00] [INFO] ========================================
[2026-06-01 08:58:00] [INFO]   Phase 6: Open Scheduling Options
[2026-06-01 08:58:00] [INFO] ========================================
[2026-06-01 08:58:00] [INFO] Clicking 'Schedule' option...

[2026-06-01 08:58:01] [CMD] browseros-cli snap -p 296
[2026-06-01 08:58:01] [EXIT] 0
[2026-06-01 08:58:01] [OUT] ---
[12196] radio "Private"
[12206] radio "Unlisted"
[12215] radio "Public"
[11927] button "Click to expand"
[11862] link "Learn more"
[11867] link "Learn more"
[12149] button "Play"
[12152] button "Mute"
[11978] slider "volume"
[12156] button "Settings"
[12181] button "Full screen"
[11895] link "https://youtube.com/shorts/MyTl3Q0nlec"
[11898] button "Copy video link"
[1592] button "Back"
[1606] button "Save"
[546] clickable "Inspiration
        


  
      Videos
    


  
        Shorts
      


  
        Live
      


  "
[11938] clickable "Private
          

          
          
            
              Only you and people you choose "
[11921] clickable "Schedule
      
        
          Select a date to make your video public.
        
      
      
 "
[2026-06-01 08:58:01] [OUT] ---

[2026-06-01 08:58:02] [CMD] browseros-cli click -p 296 11921
[2026-06-01 08:58:02] [EXIT] 0
[2026-06-01 08:58:02] [OUT] ---
Clicked [11921] at (472, 574)
[2026-06-01 08:58:02] [OUT] ---
[2026-06-01 08:58:04] [INFO] ========================================
[2026-06-01 08:58:04] [INFO]   Phase 7: Fill Date and Time
[2026-06-01 08:58:04] [INFO] ========================================
[2026-06-01 08:58:04] [INFO] Setting date: Jun 10, 2026, time: 7:15 PM
[2026-06-01 08:58:04] [INFO] Opening date picker...

[2026-06-01 08:58:05] [CMD] browseros-cli snap -p 296
[2026-06-01 08:58:05] [EXIT] 0
[2026-06-01 08:58:05] [OUT] ---
[942] button "Sort by Views"
[1492] button "Send Feedback"
[1504] button "Close"
[2151] tab "Details"
[2162] tab "Video elements"
[2173] tab "Checks"
[2184] tab "Visibility" (selected)
[11913] button "Click to expand"
[12448] button "Jun 2, 2026"
[12452] button "Jun 2, 2026"
[12478] textbox value="12:00 AM"
[12561] button "Time zone"
[11862] link "Learn more"
[11867] link "Learn more"
[12149] button "Play"
[12152] button "Mute"
[11978] slider "volume"
[12156] button "Settings"
[12181] button "Full screen"
[11895] link "https://youtube.com/shorts/MyTl3Q0nlec"
[11898] button "Copy video link"
[1592] button "Back"
[1606] button "Schedule"
[546] clickable "Inspiration
        


  
      Videos
    


  
        Shorts
      


  
        Live
      


  "
[11874] clickable "Save or publish
        
        
          Make your video public, unlisted, or private
        
  "
[12562] clickable "Default set to local time zone (GMT+0530)"
[2026-06-01 08:58:05] [OUT] ---

[2026-06-01 08:58:06] [CMD] browseros-cli click -p 296 12448
[2026-06-01 08:58:06] [EXIT] 0
[2026-06-01 08:58:06] [OUT] ---
Clicked [12448] at (310, 490)
[2026-06-01 08:58:06] [OUT] ---

[2026-06-01 08:58:10] [CMD] browseros-cli snap -p 296
[2026-06-01 08:58:10] [EXIT] 0
[2026-06-01 08:58:10] [OUT] ---
[12817] clickable "13"
[12818] clickable "14"
[12819] clickable "15"
[12820] clickable "16"
[12821] clickable "17"
[12822] clickable "18"
[12823] clickable "19"
[12824] clickable "20"
[12825] clickable "21"
[12826] clickable "22"
[12827] clickable "23"
[12828] clickable "24"
[12829] clickable "25"
[12830] clickable "26"
[12831] clickable "27"
[12832] clickable "28"
[12833] clickable "29"
[12834] clickable "30"
[12835] clickable "31"
[12843] clickable "1"
[12844] clickable "2"
[12845] clickable "3"
[12846] clickable "4"
[12847] clickable "5"
[12848] clickable "6"
[12849] clickable "7"
[12850] clickable "8"
[12851] clickable "9"
[12852] clickable "10"
[12853] clickable "11"
[12854] clickable "12"
[12855] clickable "13"
[12856] clickable "14"
[12857] clickable "15"
[12858] clickable "16"
[12859] clickable "17"
[12860] clickable "18"
[12861] clickable "19"
[12862] clickable "20"
[12863] clickable "21"
[12864] clickable "22"
[12865] clickable "23"
[12866] clickable "24"
[12867] clickable "25"
[12868] clickable "26"
[12869] clickable "27"
[12870] clickable "28"
[12871] clickable "29"
[12872] clickable "30"
[12873] clickable "31"
[2026-06-01 08:58:10] [OUT] ---

[2026-06-01 08:58:11] [CMD] browseros-cli fill -p 296 12657 Jun 10, 2026
[2026-06-01 08:58:11] [EXIT] 0
[2026-06-01 08:58:11] [OUT] ---
Typed 12 characters into [12657] at (327, 124)
[2026-06-01 08:58:11] [OUT] ---

[2026-06-01 08:58:13] [CMD] browseros-cli key -p 296 Enter
[2026-06-01 08:58:13] [EXIT] 0
[2026-06-01 08:58:13] [OUT] ---
Pressed Enter
[2026-06-01 08:58:13] [OUT] ---
[2026-06-01 08:58:15] [INFO] Setting time...

[2026-06-01 08:58:16] [CMD] browseros-cli snap -p 296
[2026-06-01 08:58:16] [EXIT] 0
[2026-06-01 08:58:16] [OUT] ---
[585] tab "Promotions"
[591] tab "Collaborations"
[12] textbox "Filter"
[792] checkbox
[905] button "Sort by Date"
[942] button "Sort by Views"
[1492] button "Send Feedback"
[1504] button "Close"
[2151] tab "Details"
[2162] tab "Video elements"
[2173] tab "Checks"
[2184] tab "Visibility" (selected)
[11913] button "Click to expand"
[12448] button "Jun 10, 2026"
[12452] button "Jun 10, 2026"
[12478] textbox value="12:00 AM"
[12561] button "Time zone"
[11862] link "Learn more"
[11867] link "Learn more"
[11895] link "https://youtube.com/shorts/MyTl3Q0nlec"
[11898] button "Copy video link"
[1592] button "Back"
[1606] button "Schedule"
[546] clickable "Inspiration
        


  
      Videos
    


  
        Shorts
      


  
        Live
      


  "
[11874] clickable "Save or publish
        
        
          Make your video public, unlisted, or private
        
  "
[12562] clickable "Default set to local time zone (GMT+0530)"
[2026-06-01 08:58:16] [OUT] ---
[2026-06-01 08:58:16] [INFO] Clicking time input box to open dropdown...

[2026-06-01 08:58:17] [CMD] browseros-cli click -p 296 12478
[2026-06-01 08:58:17] [EXIT] 0
[2026-06-01 08:58:17] [OUT] ---
Clicked [12478] at (466, 490)
[2026-06-01 08:58:17] [OUT] ---

[2026-06-01 08:58:20] [CMD] browseros-cli snap -p 296
[2026-06-01 08:58:20] [EXIT] 0
[2026-06-01 08:58:20] [OUT] ---
[13494] option "6:15 PM"
[13495] option "6:30 PM"
[13496] option "6:45 PM"
[13497] option "7:00 PM"
[13498] option "7:15 PM"
[13499] option "7:30 PM"
[13500] option "7:45 PM"
[13501] option "8:00 PM"
[13502] option "8:15 PM"
[13503] option "8:30 PM"
[13504] option "8:45 PM"
[13505] option "9:00 PM"
[13506] option "9:15 PM"
[13507] option "9:30 PM"
[13508] option "9:45 PM"
[13509] option "10:00 PM"
[13510] option "10:15 PM"
[13511] option "10:30 PM"
[13512] option "10:45 PM"
[13513] option "11:00 PM"
[13514] option "11:15 PM"
[13515] option "11:30 PM"
[13516] option "11:45 PM"
[546] clickable "Inspiration
        


  
      Videos
    


  
        Shorts
      


  
        Live
      


  "
[11874] clickable "Save or publish
        
        
          Make your video public, unlisted, or private
        
  "
[12562] clickable "Default set to local time zone (GMT+0530)"
[2026-06-01 08:58:20] [OUT] ---
[2026-06-01 08:58:20] [INFO] Clicking time option ref: 13498 for 7:15 PM

[2026-06-01 08:58:21] [CMD] browseros-cli click -p 296 13498
[2026-06-01 08:58:21] [EXIT] 0
[2026-06-01 08:58:21] [OUT] ---
Clicked [13498] at (466, 316)
[2026-06-01 08:58:21] [OUT] ---
[2026-06-01 08:58:23] [INFO] Date and time filled successfully
[2026-06-01 08:58:23] [INFO] ========================================
[2026-06-01 08:58:23] [INFO]   Phase 8: User Verification
[2026-06-01 08:58:23] [INFO] ========================================
[2026-06-01 08:58:23] [INFO] 
[2026-06-01 08:58:23] [INFO] ============================================
[2026-06-01 08:58:23] [INFO]   SCHEDULED REEL REVIEW
[2026-06-01 08:58:23] [INFO] ============================================
[2026-06-01 08:58:23] [INFO]   Asset ID: 24
[2026-06-01 08:58:23] [INFO]   Project:  project-1
[2026-06-01 08:58:23] [INFO]   Date:     2026-06-10 (Wednesday)
[2026-06-01 08:58:23] [INFO]   Time:     19:15:00
[2026-06-01 08:58:23] [INFO] ============================================
[2026-06-01 08:58:23] [INFO] 
[2026-06-01 08:58:23] [INFO] [YOLO] Finding 'Schedule' button...

[2026-06-01 08:58:24] [CMD] browseros-cli snap -p 296
[2026-06-01 08:58:24] [EXIT] 0
[2026-06-01 08:58:24] [OUT] ---
[942] button "Sort by Views"
[1492] button "Send Feedback"
[1504] button "Close"
[2151] tab "Details"
[2162] tab "Video elements"
[2173] tab "Checks"
[2184] tab "Visibility" (selected)
[11913] button "Click to expand"
[12448] button "Jun 10, 2026"
[12452] button "Jun 10, 2026"
[12478] textbox value="7:15 PM"
[12561] button "Time zone"
[11862] link "Learn more"
[11867] link "Learn more"
[12149] button "Play"
[12152] button "Mute"
[11978] slider "volume"
[12156] button "Settings"
[12181] button "Full screen"
[11895] link "https://youtube.com/shorts/MyTl3Q0nlec"
[11898] button "Copy video link"
[1592] button "Back"
[1606] button "Schedule"
[546] clickable "Inspiration
        


  
      Videos
    


  
        Shorts
      


  
        Live
      


  "
[11874] clickable "Save or publish
        
        
          Make your video public, unlisted, or private
        
  "
[12562] clickable "Default set to local time zone (GMT+0530)"
[2026-06-01 08:58:24] [OUT] ---
[2026-06-01 08:58:24] [INFO] Clicking 'Schedule' button (ref: 1606)...

[2026-06-01 08:58:25] [CMD] browseros-cli click -p 296 1606
[2026-06-01 08:58:25] [EXIT] 0
[2026-06-01 08:58:25] [OUT] ---
Clicked [1606] at (1047, 697)
[2026-06-01 08:58:25] [OUT] ---
[2026-06-01 08:58:35] [INFO] Marking asset 24 as uploaded for youtube...
[2026-06-01 08:58:35] [DEBUG] mark_uploaded output: {"success": true, "id": "24", "platform": "youtube"}
[2026-06-01 08:58:35] [INFO] Marking asset 24 as scheduled for youtube...
[2026-06-01 08:58:35] [DEBUG] mark_scheduled output: {"success": true, "id": "24", "platform": "youtube"}
[2026-06-01 08:58:35] [INFO] Tracker updated for asset 24
[2026-06-01 08:58:35] [INFO] ========================================
[2026-06-01 08:58:35] [INFO]   Phase 9: Close Browser Tab
[2026-06-01 08:58:35] [INFO] ========================================

[2026-06-01 08:58:36] [CMD] browseros-cli close -p 296
[2026-06-01 08:58:36] [EXIT] 0
[2026-06-01 08:58:36] [OUT] ---
Closed page 296
[2026-06-01 08:58:36] [OUT] ---
[2026-06-01 08:58:36] [INFO] Browser tab closed
[2026-06-01 08:58:36] [INFO] ========================================
[2026-06-01 08:58:36] [INFO]   Processing Schedule Entry 3 / 23
[2026-06-01 08:58:36] [INFO] ========================================
[2026-06-01 08:58:36] [INFO] Date: 2026-06-11, Day: Thursday, Time: 08:45:00
[2026-06-01 08:58:36] [INFO] ========================================
[2026-06-01 08:58:36] [INFO]   Phase 1: Identify Project and Asset
[2026-06-01 08:58:36] [INFO] ========================================
[2026-06-01 08:58:36] [INFO] Fetching mapped post for project 1...
[2026-06-01 08:58:36] [DEBUG] get_mapped_post exit=0 output='ID: 25
Caption: 🍖 Fall-Off-The-Bone BBQ Pork Ribs 🐷
Recipe: 
Ingredients: 🍖 1 rack baby back ribs, 🍬 1/4 cup dry rub (brown sugar, 🌶️ paprika, 🧄 garlic, 🧅 onion), 🍅 1 cup hickory BBQ sauce, 🍎 1/2 cup apple juice (for spritzing). 
Steps: 👨‍🍳 Remove the membrane from the back of the ribs. 🥣 Apply dry rub generously. 🔥 Bake or smoke at 275°F (135°C) for 3 hours, spritzing with apple juice every 45 mins. ⏲️ Wrap in foil with a bit of butter and sauce for 1 hour. 🍳 Unwrap, brush with more sauce, and grill for 10 mins to caramelize the glaze.
#bbqribs #porkribs #grilling #barbecue #meat #dinner #sticky #ribs 🌮🍱'
[2026-06-01 08:58:36] [INFO] Asset ID: 25
[2026-06-01 08:58:36] [INFO] Title length: 35 chars
[2026-06-01 08:58:36] [INFO] Description length: 560 chars
[2026-06-01 08:58:36] [INFO] Asset path: /Users/dsen/Projects/ai-post-maker/project-1/assets/25.mp4
[2026-06-01 08:58:36] [INFO] ========================================
[2026-06-01 08:58:36] [INFO]   Phase 2: Open YouTube Upload Page
[2026-06-01 08:58:36] [INFO] ========================================
[2026-06-01 08:58:36] [INFO] Opening new page: https://www.youtube.com/upload

[2026-06-01 08:58:37] [CMD] browseros-cli open https://www.youtube.com/upload --json
[2026-06-01 08:58:37] [EXIT] 0
[2026-06-01 08:58:37] [OUT] ---
{"background":false,"hidden":false,"pageId":298,"url":"https://www.youtube.com/upload"}
[2026-06-01 08:58:37] [OUT] ---
[2026-06-01 08:58:37] [INFO] Page opened with ID: 298
[2026-06-01 08:58:42] [INFO] Page loaded successfully
[2026-06-01 08:58:42] [INFO] ========================================
[2026-06-01 08:58:42] [INFO]   Phase 3: Upload the Video File
[2026-06-01 08:58:42] [INFO] ========================================
[2026-06-01 08:58:42] [INFO] Exposing hidden file input...

[2026-06-01 08:58:43] [CMD] browseros-cli eval -p 298 document.querySelectorAll('input[type="file"]').forEach((i, idx) => { i.removeAttribute('aria-hidden'); i.style.display='block'; i.style.visibility='visible'; i.style.opacity='1'; i.style.position='static'; i.style.width='100px'; i.style.height='50px'; i.style.zIndex='999999'; i.title='Upload Video File'; });
[2026-06-01 08:58:43] [EXIT] 0
[2026-06-01 08:58:43] [OUT] ---
undefined
[2026-06-01 08:58:43] [OUT] ---
[2026-06-01 08:58:45] [INFO] Taking snapshot to find file input...

[2026-06-01 08:58:46] [CMD] browseros-cli snap -p 298
[2026-06-01 08:58:46] [EXIT] 0
[2026-06-01 08:58:46] [OUT] ---
[345] menuitem "Content"
[365] menuitem "Analytics"
[384] menuitem "Community"
[403] menuitem "Subtitles"
[422] menuitem "Content detection"
[441] menuitem "Earn"
[460] menuitem "Customization"
[479] menuitem "Audio library"
[504] button "Settings"
[517] button "Send feedback"
[565] tab "Inspiration"
[568] tab "Videos" (selected)
[570] tab "Shorts"
[573] tab "Live"
[576] tab "Posts"
[579] tab "Playlists"
[582] tab "Podcasts"
[585] tab "Promotions"
[591] tab "Collaborations"
[11] textbox "Filter"
[792] checkbox
[905] button "Sort by Date"
[942] button "Sort by Views"
[1492] button "Send Feedback"
[1504] button "Close"
[1537] button "Select files"
[1542] button "Choose Files"
[1546] link "Terms of Service"
[1547] link "Community Guidelines"
[1551] link "Learn more"
[546] clickable "Inspiration
        


  
      Videos
    


  
        Shorts
      


  
        Live
      


  "
[2026-06-01 08:58:46] [OUT] ---

[2026-06-01 08:58:47] [CMD] browseros-cli snap -p 298
[2026-06-01 08:58:47] [EXIT] 0
[2026-06-01 08:58:47] [OUT] ---
[345] menuitem "Content"
[365] menuitem "Analytics"
[384] menuitem "Community"
[403] menuitem "Subtitles"
[422] menuitem "Content detection"
[441] menuitem "Earn"
[460] menuitem "Customization"
[479] menuitem "Audio library"
[504] button "Settings"
[517] button "Send feedback"
[565] tab "Inspiration"
[568] tab "Videos" (selected)
[570] tab "Shorts"
[573] tab "Live"
[576] tab "Posts"
[579] tab "Playlists"
[582] tab "Podcasts"
[585] tab "Promotions"
[591] tab "Collaborations"
[11] textbox "Filter"
[792] checkbox
[905] button "Sort by Date"
[942] button "Sort by Views"
[1492] button "Send Feedback"
[1504] button "Close"
[1537] button "Select files"
[1542] button "Choose Files"
[1546] link "Terms of Service"
[1547] link "Community Guidelines"
[1551] link "Learn more"
[546] clickable "Inspiration
        


  
      Videos
    


  
        Shorts
      


  
        Live
      


  "
[2026-06-01 08:58:47] [OUT] ---

[2026-06-01 08:58:48] [CMD] browseros-cli snap -p 298
[2026-06-01 08:58:48] [EXIT] 0
[2026-06-01 08:58:48] [OUT] ---
[345] menuitem "Content"
[365] menuitem "Analytics"
[384] menuitem "Community"
[403] menuitem "Subtitles"
[422] menuitem "Content detection"
[441] menuitem "Earn"
[460] menuitem "Customization"
[479] menuitem "Audio library"
[504] button "Settings"
[517] button "Send feedback"
[565] tab "Inspiration"
[568] tab "Videos" (selected)
[570] tab "Shorts"
[573] tab "Live"
[576] tab "Posts"
[579] tab "Playlists"
[582] tab "Podcasts"
[585] tab "Promotions"
[591] tab "Collaborations"
[11] textbox "Filter"
[792] checkbox
[905] button "Sort by Date"
[942] button "Sort by Views"
[1492] button "Send Feedback"
[1504] button "Close"
[1537] button "Select files"
[1542] button "Choose Files"
[1546] link "Terms of Service"
[1547] link "Community Guidelines"
[1551] link "Learn more"
[546] clickable "Inspiration
        


  
      Videos
    


  
        Shorts
      


  
        Live
      


  "
[2026-06-01 08:58:48] [OUT] ---
[2026-06-01 08:58:48] [INFO] Attempting upload to ref: 1542...

[2026-06-01 08:58:49] [CMD] browseros-cli upload -p 298 1542 /Users/dsen/Projects/ai-post-maker/project-1/assets/25.mp4
[2026-06-01 08:58:49] [EXIT] 0
[2026-06-01 08:58:49] [OUT] ---
Set 1 file(s) on [1542]
[2026-06-01 08:58:49] [OUT] ---
[2026-06-01 08:58:54] [INFO] Waiting for 'Details' screen to appear...

[2026-06-01 08:58:55] [CMD] browseros-cli snap -p 298
[2026-06-01 08:58:55] [EXIT] 0
[2026-06-01 08:58:55] [OUT] ---
[1504] button "Close"
[2174] tab "Details" (selected)
[2185] tab "Video elements"
[2196] tab "Checks"
[2207] tab "Visibility"
[1971] button "Reuse details"
[2287] textbox "Add a title that describes your video (type @ to mention a channel)" value="25" (required)
[2514] button "Add all"
[2400] button "Options"
[2803] button "Personalized suggestion illustration #appetizer"
[2813] button "#strawberry"
[2823] button "Personalized suggestion illustration #baking"
[2030] textbox "Tell viewers about your video (type @ to mention a channel)"
[2250] link "Learn more about playlists"
[2256] button "Select playlists"
[2260] button "Select"
[2083] link "What's content made for kids?"
[2090] link "Learn more about video's audience settings"
[2093] radio "Yes, it's made for kids . Features like personalized ads and notifications won’t be available on videos made for kids. Videos that are set as made for kids by you are more likely to be recommended alongside other kids’ videos. Learn more"
[2097] link "Learn more"
[2098] radio "No, it's not made for kids"
[2015] button "Age restriction (advanced)"
[2171] button "Show advanced settings"
[2233] link "https://youtube.com/shorts/Qu6E7zOGRJQ"
[2236] button "Copy video link"
[1599] button "Next"
[546] clickable "Inspiration
        


  
      Videos
    


  
        Shorts
      


  
        Live
      


  "
[2403] clickable "The following suggestions were automatically generated based on your existing content. You can add
  and edit them to help viewers discover, understand, and engage with your content."
[2092] clickable "Yes, it's made for kids.
          Features like personalized ads and notifications won’t be availab"
[2026-06-01 08:58:55] [OUT] ---
[2026-06-01 08:58:55] [INFO] Video uploaded and Details screen reached
[2026-06-01 08:58:55] [INFO] ========================================
[2026-06-01 08:58:55] [INFO]   Phase 4: Fill Details
[2026-06-01 08:58:55] [INFO] ========================================
[2026-06-01 08:58:55] [INFO] Finding Title field...

[2026-06-01 08:58:56] [CMD] browseros-cli snap -p 298
[2026-06-01 08:58:56] [EXIT] 0
[2026-06-01 08:58:56] [OUT] ---
[1504] button "Close"
[2174] tab "Details" (selected)
[2185] tab "Video elements"
[2196] tab "Checks"
[2207] tab "Visibility"
[1971] button "Reuse details"
[2287] textbox "Add a title that describes your video (type @ to mention a channel)" value="25" (required)
[2514] button "Add all"
[2400] button "Options"
[2803] button "Personalized suggestion illustration #appetizer"
[2813] button "#strawberry"
[2823] button "Personalized suggestion illustration #baking"
[2030] textbox "Tell viewers about your video (type @ to mention a channel)"
[2250] link "Learn more about playlists"
[2256] button "Select playlists"
[2260] button "Select"
[2083] link "What's content made for kids?"
[2090] link "Learn more about video's audience settings"
[2093] radio "Yes, it's made for kids . Features like personalized ads and notifications won’t be available on videos made for kids. Videos that are set as made for kids by you are more likely to be recommended alongside other kids’ videos. Learn more"
[2097] link "Learn more"
[2098] radio "No, it's not made for kids"
[2015] button "Age restriction (advanced)"
[2171] button "Show advanced settings"
[2233] link "https://youtube.com/shorts/Qu6E7zOGRJQ"
[2236] button "Copy video link"
[1599] button "Next"
[546] clickable "Inspiration
        


  
      Videos
    


  
        Shorts
      


  
        Live
      


  "
[2403] clickable "The following suggestions were automatically generated based on your existing content. You can add
  and edit them to help viewers discover, understand, and engage with your content."
[2092] clickable "Yes, it's made for kids.
          Features like personalized ads and notifications won’t be availab"
[2026-06-01 08:58:56] [OUT] ---
[2026-06-01 08:58:56] [INFO] Filling Title...

[2026-06-01 08:58:57] [CMD] browseros-cli fill -p 298 2287 🍖 Fall-Off-The-Bone BBQ Pork Ribs 🐷
[2026-06-01 08:58:57] [EXIT] 0
[2026-06-01 08:58:57] [OUT] ---
Typed 37 characters into [2287] at (472, 229)
[2026-06-01 08:58:57] [OUT] ---
[2026-06-01 08:58:59] [INFO] Finding Description field...

[2026-06-01 08:59:00] [CMD] browseros-cli snap -p 298
[2026-06-01 08:59:00] [EXIT] 0
[2026-06-01 08:59:00] [OUT] ---
[1504] button "Close"
[2174] tab "Details" (selected)
[2185] tab "Video elements"
[2196] tab "Checks"
[2207] tab "Visibility"
[1971] button "Reuse details"
[2287] textbox "Add a title that describes your video (type @ to mention a channel)" value="🍖 Fall-Off-The-Bone BBQ Pork Ribs 🐷" (required)
[2514] button "Add all"
[2400] button "Options"
[2803] button "Personalized suggestion illustration #appetizer"
[2813] button "#strawberry"
[2823] button "Personalized suggestion illustration #baking"
[2030] textbox "Tell viewers about your video (type @ to mention a channel)"
[2250] link "Learn more about playlists"
[2256] button "Select playlists"
[2260] button "Select"
[2083] link "What's content made for kids?"
[2090] link "Learn more about video's audience settings"
[2093] radio "Yes, it's made for kids . Features like personalized ads and notifications won’t be available on videos made for kids. Videos that are set as made for kids by you are more likely to be recommended alongside other kids’ videos. Learn more"
[2097] link "Learn more"
[2098] radio "No, it's not made for kids"
[2015] button "Age restriction (advanced)"
[2171] button "Show advanced settings"
[2233] link "https://youtube.com/shorts/Qu6E7zOGRJQ"
[2236] button "Copy video link"
[1599] button "Next"
[546] clickable "Inspiration
        


  
      Videos
    


  
        Shorts
      


  
        Live
      


  "
[2403] clickable "The following suggestions were automatically generated based on your existing content. You can add
  and edit them to help viewers discover, understand, and engage with your content."
[2092] clickable "Yes, it's made for kids.
          Features like personalized ads and notifications won’t be availab"
[2026-06-01 08:59:00] [OUT] ---
[2026-06-01 08:59:00] [INFO] Filling Description...

[2026-06-01 08:59:03] [CMD] browseros-cli fill -p 298 2030 Recipe: 
Ingredients: 🍖 1 rack baby back ribs, 🍬 1/4 cup dry rub (brown sugar, 🌶️ paprika, 🧄 garlic, 🧅 onion), 🍅 1 cup hickory BBQ sauce, 🍎 1/2 cup apple juice (for spritzing). 
Steps: 👨‍🍳 Remove the membrane from the back of the ribs. 🥣 Apply dry rub generously. 🔥 Bake or smoke at 275°F (135°C) for 3 hours, spritzing with apple juice every 45 mins. ⏲️ Wrap in foil with a bit of butter and sauce for 1 hour. 🍳 Unwrap, brush with more sauce, and grill for 10 mins to caramelize the glaze.
#bbqribs #porkribs #grilling #barbecue #meat #dinner #sticky #ribs 🌮🍱
[2026-06-01 08:59:03] [EXIT] 0
[2026-06-01 08:59:03] [OUT] ---
Typed 574 characters into [2030] at (472, 490)
[2026-06-01 08:59:03] [OUT] ---
[2026-06-01 08:59:05] [INFO] Selecting 'Not made for kids'...

[2026-06-01 08:59:06] [CMD] browseros-cli snap -p 298
[2026-06-01 08:59:06] [EXIT] 0
[2026-06-01 08:59:06] [OUT] ---
[905] button "Sort by Date"
[942] button "Sort by Views"
[1492] button "Send Feedback"
[1504] button "Close"
[2174] tab "Details" (selected)
[2185] tab "Video elements"
[2196] tab "Checks"
[2207] tab "Visibility"
[1971] button "Reuse details"
[2287] textbox "Add a title that describes your video (type @ to mention a channel)" value="🍖 Fall-Off-The-Bone BBQ Pork Ribs 🐷" (required)
[2030] textbox "Tell viewers about your video (type @ to mention a channel)" value="Recipe: 
Ingredients: 🍖 1 rack baby back ribs, 🍬 1/4 cup dry rub (brown sugar, 🌶️ paprika, 🧄 garlic, 🧅 onion), 🍅 1 cup hickory BBQ sauce, 🍎 1/2 cup apple juice (for spritzing). 
Steps: 👨‍🍳 Remove the membrane from the back of the ribs. 🥣 Apply dry rub generously. 🔥 Bake or smoke at 275°F (135°C) for 3 hours, spritzing with apple juice every 45 mins. ⏲️ Wrap in foil with a bit of butter and sauce for 1 hour. 🍳 Unwrap, brush with more sauce, and grill for 10 mins to caramelize the glaze.
#bbqribs #porkribs #grilling #barbecue #meat #dinner #sticky #ribs 🌮🍱
"
[2250] link "Learn more about playlists"
[2256] button "Select playlists"
[2260] button "Select"
[2083] link "What's content made for kids?"
[2090] link "Learn more about video's audience settings"
[2093] radio "Yes, it's made for kids . Features like personalized ads and notifications won’t be available on videos made for kids. Videos that are set as made for kids by you are more likely to be recommended alongside other kids’ videos. Learn more"
[2097] link "Learn more"
[2098] radio "No, it's not made for kids"
[2015] button "Age restriction (advanced)"
[2171] button "Show advanced settings"
[2233] link "https://youtube.com/shorts/Qu6E7zOGRJQ"
[2236] button "Copy video link"
[1599] button "Next"
[546] clickable "Inspiration
        


  
      Videos
    


  
        Shorts
      


  
        Live
      


  "
[2092] clickable "Yes, it's made for kids.
          Features like personalized ads and notifications won’t be availab"
[2026-06-01 08:59:06] [OUT] ---

[2026-06-01 08:59:07] [CMD] browseros-cli click -p 298 2098
[2026-06-01 08:59:07] [EXIT] 0
[2026-06-01 08:59:07] [OUT] ---
Clicked [2098] at (303, 464)
[2026-06-01 08:59:07] [OUT] ---
[2026-06-01 08:59:07] [INFO] Selected 'Not made for kids'
[2026-06-01 08:59:09] [INFO] ========================================
[2026-06-01 08:59:09] [INFO]   Phase 5: Navigate to Visibility Screen
[2026-06-01 08:59:09] [INFO] ========================================

[2026-06-01 08:59:10] [CMD] browseros-cli snap -p 298
[2026-06-01 08:59:10] [EXIT] 0
[2026-06-01 08:59:10] [OUT] ---
[905] button "Sort by Date"
[942] button "Sort by Views"
[1492] button "Send Feedback"
[1504] button "Close"
[2174] tab "Details" (selected)
[2185] tab "Video elements"
[2196] tab "Checks"
[2207] tab "Visibility"
[1971] button "Reuse details"
[2287] textbox "Add a title that describes your video (type @ to mention a channel)" value="🍖 Fall-Off-The-Bone BBQ Pork Ribs 🐷" (required)
[2030] textbox "Tell viewers about your video (type @ to mention a channel)" value="Recipe: 
Ingredients: 🍖 1 rack baby back ribs, 🍬 1/4 cup dry rub (brown sugar, 🌶️ paprika, 🧄 garlic, 🧅 onion), 🍅 1 cup hickory BBQ sauce, 🍎 1/2 cup apple juice (for spritzing). 
Steps: 👨‍🍳 Remove the membrane from the back of the ribs. 🥣 Apply dry rub generously. 🔥 Bake or smoke at 275°F (135°C) for 3 hours, spritzing with apple juice every 45 mins. ⏲️ Wrap in foil with a bit of butter and sauce for 1 hour. 🍳 Unwrap, brush with more sauce, and grill for 10 mins to caramelize the glaze.
#bbqribs #porkribs #grilling #barbecue #meat #dinner #sticky #ribs 🌮🍱
"
[2250] link "Learn more about playlists"
[2256] button "Select playlists"
[2260] button "Select"
[2083] link "What's content made for kids?"
[2090] link "Learn more about video's audience settings"
[2093] radio "Yes, it's made for kids . Features like personalized ads and notifications won’t be available on videos made for kids. Videos that are set as made for kids by you are more likely to be recommended alongside other kids’ videos. Learn more"
[2097] link "Learn more"
[2098] radio "No, it's not made for kids"
[2015] button "Age restriction (advanced)"
[2171] button "Show advanced settings"
[2233] link "https://youtube.com/shorts/Qu6E7zOGRJQ"
[2236] button "Copy video link"
[1599] button "Next"
[546] clickable "Inspiration
        


  
      Videos
    


  
        Shorts
      


  
        Live
      


  "
[2092] clickable "Yes, it's made for kids.
          Features like personalized ads and notifications won’t be availab"
[2026-06-01 08:59:10] [OUT] ---
[2026-06-01 08:59:10] [INFO] Clicking Next (1/3)...

[2026-06-01 08:59:11] [CMD] browseros-cli click -p 298 1599
[2026-06-01 08:59:11] [EXIT] 0
[2026-06-01 08:59:11] [OUT] ---
Clicked [1599] at (1061, 697)
[2026-06-01 08:59:11] [OUT] ---

[2026-06-01 08:59:15] [CMD] browseros-cli snap -p 298
[2026-06-01 08:59:15] [EXIT] 0
[2026-06-01 08:59:15] [OUT] ---
[422] menuitem "Content detection"
[441] menuitem "Earn"
[460] menuitem "Customization"
[479] menuitem "Audio library"
[504] button "Settings"
[517] button "Send feedback"
[565] tab "Inspiration"
[568] tab "Videos" (selected)
[570] tab "Shorts"
[573] tab "Live"
[576] tab "Posts"
[579] tab "Playlists"
[582] tab "Podcasts"
[585] tab "Promotions"
[591] tab "Collaborations"
[11] textbox "Filter"
[792] checkbox
[905] button "Sort by Date"
[942] button "Sort by Views"
[1492] button "Send Feedback"
[1504] button "Close"
[2174] tab "Details"
[2185] tab "Video elements" (selected)
[2196] tab "Checks"
[2207] tab "Visibility"
[10626] link "Learn more"
[10864] button "Add"
[10670] button "Add" (disabled)
[1592] button "Back"
[1599] button "Next"
[546] clickable "Inspiration
        


  
      Videos
    


  
        Shorts
      


  
        Live
      


  "
[2026-06-01 08:59:15] [OUT] ---

[2026-06-01 08:59:16] [CMD] browseros-cli snap -p 298
[2026-06-01 08:59:16] [EXIT] 0
[2026-06-01 08:59:16] [OUT] ---
[422] menuitem "Content detection"
[441] menuitem "Earn"
[460] menuitem "Customization"
[479] menuitem "Audio library"
[504] button "Settings"
[517] button "Send feedback"
[565] tab "Inspiration"
[568] tab "Videos" (selected)
[570] tab "Shorts"
[573] tab "Live"
[576] tab "Posts"
[579] tab "Playlists"
[582] tab "Podcasts"
[585] tab "Promotions"
[591] tab "Collaborations"
[11] textbox "Filter"
[792] checkbox
[905] button "Sort by Date"
[942] button "Sort by Views"
[1492] button "Send Feedback"
[1504] button "Close"
[2174] tab "Details"
[2185] tab "Video elements" (selected)
[2196] tab "Checks"
[2207] tab "Visibility"
[10626] link "Learn more"
[10864] button "Add"
[10670] button "Add" (disabled)
[1592] button "Back"
[1599] button "Next"
[546] clickable "Inspiration
        


  
      Videos
    


  
        Shorts
      


  
        Live
      


  "
[2026-06-01 08:59:16] [OUT] ---
[2026-06-01 08:59:16] [INFO] Clicking Next (2/3)...

[2026-06-01 08:59:17] [CMD] browseros-cli click -p 298 1599
[2026-06-01 08:59:17] [EXIT] 0
[2026-06-01 08:59:17] [OUT] ---
Clicked [1599] at (1061, 697)
[2026-06-01 08:59:17] [OUT] ---

[2026-06-01 08:59:21] [CMD] browseros-cli snap -p 298
[2026-06-01 08:59:21] [EXIT] 0
[2026-06-01 08:59:21] [OUT] ---
[460] menuitem "Customization"
[479] menuitem "Audio library"
[504] button "Settings"
[517] button "Send feedback"
[565] tab "Inspiration"
[568] tab "Videos" (selected)
[570] tab "Shorts"
[573] tab "Live"
[576] tab "Posts"
[579] tab "Playlists"
[582] tab "Podcasts"
[585] tab "Promotions"
[591] tab "Collaborations"
[11] textbox "Filter"
[792] checkbox
[905] button "Sort by Date"
[942] button "Sort by Views"
[1492] button "Send Feedback"
[1504] button "Close"
[2174] tab "Details"
[2185] tab "Video elements"
[2196] tab "Checks" (selected)
[2207] tab "Visibility"
[11076] link "Learn more"
[11121] link "Learn more"
[11088] button "Send feedback"
[1592] button "Back"
[1599] button "Next"
[546] clickable "Inspiration
        


  
      Videos
    


  
        Shorts
      


  
        Live
      


  "
[11087] clickable "Send feedback"
[11089] clickable "Send feedback"
[2026-06-01 08:59:21] [OUT] ---

[2026-06-01 08:59:22] [CMD] browseros-cli snap -p 298
[2026-06-01 08:59:22] [EXIT] 0
[2026-06-01 08:59:22] [OUT] ---
[460] menuitem "Customization"
[479] menuitem "Audio library"
[504] button "Settings"
[517] button "Send feedback"
[565] tab "Inspiration"
[568] tab "Videos" (selected)
[570] tab "Shorts"
[573] tab "Live"
[576] tab "Posts"
[579] tab "Playlists"
[582] tab "Podcasts"
[585] tab "Promotions"
[591] tab "Collaborations"
[11] textbox "Filter"
[792] checkbox
[905] button "Sort by Date"
[942] button "Sort by Views"
[1492] button "Send Feedback"
[1504] button "Close"
[2174] tab "Details"
[2185] tab "Video elements"
[2196] tab "Checks" (selected)
[2207] tab "Visibility"
[11076] link "Learn more"
[11121] link "Learn more"
[11088] button "Send feedback"
[1592] button "Back"
[1599] button "Next"
[546] clickable "Inspiration
        


  
      Videos
    


  
        Shorts
      


  
        Live
      


  "
[11087] clickable "Send feedback"
[11089] clickable "Send feedback"
[2026-06-01 08:59:22] [OUT] ---
[2026-06-01 08:59:22] [INFO] Clicking Next (3/3)...

[2026-06-01 08:59:23] [CMD] browseros-cli click -p 298 1599
[2026-06-01 08:59:23] [EXIT] 0
[2026-06-01 08:59:23] [OUT] ---
Clicked [1599] at (1061, 697)
[2026-06-01 08:59:23] [OUT] ---

[2026-06-01 08:59:27] [CMD] browseros-cli snap -p 298
[2026-06-01 08:59:27] [EXIT] 0
[2026-06-01 08:59:27] [OUT] ---
[11521] radio "Private"
[11531] radio "Unlisted"
[11540] radio "Public"
[11252] button "Click to expand"
[11187] link "Learn more"
[11192] link "Learn more"
[11474] button "Play"
[11477] button "Mute"
[11303] slider "volume"
[11481] button "Settings"
[11506] button "Full screen"
[11220] link "https://youtube.com/shorts/Qu6E7zOGRJQ"
[11223] button "Copy video link"
[1592] button "Back"
[1606] button "Save"
[546] clickable "Inspiration
        


  
      Videos
    


  
        Shorts
      


  
        Live
      


  "
[11263] clickable "Private
          

          
          
            
              Only you and people you choose "
[11246] clickable "Schedule
      
        
          Select a date to make your video public.
        
      
      
 "
[2026-06-01 08:59:27] [OUT] ---
[2026-06-01 08:59:27] [INFO] Reached Visibility screen
[2026-06-01 08:59:27] [INFO] ========================================
[2026-06-01 08:59:27] [INFO]   Phase 6: Open Scheduling Options
[2026-06-01 08:59:27] [INFO] ========================================
[2026-06-01 08:59:27] [INFO] Clicking 'Schedule' option...

[2026-06-01 08:59:28] [CMD] browseros-cli snap -p 298
[2026-06-01 08:59:28] [EXIT] 0
[2026-06-01 08:59:28] [OUT] ---
[11521] radio "Private"
[11531] radio "Unlisted"
[11540] radio "Public"
[11252] button "Click to expand"
[11187] link "Learn more"
[11192] link "Learn more"
[11474] button "Play"
[11477] button "Mute"
[11303] slider "volume"
[11481] button "Settings"
[11506] button "Full screen"
[11220] link "https://youtube.com/shorts/Qu6E7zOGRJQ"
[11223] button "Copy video link"
[1592] button "Back"
[1606] button "Save"
[546] clickable "Inspiration
        


  
      Videos
    


  
        Shorts
      


  
        Live
      


  "
[11263] clickable "Private
          

          
          
            
              Only you and people you choose "
[11246] clickable "Schedule
      
        
          Select a date to make your video public.
        
      
      
 "
[2026-06-01 08:59:28] [OUT] ---

[2026-06-01 08:59:29] [CMD] browseros-cli click -p 298 11246
[2026-06-01 08:59:29] [EXIT] 0
[2026-06-01 08:59:29] [OUT] ---
Clicked [11246] at (472, 574)
[2026-06-01 08:59:29] [OUT] ---
[2026-06-01 08:59:31] [INFO] ========================================
[2026-06-01 08:59:31] [INFO]   Phase 7: Fill Date and Time
[2026-06-01 08:59:31] [INFO] ========================================
[2026-06-01 08:59:31] [INFO] Setting date: Jun 11, 2026, time: 8:45 AM
[2026-06-01 08:59:31] [INFO] Opening date picker...

[2026-06-01 08:59:32] [CMD] browseros-cli snap -p 298
[2026-06-01 08:59:32] [EXIT] 0
[2026-06-01 08:59:32] [OUT] ---
[942] button "Sort by Views"
[1492] button "Send Feedback"
[1504] button "Close"
[2174] tab "Details"
[2185] tab "Video elements"
[2196] tab "Checks"
[2207] tab "Visibility" (selected)
[11238] button "Click to expand"
[11789] button "Jun 2, 2026"
[11793] button "Jun 2, 2026"
[11819] textbox value="12:00 AM"
[11902] button "Time zone"
[11187] link "Learn more"
[11192] link "Learn more"
[11474] button "Play"
[11477] button "Mute"
[11303] slider "volume"
[11481] button "Settings"
[11506] button "Full screen"
[11220] link "https://youtube.com/shorts/Qu6E7zOGRJQ"
[11223] button "Copy video link"
[1592] button "Back"
[1606] button "Schedule"
[546] clickable "Inspiration
        


  
      Videos
    


  
        Shorts
      


  
        Live
      


  "
[11199] clickable "Save or publish
        
        
          Make your video public, unlisted, or private
        
  "
[11903] clickable "Default set to local time zone (GMT+0530)"
[2026-06-01 08:59:32] [OUT] ---

[2026-06-01 08:59:33] [CMD] browseros-cli click -p 298 11789
[2026-06-01 08:59:33] [EXIT] 0
[2026-06-01 08:59:33] [OUT] ---
Clicked [11789] at (310, 490)
[2026-06-01 08:59:33] [OUT] ---

[2026-06-01 08:59:36] [CMD] browseros-cli snap -p 298
[2026-06-01 08:59:36] [EXIT] 0
[2026-06-01 08:59:36] [OUT] ---
[12156] clickable "13"
[12157] clickable "14"
[12158] clickable "15"
[12159] clickable "16"
[12160] clickable "17"
[12161] clickable "18"
[12162] clickable "19"
[12163] clickable "20"
[12164] clickable "21"
[12165] clickable "22"
[12166] clickable "23"
[12167] clickable "24"
[12168] clickable "25"
[12169] clickable "26"
[12170] clickable "27"
[12171] clickable "28"
[12172] clickable "29"
[12173] clickable "30"
[12174] clickable "31"
[12182] clickable "1"
[12183] clickable "2"
[12184] clickable "3"
[12185] clickable "4"
[12186] clickable "5"
[12187] clickable "6"
[12188] clickable "7"
[12189] clickable "8"
[12190] clickable "9"
[12191] clickable "10"
[12192] clickable "11"
[12193] clickable "12"
[12194] clickable "13"
[12195] clickable "14"
[12196] clickable "15"
[12197] clickable "16"
[12198] clickable "17"
[12199] clickable "18"
[12200] clickable "19"
[12201] clickable "20"
[12202] clickable "21"
[12203] clickable "22"
[12204] clickable "23"
[12205] clickable "24"
[12206] clickable "25"
[12207] clickable "26"
[12208] clickable "27"
[12209] clickable "28"
[12210] clickable "29"
[12211] clickable "30"
[12212] clickable "31"
[2026-06-01 08:59:36] [OUT] ---

[2026-06-01 08:59:37] [CMD] browseros-cli fill -p 298 11996 Jun 11, 2026
[2026-06-01 08:59:37] [EXIT] 0
[2026-06-01 08:59:37] [OUT] ---
Typed 12 characters into [11996] at (327, 124)
[2026-06-01 08:59:37] [OUT] ---

[2026-06-01 08:59:39] [CMD] browseros-cli key -p 298 Enter
[2026-06-01 08:59:39] [EXIT] 0
[2026-06-01 08:59:39] [OUT] ---
Pressed Enter
[2026-06-01 08:59:39] [OUT] ---
[2026-06-01 08:59:41] [INFO] Setting time...

[2026-06-01 08:59:42] [CMD] browseros-cli snap -p 298
[2026-06-01 08:59:42] [EXIT] 0
[2026-06-01 08:59:42] [OUT] ---
[942] button "Sort by Views"
[1492] button "Send Feedback"
[1504] button "Close"
[2174] tab "Details"
[2185] tab "Video elements"
[2196] tab "Checks"
[2207] tab "Visibility" (selected)
[11238] button "Click to expand"
[11789] button "Jun 11, 2026"
[11793] button "Jun 11, 2026"
[11819] textbox value="12:00 AM"
[11902] button "Time zone"
[11187] link "Learn more"
[11192] link "Learn more"
[11474] button "Play"
[11477] button "Mute"
[11303] slider "volume"
[11481] button "Settings"
[11506] button "Full screen"
[11220] link "https://youtube.com/shorts/Qu6E7zOGRJQ"
[11223] button "Copy video link"
[1592] button "Back"
[1606] button "Schedule"
[546] clickable "Inspiration
        


  
      Videos
    


  
        Shorts
      


  
        Live
      


  "
[11199] clickable "Save or publish
        
        
          Make your video public, unlisted, or private
        
  "
[11903] clickable "Default set to local time zone (GMT+0530)"
[2026-06-01 08:59:42] [OUT] ---
[2026-06-01 08:59:42] [INFO] Clicking time input box to open dropdown...

[2026-06-01 08:59:43] [CMD] browseros-cli click -p 298 11819
[2026-06-01 08:59:43] [EXIT] 0
[2026-06-01 08:59:43] [OUT] ---
Clicked [11819] at (466, 490)
[2026-06-01 08:59:43] [OUT] ---

[2026-06-01 08:59:46] [CMD] browseros-cli snap -p 298
[2026-06-01 08:59:46] [EXIT] 0
[2026-06-01 08:59:46] [OUT] ---
[12811] option "6:15 PM"
[12812] option "6:30 PM"
[12813] option "6:45 PM"
[12814] option "7:00 PM"
[12815] option "7:15 PM"
[12816] option "7:30 PM"
[12817] option "7:45 PM"
[12818] option "8:00 PM"
[12819] option "8:15 PM"
[12820] option "8:30 PM"
[12821] option "8:45 PM"
[12822] option "9:00 PM"
[12823] option "9:15 PM"
[12824] option "9:30 PM"
[12825] option "9:45 PM"
[12826] option "10:00 PM"
[12827] option "10:15 PM"
[12828] option "10:30 PM"
[12829] option "10:45 PM"
[12830] option "11:00 PM"
[12831] option "11:15 PM"
[12832] option "11:30 PM"
[12833] option "11:45 PM"
[546] clickable "Inspiration
        


  
      Videos
    


  
        Shorts
      


  
        Live
      


  "
[11199] clickable "Save or publish
        
        
          Make your video public, unlisted, or private
        
  "
[11903] clickable "Default set to local time zone (GMT+0530)"
[2026-06-01 08:59:46] [OUT] ---
[2026-06-01 08:59:46] [INFO] Clicking time option ref: 12773 for 8:45 AM

[2026-06-01 08:59:47] [CMD] browseros-cli click -p 298 12773
[2026-06-01 08:59:47] [EXIT] 0
[2026-06-01 08:59:47] [OUT] ---
Clicked [12773] at (466, 316)
[2026-06-01 08:59:47] [OUT] ---
[2026-06-01 08:59:49] [INFO] Date and time filled successfully
[2026-06-01 08:59:49] [INFO] ========================================
[2026-06-01 08:59:49] [INFO]   Phase 8: User Verification
[2026-06-01 08:59:49] [INFO] ========================================
[2026-06-01 08:59:49] [INFO] 
[2026-06-01 08:59:49] [INFO] ============================================
[2026-06-01 08:59:49] [INFO]   SCHEDULED REEL REVIEW
[2026-06-01 08:59:49] [INFO] ============================================
[2026-06-01 08:59:49] [INFO]   Asset ID: 25
[2026-06-01 08:59:49] [INFO]   Project:  project-1
[2026-06-01 08:59:49] [INFO]   Date:     2026-06-11 (Thursday)
[2026-06-01 08:59:49] [INFO]   Time:     08:45:00
[2026-06-01 08:59:49] [INFO] ============================================
[2026-06-01 08:59:49] [INFO] 
[2026-06-01 08:59:49] [INFO] [YOLO] Finding 'Schedule' button...

[2026-06-01 08:59:50] [CMD] browseros-cli snap -p 298
[2026-06-01 08:59:50] [EXIT] 0
[2026-06-01 08:59:50] [OUT] ---
[942] button "Sort by Views"
[1492] button "Send Feedback"
[1504] button "Close"
[2174] tab "Details"
[2185] tab "Video elements"
[2196] tab "Checks"
[2207] tab "Visibility" (selected)
[11238] button "Click to expand"
[11789] button "Jun 11, 2026"
[11793] button "Jun 11, 2026"
[11819] textbox value="8:45 AM"
[11902] button "Time zone"
[11187] link "Learn more"
[11192] link "Learn more"
[11474] button "Play"
[11477] button "Mute"
[11303] slider "volume"
[11481] button "Settings"
[11506] button "Full screen"
[11220] link "https://youtube.com/shorts/Qu6E7zOGRJQ"
[11223] button "Copy video link"
[1592] button "Back"
[1606] button "Schedule"
[546] clickable "Inspiration
        


  
      Videos
    


  
        Shorts
      


  
        Live
      


  "
[11199] clickable "Save or publish
        
        
          Make your video public, unlisted, or private
        
  "
[11903] clickable "Default set to local time zone (GMT+0530)"
[2026-06-01 08:59:50] [OUT] ---
[2026-06-01 08:59:50] [INFO] Clicking 'Schedule' button (ref: 1606)...

[2026-06-01 08:59:51] [CMD] browseros-cli click -p 298 1606
[2026-06-01 08:59:51] [EXIT] 0
[2026-06-01 08:59:51] [OUT] ---
Clicked [1606] at (1047, 697)
[2026-06-01 08:59:51] [OUT] ---
[2026-06-01 09:00:01] [INFO] Marking asset 25 as uploaded for youtube...
[2026-06-01 09:00:01] [DEBUG] mark_uploaded output: {"success": true, "id": "25", "platform": "youtube"}
[2026-06-01 09:00:01] [INFO] Marking asset 25 as scheduled for youtube...
[2026-06-01 09:00:01] [DEBUG] mark_scheduled output: {"success": true, "id": "25", "platform": "youtube"}
[2026-06-01 09:00:01] [INFO] Tracker updated for asset 25
[2026-06-01 09:00:01] [INFO] ========================================
[2026-06-01 09:00:01] [INFO]   Phase 9: Close Browser Tab
[2026-06-01 09:00:01] [INFO] ========================================

[2026-06-01 09:00:02] [CMD] browseros-cli close -p 298
[2026-06-01 09:00:02] [EXIT] 0
[2026-06-01 09:00:02] [OUT] ---
Closed page 298
[2026-06-01 09:00:02] [OUT] ---
[2026-06-01 09:00:02] [INFO] Browser tab closed
[2026-06-01 09:00:02] [INFO] ========================================
[2026-06-01 09:00:02] [INFO]   Processing Schedule Entry 4 / 23
[2026-06-01 09:00:02] [INFO] ========================================
[2026-06-01 09:00:02] [INFO] Date: 2026-06-12, Day: Friday, Time: 13:45:00
[2026-06-01 09:00:02] [INFO] ========================================
[2026-06-01 09:00:02] [INFO]   Phase 1: Identify Project and Asset
[2026-06-01 09:00:02] [INFO] ========================================
[2026-06-01 09:00:02] [INFO] Fetching mapped post for project 1...
[2026-06-01 09:00:02] [DEBUG] get_mapped_post exit=0 output='ID: 26
Caption: 🧇 Deep-Pocket Crispy Belgian Waffles 🧇
Recipe: 
Ingredients: 🌾 2 cups flour, 🍬 1/2 cup sugar, 1 tbsp baking powder, 🥚 2 eggs (separated), 🧈 1/2 cup melted butter, 🥛 1.5 cups milk, 🍦 1 tsp vanilla. 
Steps: 👨‍🍳 Mix dry ingredients. 🥣 Whisk egg yolks, milk, butter, and vanilla; combine with dry. 🔥 Beat egg whites to stiff peaks and gently fold into the batter (this makes them light). ⏲️ Pour into a hot Belgian waffle iron and cook until the steam stops and the exterior is golden-brown. 🍳 Top with butter and warm maple syrup.
#waffle #breakfast #brunch #belgianwaffle #morning #sweet #breakfastideas #belgian 🌮🍱'
[2026-06-01 09:00:02] [INFO] Asset ID: 26
[2026-06-01 09:00:02] [INFO] Title length: 38 chars
[2026-06-01 09:00:02] [INFO] Description length: 574 chars
[2026-06-01 09:00:02] [INFO] Asset path: /Users/dsen/Projects/ai-post-maker/project-1/assets/26.mp4
[2026-06-01 09:00:02] [INFO] ========================================
[2026-06-01 09:00:02] [INFO]   Phase 2: Open YouTube Upload Page
[2026-06-01 09:00:02] [INFO] ========================================
[2026-06-01 09:00:02] [INFO] Opening new page: https://www.youtube.com/upload

[2026-06-01 09:00:03] [CMD] browseros-cli open https://www.youtube.com/upload --json
[2026-06-01 09:00:03] [EXIT] 0
[2026-06-01 09:00:03] [OUT] ---
{"background":false,"hidden":false,"pageId":300,"url":"https://www.youtube.com/upload"}
[2026-06-01 09:00:03] [OUT] ---
[2026-06-01 09:00:03] [INFO] Page opened with ID: 300
[2026-06-01 09:00:08] [INFO] Page loaded successfully
[2026-06-01 09:00:08] [INFO] ========================================
[2026-06-01 09:00:08] [INFO]   Phase 3: Upload the Video File
[2026-06-01 09:00:08] [INFO] ========================================
[2026-06-01 09:00:08] [INFO] Exposing hidden file input...

[2026-06-01 09:00:09] [CMD] browseros-cli eval -p 300 document.querySelectorAll('input[type="file"]').forEach((i, idx) => { i.removeAttribute('aria-hidden'); i.style.display='block'; i.style.visibility='visible'; i.style.opacity='1'; i.style.position='static'; i.style.width='100px'; i.style.height='50px'; i.style.zIndex='999999'; i.title='Upload Video File'; });
[2026-06-01 09:00:09] [EXIT] 0
[2026-06-01 09:00:09] [OUT] ---
undefined
[2026-06-01 09:00:09] [OUT] ---
[2026-06-01 09:00:11] [INFO] Taking snapshot to find file input...

[2026-06-01 09:00:12] [CMD] browseros-cli snap -p 300
[2026-06-01 09:00:12] [EXIT] 0
[2026-06-01 09:00:12] [OUT] ---
[345] menuitem "Content"
[365] menuitem "Analytics"
[384] menuitem "Community"
[403] menuitem "Subtitles"
[422] menuitem "Content detection"
[441] menuitem "Earn"
[460] menuitem "Customization"
[479] menuitem "Audio library"
[504] button "Settings"
[517] button "Send feedback"
[565] tab "Inspiration"
[568] tab "Videos" (selected)
[570] tab "Shorts"
[573] tab "Live"
[576] tab "Posts"
[579] tab "Playlists"
[582] tab "Podcasts"
[585] tab "Promotions"
[591] tab "Collaborations"
[11] textbox "Filter"
[792] checkbox
[905] button "Sort by Date"
[942] button "Sort by Views"
[1492] button "Send Feedback"
[1504] button "Close"
[1537] button "Select files"
[1542] button "Choose Files"
[1546] link "Terms of Service"
[1547] link "Community Guidelines"
[1551] link "Learn more"
[546] clickable "Inspiration
        


  
      Videos
    


  
        Shorts
      


  
        Live
      


  "
[2026-06-01 09:00:12] [OUT] ---

[2026-06-01 09:00:13] [CMD] browseros-cli snap -p 300
[2026-06-01 09:00:13] [EXIT] 0
[2026-06-01 09:00:13] [OUT] ---
[345] menuitem "Content"
[365] menuitem "Analytics"
[384] menuitem "Community"
[403] menuitem "Subtitles"
[422] menuitem "Content detection"
[441] menuitem "Earn"
[460] menuitem "Customization"
[479] menuitem "Audio library"
[504] button "Settings"
[517] button "Send feedback"
[565] tab "Inspiration"
[568] tab "Videos" (selected)
[570] tab "Shorts"
[573] tab "Live"
[576] tab "Posts"
[579] tab "Playlists"
[582] tab "Podcasts"
[585] tab "Promotions"
[591] tab "Collaborations"
[11] textbox "Filter"
[792] checkbox
[905] button "Sort by Date"
[942] button "Sort by Views"
[1492] button "Send Feedback"
[1504] button "Close"
[1537] button "Select files"
[1542] button "Choose Files"
[1546] link "Terms of Service"
[1547] link "Community Guidelines"
[1551] link "Learn more"
[546] clickable "Inspiration
        


  
      Videos
    


  
        Shorts
      


  
        Live
      


  "
[2026-06-01 09:00:13] [OUT] ---

[2026-06-01 09:00:14] [CMD] browseros-cli snap -p 300
[2026-06-01 09:00:14] [EXIT] 0
[2026-06-01 09:00:14] [OUT] ---
[345] menuitem "Content"
[365] menuitem "Analytics"
[384] menuitem "Community"
[403] menuitem "Subtitles"
[422] menuitem "Content detection"
[441] menuitem "Earn"
[460] menuitem "Customization"
[479] menuitem "Audio library"
[504] button "Settings"
[517] button "Send feedback"
[565] tab "Inspiration"
[568] tab "Videos" (selected)
[570] tab "Shorts"
[573] tab "Live"
[576] tab "Posts"
[579] tab "Playlists"
[582] tab "Podcasts"
[585] tab "Promotions"
[591] tab "Collaborations"
[11] textbox "Filter"
[792] checkbox
[905] button "Sort by Date"
[942] button "Sort by Views"
[1492] button "Send Feedback"
[1504] button "Close"
[1537] button "Select files"
[1542] button "Choose Files"
[1546] link "Terms of Service"
[1547] link "Community Guidelines"
[1551] link "Learn more"
[546] clickable "Inspiration
        


  
      Videos
    


  
        Shorts
      


  
        Live
      


  "
[2026-06-01 09:00:14] [OUT] ---
[2026-06-01 09:00:14] [INFO] Attempting upload to ref: 1542...

[2026-06-01 09:00:15] [CMD] browseros-cli upload -p 300 1542 /Users/dsen/Projects/ai-post-maker/project-1/assets/26.mp4
[2026-06-01 09:00:15] [EXIT] 0
[2026-06-01 09:00:15] [OUT] ---
Set 1 file(s) on [1542]
[2026-06-01 09:00:15] [OUT] ---
[2026-06-01 09:00:20] [INFO] Waiting for 'Details' screen to appear...

[2026-06-01 09:00:21] [CMD] browseros-cli snap -p 300
[2026-06-01 09:00:21] [EXIT] 0
[2026-06-01 09:00:21] [OUT] ---
[1504] button "Close"
[2154] tab "Details" (selected)
[2165] tab "Video elements"
[2176] tab "Checks"
[2187] tab "Visibility"
[1958] button "Reuse details"
[2267] textbox "Add a title that describes your video (type @ to mention a channel)" value="26" (required)
[2479] button "Add all"
[2380] button "Options"
[2807] button "Personalized suggestion illustration #appetizer"
[2817] button "#strawberry"
[2827] button "Personalized suggestion illustration #baking"
[2017] textbox "Tell viewers about your video (type @ to mention a channel)"
[2230] link "Learn more about playlists"
[2236] button "Select playlists"
[2240] button "Select"
[2063] link "What's content made for kids?"
[2070] link "Learn more about video's audience settings"
[2073] radio "Yes, it's made for kids . Features like personalized ads and notifications won’t be available on videos made for kids. Videos that are set as made for kids by you are more likely to be recommended alongside other kids’ videos. Learn more"
[2077] link "Learn more"
[2078] radio "No, it's not made for kids"
[2002] button "Age restriction (advanced)"
[2151] button "Show advanced settings"
[2213] link "https://youtube.com/shorts/JUvQeN-EVhI"
[2216] button "Copy video link"
[1599] button "Next"
[546] clickable "Inspiration
        


  
      Videos
    


  
        Shorts
      


  
        Live
      


  "
[2383] clickable "The following suggestions were automatically generated based on your existing content. You can add
  and edit them to help viewers discover, understand, and engage with your content."
[2072] clickable "Yes, it's made for kids.
          Features like personalized ads and notifications won’t be availab"
[2026-06-01 09:00:21] [OUT] ---
[2026-06-01 09:00:21] [INFO] Video uploaded and Details screen reached
[2026-06-01 09:00:21] [INFO] ========================================
[2026-06-01 09:00:21] [INFO]   Phase 4: Fill Details
[2026-06-01 09:00:21] [INFO] ========================================
[2026-06-01 09:00:21] [INFO] Finding Title field...

[2026-06-01 09:00:22] [CMD] browseros-cli snap -p 300
[2026-06-01 09:00:22] [EXIT] 0
[2026-06-01 09:00:22] [OUT] ---
[1504] button "Close"
[2154] tab "Details" (selected)
[2165] tab "Video elements"
[2176] tab "Checks"
[2187] tab "Visibility"
[1958] button "Reuse details"
[2267] textbox "Add a title that describes your video (type @ to mention a channel)" value="26" (required)
[2479] button "Add all"
[2380] button "Options"
[2807] button "Personalized suggestion illustration #appetizer"
[2817] button "#strawberry"
[2827] button "Personalized suggestion illustration #baking"
[2017] textbox "Tell viewers about your video (type @ to mention a channel)"
[2230] link "Learn more about playlists"
[2236] button "Select playlists"
[2240] button "Select"
[2063] link "What's content made for kids?"
[2070] link "Learn more about video's audience settings"
[2073] radio "Yes, it's made for kids . Features like personalized ads and notifications won’t be available on videos made for kids. Videos that are set as made for kids by you are more likely to be recommended alongside other kids’ videos. Learn more"
[2077] link "Learn more"
[2078] radio "No, it's not made for kids"
[2002] button "Age restriction (advanced)"
[2151] button "Show advanced settings"
[2213] link "https://youtube.com/shorts/JUvQeN-EVhI"
[2216] button "Copy video link"
[1599] button "Next"
[546] clickable "Inspiration
        


  
      Videos
    


  
        Shorts
      


  
        Live
      


  "
[2383] clickable "The following suggestions were automatically generated based on your existing content. You can add
  and edit them to help viewers discover, understand, and engage with your content."
[2072] clickable "Yes, it's made for kids.
          Features like personalized ads and notifications won’t be availab"
[2026-06-01 09:00:22] [OUT] ---
[2026-06-01 09:00:22] [INFO] Filling Title...

[2026-06-01 09:00:23] [CMD] browseros-cli fill -p 300 2267 🧇 Deep-Pocket Crispy Belgian Waffles 🧇
[2026-06-01 09:00:23] [EXIT] 0
[2026-06-01 09:00:23] [OUT] ---
Typed 40 characters into [2267] at (472, 229)
[2026-06-01 09:00:23] [OUT] ---
[2026-06-01 09:00:25] [INFO] Finding Description field...

[2026-06-01 09:00:26] [CMD] browseros-cli snap -p 300
[2026-06-01 09:00:26] [EXIT] 0
[2026-06-01 09:00:26] [OUT] ---
[1504] button "Close"
[2154] tab "Details" (selected)
[2165] tab "Video elements"
[2176] tab "Checks"
[2187] tab "Visibility"
[1958] button "Reuse details"
[2267] textbox "Add a title that describes your video (type @ to mention a channel)" value="🧇 Deep-Pocket Crispy Belgian Waffles 🧇" (required)
[2479] button "Add all"
[2380] button "Options"
[2807] button "Personalized suggestion illustration #appetizer"
[2817] button "#strawberry"
[2827] button "Personalized suggestion illustration #baking"
[2017] textbox "Tell viewers about your video (type @ to mention a channel)"
[2230] link "Learn more about playlists"
[2236] button "Select playlists"
[2240] button "Select"
[2063] link "What's content made for kids?"
[2070] link "Learn more about video's audience settings"
[2073] radio "Yes, it's made for kids . Features like personalized ads and notifications won’t be available on videos made for kids. Videos that are set as made for kids by you are more likely to be recommended alongside other kids’ videos. Learn more"
[2077] link "Learn more"
[2078] radio "No, it's not made for kids"
[2002] button "Age restriction (advanced)"
[2151] button "Show advanced settings"
[2213] link "https://youtube.com/shorts/JUvQeN-EVhI"
[2216] button "Copy video link"
[1599] button "Next"
[546] clickable "Inspiration
        


  
      Videos
    


  
        Shorts
      


  
        Live
      


  "
[2383] clickable "The following suggestions were automatically generated based on your existing content. You can add
  and edit them to help viewers discover, understand, and engage with your content."
[2072] clickable "Yes, it's made for kids.
          Features like personalized ads and notifications won’t be availab"
[2026-06-01 09:00:26] [OUT] ---
[2026-06-01 09:00:26] [INFO] Filling Description...

[2026-06-01 09:00:29] [CMD] browseros-cli fill -p 300 2017 Recipe: 
Ingredients: 🌾 2 cups flour, 🍬 1/2 cup sugar, 1 tbsp baking powder, 🥚 2 eggs (separated), 🧈 1/2 cup melted butter, 🥛 1.5 cups milk, 🍦 1 tsp vanilla. 
Steps: 👨‍🍳 Mix dry ingredients. 🥣 Whisk egg yolks, milk, butter, and vanilla; combine with dry. 🔥 Beat egg whites to stiff peaks and gently fold into the batter (this makes them light). ⏲️ Pour into a hot Belgian waffle iron and cook until the steam stops and the exterior is golden-brown. 🍳 Top with butter and warm maple syrup.
#waffle #breakfast #brunch #belgianwaffle #morning #sweet #breakfastideas #belgian 🌮🍱
[2026-06-01 09:00:29] [EXIT] 0
[2026-06-01 09:00:29] [OUT] ---
Typed 587 characters into [2017] at (472, 490)
[2026-06-01 09:00:29] [OUT] ---
[2026-06-01 09:00:31] [INFO] Selecting 'Not made for kids'...

[2026-06-01 09:00:32] [CMD] browseros-cli snap -p 300
[2026-06-01 09:00:32] [EXIT] 0
[2026-06-01 09:00:32] [OUT] ---
[905] button "Sort by Date"
[942] button "Sort by Views"
[1492] button "Send Feedback"
[1504] button "Close"
[2154] tab "Details" (selected)
[2165] tab "Video elements"
[2176] tab "Checks"
[2187] tab "Visibility"
[1958] button "Reuse details"
[2267] textbox "Add a title that describes your video (type @ to mention a channel)" value="🧇 Deep-Pocket Crispy Belgian Waffles 🧇" (required)
[2017] textbox "Tell viewers about your video (type @ to mention a channel)" value="Recipe: 
Ingredients: 🌾 2 cups flour, 🍬 1/2 cup sugar, 1 tbsp baking powder, 🥚 2 eggs (separated), 🧈 1/2 cup melted butter, 🥛 1.5 cups milk, 🍦 1 tsp vanilla. 
Steps: 👨‍🍳 Mix dry ingredients. 🥣 Whisk egg yolks, milk, butter, and vanilla; combine with dry. 🔥 Beat egg whites to stiff peaks and gently fold into the batter (this makes them light). ⏲️ Pour into a hot Belgian waffle iron and cook until the steam stops and the exterior is golden-brown. 🍳 Top with butter and warm maple syrup.
#waffle #breakfast #brunch #belgianwaffle #morning #sweet #breakfastideas #belgian 🌮🍱
"
[2230] link "Learn more about playlists"
[2236] button "Select playlists"
[2240] button "Select"
[2063] link "What's content made for kids?"
[2070] link "Learn more about video's audience settings"
[2073] radio "Yes, it's made for kids . Features like personalized ads and notifications won’t be available on videos made for kids. Videos that are set as made for kids by you are more likely to be recommended alongside other kids’ videos. Learn more"
[2077] link "Learn more"
[2078] radio "No, it's not made for kids"
[2002] button "Age restriction (advanced)"
[2151] button "Show advanced settings"
[2213] link "https://youtube.com/shorts/JUvQeN-EVhI"
[2216] button "Copy video link"
[1599] button "Next"
[546] clickable "Inspiration
        


  
      Videos
    


  
        Shorts
      


  
        Live
      


  "
[2072] clickable "Yes, it's made for kids.
          Features like personalized ads and notifications won’t be availab"
[2026-06-01 09:00:32] [OUT] ---

[2026-06-01 09:00:33] [CMD] browseros-cli click -p 300 2078
[2026-06-01 09:00:33] [EXIT] 0
[2026-06-01 09:00:33] [OUT] ---
Clicked [2078] at (303, 464)
[2026-06-01 09:00:33] [OUT] ---
[2026-06-01 09:00:33] [INFO] Selected 'Not made for kids'
[2026-06-01 09:00:35] [INFO] ========================================
[2026-06-01 09:00:35] [INFO]   Phase 5: Navigate to Visibility Screen
[2026-06-01 09:00:35] [INFO] ========================================

[2026-06-01 09:00:36] [CMD] browseros-cli snap -p 300
[2026-06-01 09:00:36] [EXIT] 0
[2026-06-01 09:00:36] [OUT] ---
[905] button "Sort by Date"
[942] button "Sort by Views"
[1492] button "Send Feedback"
[1504] button "Close"
[2154] tab "Details" (selected)
[2165] tab "Video elements"
[2176] tab "Checks"
[2187] tab "Visibility"
[1958] button "Reuse details"
[2267] textbox "Add a title that describes your video (type @ to mention a channel)" value="🧇 Deep-Pocket Crispy Belgian Waffles 🧇" (required)
[2017] textbox "Tell viewers about your video (type @ to mention a channel)" value="Recipe: 
Ingredients: 🌾 2 cups flour, 🍬 1/2 cup sugar, 1 tbsp baking powder, 🥚 2 eggs (separated), 🧈 1/2 cup melted butter, 🥛 1.5 cups milk, 🍦 1 tsp vanilla. 
Steps: 👨‍🍳 Mix dry ingredients. 🥣 Whisk egg yolks, milk, butter, and vanilla; combine with dry. 🔥 Beat egg whites to stiff peaks and gently fold into the batter (this makes them light). ⏲️ Pour into a hot Belgian waffle iron and cook until the steam stops and the exterior is golden-brown. 🍳 Top with butter and warm maple syrup.
#waffle #breakfast #brunch #belgianwaffle #morning #sweet #breakfastideas #belgian 🌮🍱
"
[2230] link "Learn more about playlists"
[2236] button "Select playlists"
[2240] button "Select"
[2063] link "What's content made for kids?"
[2070] link "Learn more about video's audience settings"
[2073] radio "Yes, it's made for kids . Features like personalized ads and notifications won’t be available on videos made for kids. Videos that are set as made for kids by you are more likely to be recommended alongside other kids’ videos. Learn more"
[2077] link "Learn more"
[2078] radio "No, it's not made for kids"
[2002] button "Age restriction (advanced)"
[2151] button "Show advanced settings"
[2213] link "https://youtube.com/shorts/JUvQeN-EVhI"
[2216] button "Copy video link"
[1599] button "Next"
[546] clickable "Inspiration
        


  
      Videos
    


  
        Shorts
      


  
        Live
      


  "
[2072] clickable "Yes, it's made for kids.
          Features like personalized ads and notifications won’t be availab"
[2026-06-01 09:00:36] [OUT] ---
[2026-06-01 09:00:36] [INFO] Clicking Next (1/3)...

[2026-06-01 09:00:37] [CMD] browseros-cli click -p 300 1599
[2026-06-01 09:00:37] [EXIT] 0
[2026-06-01 09:00:37] [OUT] ---
Clicked [1599] at (1061, 697)
[2026-06-01 09:00:37] [OUT] ---

[2026-06-01 09:00:41] [CMD] browseros-cli snap -p 300
[2026-06-01 09:00:41] [EXIT] 0
[2026-06-01 09:00:41] [OUT] ---
[422] menuitem "Content detection"
[441] menuitem "Earn"
[460] menuitem "Customization"
[479] menuitem "Audio library"
[504] button "Settings"
[517] button "Send feedback"
[565] tab "Inspiration"
[568] tab "Videos" (selected)
[570] tab "Shorts"
[573] tab "Live"
[576] tab "Posts"
[579] tab "Playlists"
[582] tab "Podcasts"
[585] tab "Promotions"
[591] tab "Collaborations"
[11] textbox "Filter"
[792] checkbox
[905] button "Sort by Date"
[942] button "Sort by Views"
[1492] button "Send Feedback"
[1504] button "Close"
[2154] tab "Details"
[2165] tab "Video elements" (selected)
[2176] tab "Checks"
[2187] tab "Visibility"
[10897] link "Learn more"
[11135] button "Add"
[10941] button "Add" (disabled)
[1592] button "Back"
[1599] button "Next"
[546] clickable "Inspiration
        


  
      Videos
    


  
        Shorts
      


  
        Live
      


  "
[2026-06-01 09:00:41] [OUT] ---

[2026-06-01 09:00:42] [CMD] browseros-cli snap -p 300
[2026-06-01 09:00:42] [EXIT] 0
[2026-06-01 09:00:42] [OUT] ---
[422] menuitem "Content detection"
[441] menuitem "Earn"
[460] menuitem "Customization"
[479] menuitem "Audio library"
[504] button "Settings"
[517] button "Send feedback"
[565] tab "Inspiration"
[568] tab "Videos" (selected)
[570] tab "Shorts"
[573] tab "Live"
[576] tab "Posts"
[579] tab "Playlists"
[582] tab "Podcasts"
[585] tab "Promotions"
[591] tab "Collaborations"
[11] textbox "Filter"
[792] checkbox
[905] button "Sort by Date"
[942] button "Sort by Views"
[1492] button "Send Feedback"
[1504] button "Close"
[2154] tab "Details"
[2165] tab "Video elements" (selected)
[2176] tab "Checks"
[2187] tab "Visibility"
[10897] link "Learn more"
[11135] button "Add"
[10941] button "Add" (disabled)
[1592] button "Back"
[1599] button "Next"
[546] clickable "Inspiration
        


  
      Videos
    


  
        Shorts
      


  
        Live
      


  "
[2026-06-01 09:00:42] [OUT] ---
[2026-06-01 09:00:42] [INFO] Clicking Next (2/3)...

[2026-06-01 09:00:43] [CMD] browseros-cli click -p 300 1599
[2026-06-01 09:00:43] [EXIT] 0
[2026-06-01 09:00:43] [OUT] ---
Clicked [1599] at (1061, 697)
[2026-06-01 09:00:43] [OUT] ---

[2026-06-01 09:00:47] [CMD] browseros-cli snap -p 300
[2026-06-01 09:00:47] [EXIT] 0
[2026-06-01 09:00:47] [OUT] ---
[460] menuitem "Customization"
[479] menuitem "Audio library"
[504] button "Settings"
[517] button "Send feedback"
[565] tab "Inspiration"
[568] tab "Videos" (selected)
[570] tab "Shorts"
[573] tab "Live"
[576] tab "Posts"
[579] tab "Playlists"
[582] tab "Podcasts"
[585] tab "Promotions"
[591] tab "Collaborations"
[11] textbox "Filter"
[792] checkbox
[905] button "Sort by Date"
[942] button "Sort by Views"
[1492] button "Send Feedback"
[1504] button "Close"
[2154] tab "Details"
[2165] tab "Video elements"
[2176] tab "Checks" (selected)
[2187] tab "Visibility"
[11284] link "Learn more"
[11329] link "Learn more"
[11296] button "Send feedback"
[1592] button "Back"
[1599] button "Next"
[546] clickable "Inspiration
        


  
      Videos
    


  
        Shorts
      


  
        Live
      


  "
[11295] clickable "Send feedback"
[11297] clickable "Send feedback"
[2026-06-01 09:00:47] [OUT] ---

[2026-06-01 09:00:48] [CMD] browseros-cli snap -p 300
[2026-06-01 09:00:48] [EXIT] 0
[2026-06-01 09:00:48] [OUT] ---
[460] menuitem "Customization"
[479] menuitem "Audio library"
[504] button "Settings"
[517] button "Send feedback"
[565] tab "Inspiration"
[568] tab "Videos" (selected)
[570] tab "Shorts"
[573] tab "Live"
[576] tab "Posts"
[579] tab "Playlists"
[582] tab "Podcasts"
[585] tab "Promotions"
[591] tab "Collaborations"
[11] textbox "Filter"
[792] checkbox
[905] button "Sort by Date"
[942] button "Sort by Views"
[1492] button "Send Feedback"
[1504] button "Close"
[2154] tab "Details"
[2165] tab "Video elements"
[2176] tab "Checks" (selected)
[2187] tab "Visibility"
[11284] link "Learn more"
[11329] link "Learn more"
[11296] button "Send feedback"
[1592] button "Back"
[1599] button "Next"
[546] clickable "Inspiration
        


  
      Videos
    


  
        Shorts
      


  
        Live
      


  "
[11295] clickable "Send feedback"
[11297] clickable "Send feedback"
[2026-06-01 09:00:48] [OUT] ---
[2026-06-01 09:00:48] [INFO] Clicking Next (3/3)...

[2026-06-01 09:00:49] [CMD] browseros-cli click -p 300 1599
[2026-06-01 09:00:49] [EXIT] 0
[2026-06-01 09:00:49] [OUT] ---
Clicked [1599] at (1061, 697)
[2026-06-01 09:00:49] [OUT] ---

[2026-06-01 09:00:53] [CMD] browseros-cli snap -p 300
[2026-06-01 09:00:53] [EXIT] 0
[2026-06-01 09:00:53] [OUT] ---
[11726] radio "Private"
[11736] radio "Unlisted"
[11745] radio "Public"
[11457] button "Click to expand"
[11392] link "Learn more"
[11397] link "Learn more"
[11679] button "Play"
[11682] button "Mute"
[11508] slider "volume"
[11686] button "Settings"
[11711] button "Full screen"
[11425] link "https://youtube.com/shorts/JUvQeN-EVhI"
[11428] button "Copy video link"
[1592] button "Back"
[1606] button "Save"
[546] clickable "Inspiration
        


  
      Videos
    


  
        Shorts
      


  
        Live
      


  "
[11468] clickable "Private
          

          
          
            
              Only you and people you choose "
[11451] clickable "Schedule
      
        
          Select a date to make your video public.
        
      
      
 "
[2026-06-01 09:00:53] [OUT] ---
[2026-06-01 09:00:53] [INFO] Reached Visibility screen
[2026-06-01 09:00:53] [INFO] ========================================
[2026-06-01 09:00:53] [INFO]   Phase 6: Open Scheduling Options
[2026-06-01 09:00:53] [INFO] ========================================
[2026-06-01 09:00:53] [INFO] Clicking 'Schedule' option...

[2026-06-01 09:00:54] [CMD] browseros-cli snap -p 300
[2026-06-01 09:00:54] [EXIT] 0
[2026-06-01 09:00:54] [OUT] ---
[11726] radio "Private"
[11736] radio "Unlisted"
[11745] radio "Public"
[11457] button "Click to expand"
[11392] link "Learn more"
[11397] link "Learn more"
[11679] button "Play"
[11682] button "Mute"
[11508] slider "volume"
[11686] button "Settings"
[11711] button "Full screen"
[11425] link "https://youtube.com/shorts/JUvQeN-EVhI"
[11428] button "Copy video link"
[1592] button "Back"
[1606] button "Save"
[546] clickable "Inspiration
        


  
      Videos
    


  
        Shorts
      


  
        Live
      


  "
[11468] clickable "Private
          

          
          
            
              Only you and people you choose "
[11451] clickable "Schedule
      
        
          Select a date to make your video public.
        
      
      
 "
[2026-06-01 09:00:54] [OUT] ---

[2026-06-01 09:00:55] [CMD] browseros-cli click -p 300 11451
[2026-06-01 09:00:55] [EXIT] 0
[2026-06-01 09:00:55] [OUT] ---
Clicked [11451] at (472, 574)
[2026-06-01 09:00:55] [OUT] ---
[2026-06-01 09:00:57] [INFO] ========================================
[2026-06-01 09:00:57] [INFO]   Phase 7: Fill Date and Time
[2026-06-01 09:00:57] [INFO] ========================================
[2026-06-01 09:00:57] [INFO] Setting date: Jun 12, 2026, time: 1:45 PM
[2026-06-01 09:00:57] [INFO] Opening date picker...

[2026-06-01 09:00:58] [CMD] browseros-cli snap -p 300
[2026-06-01 09:00:58] [EXIT] 0
[2026-06-01 09:00:58] [OUT] ---
[942] button "Sort by Views"
[1492] button "Send Feedback"
[1504] button "Close"
[2154] tab "Details"
[2165] tab "Video elements"
[2176] tab "Checks"
[2187] tab "Visibility" (selected)
[11443] button "Click to expand"
[11978] button "Jun 2, 2026"
[11982] button "Jun 2, 2026"
[12008] textbox value="12:00 AM"
[12091] button "Time zone"
[11392] link "Learn more"
[11397] link "Learn more"
[11679] button "Play"
[11682] button "Mute"
[11508] slider "volume"
[11686] button "Settings"
[11711] button "Full screen"
[11425] link "https://youtube.com/shorts/JUvQeN-EVhI"
[11428] button "Copy video link"
[1592] button "Back"
[1606] button "Schedule"
[546] clickable "Inspiration
        


  
      Videos
    


  
        Shorts
      


  
        Live
      


  "
[11404] clickable "Save or publish
        
        
          Make your video public, unlisted, or private
        
  "
[12092] clickable "Default set to local time zone (GMT+0530)"
[2026-06-01 09:00:58] [OUT] ---

[2026-06-01 09:00:59] [CMD] browseros-cli click -p 300 11978
[2026-06-01 09:00:59] [EXIT] 0
[2026-06-01 09:00:59] [OUT] ---
Clicked [11978] at (310, 490)
[2026-06-01 09:00:59] [OUT] ---

[2026-06-01 09:01:02] [CMD] browseros-cli snap -p 300
[2026-06-01 09:01:02] [EXIT] 0
[2026-06-01 09:01:02] [OUT] ---
[12347] clickable "13"
[12348] clickable "14"
[12349] clickable "15"
[12350] clickable "16"
[12351] clickable "17"
[12352] clickable "18"
[12353] clickable "19"
[12354] clickable "20"
[12355] clickable "21"
[12356] clickable "22"
[12357] clickable "23"
[12358] clickable "24"
[12359] clickable "25"
[12360] clickable "26"
[12361] clickable "27"
[12362] clickable "28"
[12363] clickable "29"
[12364] clickable "30"
[12365] clickable "31"
[12373] clickable "1"
[12374] clickable "2"
[12375] clickable "3"
[12376] clickable "4"
[12377] clickable "5"
[12378] clickable "6"
[12379] clickable "7"
[12380] clickable "8"
[12381] clickable "9"
[12382] clickable "10"
[12383] clickable "11"
[12384] clickable "12"
[12385] clickable "13"
[12386] clickable "14"
[12387] clickable "15"
[12388] clickable "16"
[12389] clickable "17"
[12390] clickable "18"
[12391] clickable "19"
[12392] clickable "20"
[12393] clickable "21"
[12394] clickable "22"
[12395] clickable "23"
[12396] clickable "24"
[12397] clickable "25"
[12398] clickable "26"
[12399] clickable "27"
[12400] clickable "28"
[12401] clickable "29"
[12402] clickable "30"
[12403] clickable "31"
[2026-06-01 09:01:02] [OUT] ---

[2026-06-01 09:01:03] [CMD] browseros-cli fill -p 300 12187 Jun 12, 2026
[2026-06-01 09:01:03] [EXIT] 0
[2026-06-01 09:01:03] [OUT] ---
Typed 12 characters into [12187] at (327, 124)
[2026-06-01 09:01:03] [OUT] ---

[2026-06-01 09:01:05] [CMD] browseros-cli key -p 300 Enter
[2026-06-01 09:01:05] [EXIT] 0
[2026-06-01 09:01:05] [OUT] ---
Pressed Enter
[2026-06-01 09:01:05] [OUT] ---
[2026-06-01 09:01:07] [INFO] Setting time...

[2026-06-01 09:01:08] [CMD] browseros-cli snap -p 300
[2026-06-01 09:01:08] [EXIT] 0
[2026-06-01 09:01:08] [OUT] ---
[942] button "Sort by Views"
[1492] button "Send Feedback"
[1504] button "Close"
[2154] tab "Details"
[2165] tab "Video elements"
[2176] tab "Checks"
[2187] tab "Visibility" (selected)
[11443] button "Click to expand"
[11978] button "Jun 12, 2026"
[11982] button "Jun 12, 2026"
[12008] textbox value="12:00 AM"
[12091] button "Time zone"
[11392] link "Learn more"
[11397] link "Learn more"
[11679] button "Play"
[11682] button "Mute"
[11508] slider "volume"
[11686] button "Settings"
[11711] button "Full screen"
[11425] link "https://youtube.com/shorts/JUvQeN-EVhI"
[11428] button "Copy video link"
[1592] button "Back"
[1606] button "Schedule"
[546] clickable "Inspiration
        


  
      Videos
    


  
        Shorts
      


  
        Live
      


  "
[11404] clickable "Save or publish
        
        
          Make your video public, unlisted, or private
        
  "
[12092] clickable "Default set to local time zone (GMT+0530)"
[2026-06-01 09:01:08] [OUT] ---
[2026-06-01 09:01:08] [INFO] Clicking time input box to open dropdown...

[2026-06-01 09:01:09] [CMD] browseros-cli click -p 300 12008
[2026-06-01 09:01:09] [EXIT] 0
[2026-06-01 09:01:09] [OUT] ---
Clicked [12008] at (466, 490)
[2026-06-01 09:01:09] [OUT] ---

[2026-06-01 09:01:12] [CMD] browseros-cli snap -p 300
[2026-06-01 09:01:12] [EXIT] 0
[2026-06-01 09:01:12] [OUT] ---
[13007] option "6:15 PM"
[13008] option "6:30 PM"
[13009] option "6:45 PM"
[13010] option "7:00 PM"
[13011] option "7:15 PM"
[13012] option "7:30 PM"
[13013] option "7:45 PM"
[13014] option "8:00 PM"
[13015] option "8:15 PM"
[13016] option "8:30 PM"
[13017] option "8:45 PM"
[13018] option "9:00 PM"
[13019] option "9:15 PM"
[13020] option "9:30 PM"
[13021] option "9:45 PM"
[13022] option "10:00 PM"
[13023] option "10:15 PM"
[13024] option "10:30 PM"
[13025] option "10:45 PM"
[13026] option "11:00 PM"
[13027] option "11:15 PM"
[13028] option "11:30 PM"
[13029] option "11:45 PM"
[546] clickable "Inspiration
        


  
      Videos
    


  
        Shorts
      


  
        Live
      


  "
[11404] clickable "Save or publish
        
        
          Make your video public, unlisted, or private
        
  "
[12092] clickable "Default set to local time zone (GMT+0530)"
[2026-06-01 09:01:12] [OUT] ---
[2026-06-01 09:01:12] [INFO] Clicking time option ref: 12989 for 1:45 PM

[2026-06-01 09:01:13] [CMD] browseros-cli click -p 300 12989
[2026-06-01 09:01:13] [EXIT] 0
[2026-06-01 09:01:13] [OUT] ---
Clicked [12989] at (466, 316)
[2026-06-01 09:01:13] [OUT] ---
[2026-06-01 09:01:15] [INFO] Date and time filled successfully
[2026-06-01 09:01:15] [INFO] ========================================
[2026-06-01 09:01:15] [INFO]   Phase 8: User Verification
[2026-06-01 09:01:15] [INFO] ========================================
[2026-06-01 09:01:15] [INFO] 
[2026-06-01 09:01:15] [INFO] ============================================
[2026-06-01 09:01:15] [INFO]   SCHEDULED REEL REVIEW
[2026-06-01 09:01:15] [INFO] ============================================
[2026-06-01 09:01:15] [INFO]   Asset ID: 26
[2026-06-01 09:01:15] [INFO]   Project:  project-1
[2026-06-01 09:01:15] [INFO]   Date:     2026-06-12 (Friday)
[2026-06-01 09:01:15] [INFO]   Time:     13:45:00
[2026-06-01 09:01:15] [INFO] ============================================
[2026-06-01 09:01:15] [INFO] 
[2026-06-01 09:01:15] [INFO] [YOLO] Finding 'Schedule' button...

[2026-06-01 09:01:16] [CMD] browseros-cli snap -p 300
[2026-06-01 09:01:16] [EXIT] 0
[2026-06-01 09:01:16] [OUT] ---
[942] button "Sort by Views"
[1492] button "Send Feedback"
[1504] button "Close"
[2154] tab "Details"
[2165] tab "Video elements"
[2176] tab "Checks"
[2187] tab "Visibility" (selected)
[11443] button "Click to expand"
[11978] button "Jun 12, 2026"
[11982] button "Jun 12, 2026"
[12008] textbox value="1:45 PM"
[12091] button "Time zone"
[11392] link "Learn more"
[11397] link "Learn more"
[11679] button "Play"
[11682] button "Mute"
[11508] slider "volume"
[11686] button "Settings"
[11711] button "Full screen"
[11425] link "https://youtube.com/shorts/JUvQeN-EVhI"
[11428] button "Copy video link"
[1592] button "Back"
[1606] button "Schedule"
[546] clickable "Inspiration
        


  
      Videos
    


  
        Shorts
      


  
        Live
      


  "
[11404] clickable "Save or publish
        
        
          Make your video public, unlisted, or private
        
  "
[12092] clickable "Default set to local time zone (GMT+0530)"
[2026-06-01 09:01:16] [OUT] ---
[2026-06-01 09:01:16] [INFO] Clicking 'Schedule' button (ref: 1606)...

[2026-06-01 09:01:17] [CMD] browseros-cli click -p 300 1606
[2026-06-01 09:01:17] [EXIT] 0
[2026-06-01 09:01:17] [OUT] ---
Clicked [1606] at (1047, 697)
[2026-06-01 09:01:17] [OUT] ---
[2026-06-01 09:01:27] [INFO] Marking asset 26 as uploaded for youtube...
[2026-06-01 09:01:27] [DEBUG] mark_uploaded output: {"success": true, "id": "26", "platform": "youtube"}
[2026-06-01 09:01:27] [INFO] Marking asset 26 as scheduled for youtube...
[2026-06-01 09:01:27] [DEBUG] mark_scheduled output: {"success": true, "id": "26", "platform": "youtube"}
[2026-06-01 09:01:27] [INFO] Tracker updated for asset 26
[2026-06-01 09:01:27] [INFO] ========================================
[2026-06-01 09:01:27] [INFO]   Phase 9: Close Browser Tab
[2026-06-01 09:01:27] [INFO] ========================================

[2026-06-01 09:01:28] [CMD] browseros-cli close -p 300
[2026-06-01 09:01:28] [EXIT] 0
[2026-06-01 09:01:28] [OUT] ---
Closed page 300
[2026-06-01 09:01:28] [OUT] ---
[2026-06-01 09:01:28] [INFO] Browser tab closed
[2026-06-01 09:01:28] [INFO] ========================================
[2026-06-01 09:01:28] [INFO]   Processing Schedule Entry 5 / 23
[2026-06-01 09:01:28] [INFO] ========================================
[2026-06-01 09:01:28] [INFO] Date: 2026-06-13, Day: Saturday, Time: 09:00:00
[2026-06-01 09:01:28] [INFO] ========================================
[2026-06-01 09:01:28] [INFO]   Phase 1: Identify Project and Asset
[2026-06-01 09:01:28] [INFO] ========================================
[2026-06-01 09:01:28] [INFO] Fetching mapped post for project 1...
[2026-06-01 09:01:28] [DEBUG] get_mapped_post exit=0 output='ID: 27
Caption: 🧈 Garlic Butter Broiled Lobster Tail 🫒
Recipe: 
Ingredients: 🦞 2 large lobster tails, 🧈 4 tbsp melted butter, 🧄 1 clove minced garlic, 🌶️ 1/2 tsp smoked paprika, 🍋 1 tsp fresh lemon juice, 🌿 and parsley. 
Steps: 👨‍🍳 Butterfly the tails by cutting down the center of the top shell and pulling the meat upward to rest on top. 🥣 Mix butter, garlic, paprika, and lemon; brush onto the meat. 🔥 Broil at 450°F (230°C) for 12-15 minutes until the meat is white and opaque. ⏲️ Garnish with parsley and serve with extra drawn butter.
#lobster #seafood #luxuryfood #dinner #cooking #butter #lobsterlover #gourmet 🌮🍱'
[2026-06-01 09:01:28] [INFO] Asset ID: 27
[2026-06-01 09:01:28] [INFO] Title length: 38 chars
[2026-06-01 09:01:28] [INFO] Description length: 566 chars
[2026-06-01 09:01:28] [INFO] Asset path: /Users/dsen/Projects/ai-post-maker/project-1/assets/27.mp4
[2026-06-01 09:01:28] [INFO] ========================================
[2026-06-01 09:01:28] [INFO]   Phase 2: Open YouTube Upload Page
[2026-06-01 09:01:28] [INFO] ========================================
[2026-06-01 09:01:28] [INFO] Opening new page: https://www.youtube.com/upload

[2026-06-01 09:01:29] [CMD] browseros-cli open https://www.youtube.com/upload --json
[2026-06-01 09:01:29] [EXIT] 0
[2026-06-01 09:01:29] [OUT] ---
{"background":false,"hidden":false,"pageId":302,"url":"https://www.youtube.com/upload"}
[2026-06-01 09:01:29] [OUT] ---
[2026-06-01 09:01:29] [INFO] Page opened with ID: 302
[2026-06-01 09:01:34] [INFO] Page loaded successfully
[2026-06-01 09:01:34] [INFO] ========================================
[2026-06-01 09:01:34] [INFO]   Phase 3: Upload the Video File
[2026-06-01 09:01:34] [INFO] ========================================
[2026-06-01 09:01:34] [INFO] Exposing hidden file input...

[2026-06-01 09:01:35] [CMD] browseros-cli eval -p 302 document.querySelectorAll('input[type="file"]').forEach((i, idx) => { i.removeAttribute('aria-hidden'); i.style.display='block'; i.style.visibility='visible'; i.style.opacity='1'; i.style.position='static'; i.style.width='100px'; i.style.height='50px'; i.style.zIndex='999999'; i.title='Upload Video File'; });
[2026-06-01 09:01:35] [EXIT] 0
[2026-06-01 09:01:35] [OUT] ---
undefined
[2026-06-01 09:01:35] [OUT] ---
[2026-06-01 09:01:37] [INFO] Taking snapshot to find file input...

[2026-06-01 09:01:38] [CMD] browseros-cli snap -p 302
[2026-06-01 09:01:38] [EXIT] 0
[2026-06-01 09:01:38] [OUT] ---
[345] menuitem "Content"
[365] menuitem "Analytics"
[384] menuitem "Community"
[403] menuitem "Subtitles"
[422] menuitem "Content detection"
[441] menuitem "Earn"
[460] menuitem "Customization"
[479] menuitem "Audio library"
[504] button "Settings"
[517] button "Send feedback"
[565] tab "Inspiration"
[568] tab "Videos" (selected)
[570] tab "Shorts"
[573] tab "Live"
[576] tab "Posts"
[579] tab "Playlists"
[582] tab "Podcasts"
[585] tab "Promotions"
[591] tab "Collaborations"
[11] textbox "Filter"
[792] checkbox
[905] button "Sort by Date"
[942] button "Sort by Views"
[1492] button "Send Feedback"
[1504] button "Close"
[1537] button "Select files"
[1542] button "Choose Files"
[1546] link "Terms of Service"
[1547] link "Community Guidelines"
[1551] link "Learn more"
[546] clickable "Inspiration
        


  
      Videos
    


  
        Shorts
      


  
        Live
      


  "
[2026-06-01 09:01:38] [OUT] ---

[2026-06-01 09:01:39] [CMD] browseros-cli snap -p 302
[2026-06-01 09:01:39] [EXIT] 0
[2026-06-01 09:01:39] [OUT] ---
[345] menuitem "Content"
[365] menuitem "Analytics"
[384] menuitem "Community"
[403] menuitem "Subtitles"
[422] menuitem "Content detection"
[441] menuitem "Earn"
[460] menuitem "Customization"
[479] menuitem "Audio library"
[504] button "Settings"
[517] button "Send feedback"
[565] tab "Inspiration"
[568] tab "Videos" (selected)
[570] tab "Shorts"
[573] tab "Live"
[576] tab "Posts"
[579] tab "Playlists"
[582] tab "Podcasts"
[585] tab "Promotions"
[591] tab "Collaborations"
[11] textbox "Filter"
[792] checkbox
[905] button "Sort by Date"
[942] button "Sort by Views"
[1492] button "Send Feedback"
[1504] button "Close"
[1537] button "Select files"
[1542] button "Choose Files"
[1546] link "Terms of Service"
[1547] link "Community Guidelines"
[1551] link "Learn more"
[546] clickable "Inspiration
        


  
      Videos
    


  
        Shorts
      


  
        Live
      


  "
[2026-06-01 09:01:39] [OUT] ---

[2026-06-01 09:01:40] [CMD] browseros-cli snap -p 302
[2026-06-01 09:01:40] [EXIT] 0
[2026-06-01 09:01:40] [OUT] ---
[345] menuitem "Content"
[365] menuitem "Analytics"
[384] menuitem "Community"
[403] menuitem "Subtitles"
[422] menuitem "Content detection"
[441] menuitem "Earn"
[460] menuitem "Customization"
[479] menuitem "Audio library"
[504] button "Settings"
[517] button "Send feedback"
[565] tab "Inspiration"
[568] tab "Videos" (selected)
[570] tab "Shorts"
[573] tab "Live"
[576] tab "Posts"
[579] tab "Playlists"
[582] tab "Podcasts"
[585] tab "Promotions"
[591] tab "Collaborations"
[11] textbox "Filter"
[792] checkbox
[905] button "Sort by Date"
[942] button "Sort by Views"
[1492] button "Send Feedback"
[1504] button "Close"
[1537] button "Select files"
[1542] button "Choose Files"
[1546] link "Terms of Service"
[1547] link "Community Guidelines"
[1551] link "Learn more"
[546] clickable "Inspiration
        


  
      Videos
    


  
        Shorts
      


  
        Live
      


  "
[2026-06-01 09:01:40] [OUT] ---
[2026-06-01 09:01:40] [INFO] Attempting upload to ref: 1542...

[2026-06-01 09:01:41] [CMD] browseros-cli upload -p 302 1542 /Users/dsen/Projects/ai-post-maker/project-1/assets/27.mp4
[2026-06-01 09:01:41] [EXIT] 0
[2026-06-01 09:01:41] [OUT] ---
Set 1 file(s) on [1542]
[2026-06-01 09:01:41] [OUT] ---
[2026-06-01 09:01:46] [INFO] Waiting for 'Details' screen to appear...

[2026-06-01 09:01:47] [CMD] browseros-cli snap -p 302
[2026-06-01 09:01:47] [EXIT] 0
[2026-06-01 09:01:47] [OUT] ---
[1504] button "Close"
[2151] tab "Details" (selected)
[2162] tab "Video elements"
[2173] tab "Checks"
[2184] tab "Visibility"
[1955] button "Reuse details"
[2264] textbox "Add a title that describes your video (type @ to mention a channel)" value="27" (required)
[2476] button "Add all"
[2377] button "Options"
[2828] button "Personalized suggestion illustration #appetizer"
[2838] button "#strawberry"
[2848] button "Personalized suggestion illustration #baking"
[2014] textbox "Tell viewers about your video (type @ to mention a channel)"
[2227] link "Learn more about playlists"
[2233] button "Select playlists"
[2237] button "Select"
[2060] link "What's content made for kids?"
[2067] link "Learn more about video's audience settings"
[2070] radio "Yes, it's made for kids . Features like personalized ads and notifications won’t be available on videos made for kids. Videos that are set as made for kids by you are more likely to be recommended alongside other kids’ videos. Learn more"
[2074] link "Learn more"
[2075] radio "No, it's not made for kids"
[1999] button "Age restriction (advanced)"
[2148] button "Show advanced settings"
[2210] link "https://youtube.com/shorts/ODWhScvfZAs"
[2213] button "Copy video link"
[1599] button "Next"
[546] clickable "Inspiration
        


  
      Videos
    


  
        Shorts
      


  
        Live
      


  "
[2380] clickable "The following suggestions were automatically generated based on your existing content. You can add
  and edit them to help viewers discover, understand, and engage with your content."
[2069] clickable "Yes, it's made for kids.
          Features like personalized ads and notifications won’t be availab"
[2026-06-01 09:01:47] [OUT] ---
[2026-06-01 09:01:47] [INFO] Video uploaded and Details screen reached
[2026-06-01 09:01:47] [INFO] ========================================
[2026-06-01 09:01:47] [INFO]   Phase 4: Fill Details
[2026-06-01 09:01:47] [INFO] ========================================
[2026-06-01 09:01:47] [INFO] Finding Title field...

[2026-06-01 09:01:48] [CMD] browseros-cli snap -p 302
[2026-06-01 09:01:48] [EXIT] 0
[2026-06-01 09:01:48] [OUT] ---
[1504] button "Close"
[2151] tab "Details" (selected)
[2162] tab "Video elements"
[2173] tab "Checks"
[2184] tab "Visibility"
[1955] button "Reuse details"
[2264] textbox "Add a title that describes your video (type @ to mention a channel)" value="27" (required)
[2476] button "Add all"
[2377] button "Options"
[2828] button "Personalized suggestion illustration #appetizer"
[2838] button "#strawberry"
[2848] button "Personalized suggestion illustration #baking"
[2014] textbox "Tell viewers about your video (type @ to mention a channel)"
[2227] link "Learn more about playlists"
[2233] button "Select playlists"
[2237] button "Select"
[2060] link "What's content made for kids?"
[2067] link "Learn more about video's audience settings"
[2070] radio "Yes, it's made for kids . Features like personalized ads and notifications won’t be available on videos made for kids. Videos that are set as made for kids by you are more likely to be recommended alongside other kids’ videos. Learn more"
[2074] link "Learn more"
[2075] radio "No, it's not made for kids"
[1999] button "Age restriction (advanced)"
[2148] button "Show advanced settings"
[2210] link "https://youtube.com/shorts/ODWhScvfZAs"
[2213] button "Copy video link"
[1599] button "Next"
[546] clickable "Inspiration
        


  
      Videos
    


  
        Shorts
      


  
        Live
      


  "
[2380] clickable "The following suggestions were automatically generated based on your existing content. You can add
  and edit them to help viewers discover, understand, and engage with your content."
[2069] clickable "Yes, it's made for kids.
          Features like personalized ads and notifications won’t be availab"
[2026-06-01 09:01:48] [OUT] ---
[2026-06-01 09:01:48] [INFO] Filling Title...

[2026-06-01 09:01:50] [CMD] browseros-cli fill -p 302 2264 🧈 Garlic Butter Broiled Lobster Tail 🫒
[2026-06-01 09:01:50] [EXIT] 0
[2026-06-01 09:01:50] [OUT] ---
Typed 40 characters into [2264] at (472, 229)
[2026-06-01 09:01:50] [OUT] ---
[2026-06-01 09:01:52] [INFO] Finding Description field...

[2026-06-01 09:01:53] [CMD] browseros-cli snap -p 302
[2026-06-01 09:01:53] [EXIT] 0
[2026-06-01 09:01:53] [OUT] ---
[1504] button "Close"
[2151] tab "Details" (selected)
[2162] tab "Video elements"
[2173] tab "Checks"
[2184] tab "Visibility"
[1955] button "Reuse details"
[2264] textbox "Add a title that describes your video (type @ to mention a channel)" value="🧈 Garlic Butter Broiled Lobster Tail 🫒" (required)
[2476] button "Add all"
[2377] button "Options"
[2828] button "Personalized suggestion illustration #appetizer"
[2838] button "#strawberry"
[2848] button "Personalized suggestion illustration #baking"
[2014] textbox "Tell viewers about your video (type @ to mention a channel)"
[2227] link "Learn more about playlists"
[2233] button "Select playlists"
[2237] button "Select"
[2060] link "What's content made for kids?"
[2067] link "Learn more about video's audience settings"
[2070] radio "Yes, it's made for kids . Features like personalized ads and notifications won’t be available on videos made for kids. Videos that are set as made for kids by you are more likely to be recommended alongside other kids’ videos. Learn more"
[2074] link "Learn more"
[2075] radio "No, it's not made for kids"
[1999] button "Age restriction (advanced)"
[2148] button "Show advanced settings"
[2210] link "https://youtube.com/shorts/ODWhScvfZAs"
[2213] button "Copy video link"
[1599] button "Next"
[546] clickable "Inspiration
        


  
      Videos
    


  
        Shorts
      


  
        Live
      


  "
[2380] clickable "The following suggestions were automatically generated based on your existing content. You can add
  and edit them to help viewers discover, understand, and engage with your content."
[2069] clickable "Yes, it's made for kids.
          Features like personalized ads and notifications won’t be availab"
[2026-06-01 09:01:53] [OUT] ---
[2026-06-01 09:01:53] [INFO] Filling Description...

[2026-06-01 09:01:55] [CMD] browseros-cli fill -p 302 2014 Recipe: 
Ingredients: 🦞 2 large lobster tails, 🧈 4 tbsp melted butter, 🧄 1 clove minced garlic, 🌶️ 1/2 tsp smoked paprika, 🍋 1 tsp fresh lemon juice, 🌿 and parsley. 
Steps: 👨‍🍳 Butterfly the tails by cutting down the center of the top shell and pulling the meat upward to rest on top. 🥣 Mix butter, garlic, paprika, and lemon; brush onto the meat. 🔥 Broil at 450°F (230°C) for 12-15 minutes until the meat is white and opaque. ⏲️ Garnish with parsley and serve with extra drawn butter.
#lobster #seafood #luxuryfood #dinner #cooking #butter #lobsterlover #gourmet 🌮🍱
[2026-06-01 09:01:55] [EXIT] 0
[2026-06-01 09:01:55] [OUT] ---
Typed 578 characters into [2014] at (472, 490)
[2026-06-01 09:01:55] [OUT] ---
[2026-06-01 09:01:58] [INFO] Selecting 'Not made for kids'...

[2026-06-01 09:01:59] [CMD] browseros-cli snap -p 302
[2026-06-01 09:01:59] [EXIT] 0
[2026-06-01 09:01:59] [OUT] ---
[905] button "Sort by Date"
[942] button "Sort by Views"
[1492] button "Send Feedback"
[1504] button "Close"
[2151] tab "Details" (selected)
[2162] tab "Video elements"
[2173] tab "Checks"
[2184] tab "Visibility"
[1955] button "Reuse details"
[2264] textbox "Add a title that describes your video (type @ to mention a channel)" value="🧈 Garlic Butter Broiled Lobster Tail 🫒" (required)
[2014] textbox "Tell viewers about your video (type @ to mention a channel)" value="Recipe: 
Ingredients: 🦞 2 large lobster tails, 🧈 4 tbsp melted butter, 🧄 1 clove minced garlic, 🌶️ 1/2 tsp smoked paprika, 🍋 1 tsp fresh lemon juice, 🌿 and parsley. 
Steps: 👨‍🍳 Butterfly the tails by cutting down the center of the top shell and pulling the meat upward to rest on top. 🥣 Mix butter, garlic, paprika, and lemon; brush onto the meat. 🔥 Broil at 450°F (230°C) for 12-15 minutes until the meat is white and opaque. ⏲️ Garnish with parsley and serve with extra drawn butter.
#lobster #seafood #luxuryfood #dinner #cooking #butter #lobsterlover #gourmet 🌮🍱
"
[2227] link "Learn more about playlists"
[2233] button "Select playlists"
[2237] button "Select"
[2060] link "What's content made for kids?"
[2067] link "Learn more about video's audience settings"
[2070] radio "Yes, it's made for kids . Features like personalized ads and notifications won’t be available on videos made for kids. Videos that are set as made for kids by you are more likely to be recommended alongside other kids’ videos. Learn more"
[2074] link "Learn more"
[2075] radio "No, it's not made for kids"
[1999] button "Age restriction (advanced)"
[2148] button "Show advanced settings"
[2210] link "https://youtube.com/shorts/ODWhScvfZAs"
[2213] button "Copy video link"
[1599] button "Next"
[546] clickable "Inspiration
        


  
      Videos
    


  
        Shorts
      


  
        Live
      


  "
[2069] clickable "Yes, it's made for kids.
          Features like personalized ads and notifications won’t be availab"
[2026-06-01 09:01:59] [OUT] ---

[2026-06-01 09:02:00] [CMD] browseros-cli click -p 302 2075
[2026-06-01 09:02:00] [EXIT] 0
[2026-06-01 09:02:00] [OUT] ---
Clicked [2075] at (303, 464)
[2026-06-01 09:02:00] [OUT] ---
[2026-06-01 09:02:00] [INFO] Selected 'Not made for kids'
[2026-06-01 09:02:02] [INFO] ========================================
[2026-06-01 09:02:02] [INFO]   Phase 5: Navigate to Visibility Screen
[2026-06-01 09:02:02] [INFO] ========================================

[2026-06-01 09:02:03] [CMD] browseros-cli snap -p 302
[2026-06-01 09:02:03] [EXIT] 0
[2026-06-01 09:02:03] [OUT] ---
[905] button "Sort by Date"
[942] button "Sort by Views"
[1492] button "Send Feedback"
[1504] button "Close"
[2151] tab "Details" (selected)
[2162] tab "Video elements"
[2173] tab "Checks"
[2184] tab "Visibility"
[1955] button "Reuse details"
[2264] textbox "Add a title that describes your video (type @ to mention a channel)" value="🧈 Garlic Butter Broiled Lobster Tail 🫒" (required)
[2014] textbox "Tell viewers about your video (type @ to mention a channel)" value="Recipe: 
Ingredients: 🦞 2 large lobster tails, 🧈 4 tbsp melted butter, 🧄 1 clove minced garlic, 🌶️ 1/2 tsp smoked paprika, 🍋 1 tsp fresh lemon juice, 🌿 and parsley. 
Steps: 👨‍🍳 Butterfly the tails by cutting down the center of the top shell and pulling the meat upward to rest on top. 🥣 Mix butter, garlic, paprika, and lemon; brush onto the meat. 🔥 Broil at 450°F (230°C) for 12-15 minutes until the meat is white and opaque. ⏲️ Garnish with parsley and serve with extra drawn butter.
#lobster #seafood #luxuryfood #dinner #cooking #butter #lobsterlover #gourmet 🌮🍱
"
[2227] link "Learn more about playlists"
[2233] button "Select playlists"
[2237] button "Select"
[2060] link "What's content made for kids?"
[2067] link "Learn more about video's audience settings"
[2070] radio "Yes, it's made for kids . Features like personalized ads and notifications won’t be available on videos made for kids. Videos that are set as made for kids by you are more likely to be recommended alongside other kids’ videos. Learn more"
[2074] link "Learn more"
[2075] radio "No, it's not made for kids"
[1999] button "Age restriction (advanced)"
[2148] button "Show advanced settings"
[2210] link "https://youtube.com/shorts/ODWhScvfZAs"
[2213] button "Copy video link"
[1599] button "Next"
[546] clickable "Inspiration
        


  
      Videos
    


  
        Shorts
      


  
        Live
      


  "
[2069] clickable "Yes, it's made for kids.
          Features like personalized ads and notifications won’t be availab"
[2026-06-01 09:02:03] [OUT] ---
[2026-06-01 09:02:03] [INFO] Clicking Next (1/3)...

[2026-06-01 09:02:04] [CMD] browseros-cli click -p 302 1599
[2026-06-01 09:02:04] [EXIT] 0
[2026-06-01 09:02:04] [OUT] ---
Clicked [1599] at (1061, 697)
[2026-06-01 09:02:04] [OUT] ---

[2026-06-01 09:02:08] [CMD] browseros-cli snap -p 302
[2026-06-01 09:02:08] [EXIT] 0
[2026-06-01 09:02:08] [OUT] ---
[422] menuitem "Content detection"
[441] menuitem "Earn"
[460] menuitem "Customization"
[479] menuitem "Audio library"
[504] button "Settings"
[517] button "Send feedback"
[565] tab "Inspiration"
[568] tab "Videos" (selected)
[570] tab "Shorts"
[573] tab "Live"
[576] tab "Posts"
[579] tab "Playlists"
[582] tab "Podcasts"
[585] tab "Promotions"
[591] tab "Collaborations"
[11] textbox "Filter"
[792] checkbox
[905] button "Sort by Date"
[942] button "Sort by Views"
[1492] button "Send Feedback"
[1504] button "Close"
[2151] tab "Details"
[2162] tab "Video elements" (selected)
[2173] tab "Checks"
[2184] tab "Visibility"
[10801] link "Learn more"
[11039] button "Add"
[10845] button "Add" (disabled)
[1592] button "Back"
[1599] button "Next"
[546] clickable "Inspiration
        


  
      Videos
    


  
        Shorts
      


  
        Live
      


  "
[2026-06-01 09:02:08] [OUT] ---

[2026-06-01 09:02:09] [CMD] browseros-cli snap -p 302
[2026-06-01 09:02:09] [EXIT] 0
[2026-06-01 09:02:09] [OUT] ---
[422] menuitem "Content detection"
[441] menuitem "Earn"
[460] menuitem "Customization"
[479] menuitem "Audio library"
[504] button "Settings"
[517] button "Send feedback"
[565] tab "Inspiration"
[568] tab "Videos" (selected)
[570] tab "Shorts"
[573] tab "Live"
[576] tab "Posts"
[579] tab "Playlists"
[582] tab "Podcasts"
[585] tab "Promotions"
[591] tab "Collaborations"
[11] textbox "Filter"
[792] checkbox
[905] button "Sort by Date"
[942] button "Sort by Views"
[1492] button "Send Feedback"
[1504] button "Close"
[2151] tab "Details"
[2162] tab "Video elements" (selected)
[2173] tab "Checks"
[2184] tab "Visibility"
[10801] link "Learn more"
[11039] button "Add"
[10845] button "Add" (disabled)
[1592] button "Back"
[1599] button "Next"
[546] clickable "Inspiration
        


  
      Videos
    


  
        Shorts
      


  
        Live
      


  "
[2026-06-01 09:02:09] [OUT] ---
[2026-06-01 09:02:09] [INFO] Clicking Next (2/3)...

[2026-06-01 09:02:10] [CMD] browseros-cli click -p 302 1599
[2026-06-01 09:02:10] [EXIT] 0
[2026-06-01 09:02:10] [OUT] ---
Clicked [1599] at (1061, 697)
[2026-06-01 09:02:10] [OUT] ---

[2026-06-01 09:02:14] [CMD] browseros-cli snap -p 302
[2026-06-01 09:02:14] [EXIT] 0
[2026-06-01 09:02:14] [OUT] ---
[460] menuitem "Customization"
[479] menuitem "Audio library"
[504] button "Settings"
[517] button "Send feedback"
[565] tab "Inspiration"
[568] tab "Videos" (selected)
[570] tab "Shorts"
[573] tab "Live"
[576] tab "Posts"
[579] tab "Playlists"
[582] tab "Podcasts"
[585] tab "Promotions"
[591] tab "Collaborations"
[11] textbox "Filter"
[792] checkbox
[905] button "Sort by Date"
[942] button "Sort by Views"
[1492] button "Send Feedback"
[1504] button "Close"
[2151] tab "Details"
[2162] tab "Video elements"
[2173] tab "Checks" (selected)
[2184] tab "Visibility"
[11214] link "Learn more"
[11258] link "Learn more"
[11226] button "Send feedback"
[1592] button "Back"
[1599] button "Next"
[546] clickable "Inspiration
        


  
      Videos
    


  
        Shorts
      


  
        Live
      


  "
[11225] clickable "Send feedback"
[11227] clickable "Send feedback"
[2026-06-01 09:02:14] [OUT] ---

[2026-06-01 09:02:15] [CMD] browseros-cli snap -p 302
[2026-06-01 09:02:15] [EXIT] 0
[2026-06-01 09:02:15] [OUT] ---
[460] menuitem "Customization"
[479] menuitem "Audio library"
[504] button "Settings"
[517] button "Send feedback"
[565] tab "Inspiration"
[568] tab "Videos" (selected)
[570] tab "Shorts"
[573] tab "Live"
[576] tab "Posts"
[579] tab "Playlists"
[582] tab "Podcasts"
[585] tab "Promotions"
[591] tab "Collaborations"
[11] textbox "Filter"
[792] checkbox
[905] button "Sort by Date"
[942] button "Sort by Views"
[1492] button "Send Feedback"
[1504] button "Close"
[2151] tab "Details"
[2162] tab "Video elements"
[2173] tab "Checks" (selected)
[2184] tab "Visibility"
[11214] link "Learn more"
[11258] link "Learn more"
[11226] button "Send feedback"
[1592] button "Back"
[1599] button "Next"
[546] clickable "Inspiration
        


  
      Videos
    


  
        Shorts
      


  
        Live
      


  "
[11225] clickable "Send feedback"
[11227] clickable "Send feedback"
[2026-06-01 09:02:15] [OUT] ---
[2026-06-01 09:02:15] [INFO] Clicking Next (3/3)...

[2026-06-01 09:02:16] [CMD] browseros-cli click -p 302 1599
[2026-06-01 09:02:16] [EXIT] 0
[2026-06-01 09:02:16] [OUT] ---
Clicked [1599] at (1061, 697)
[2026-06-01 09:02:16] [OUT] ---

[2026-06-01 09:02:20] [CMD] browseros-cli snap -p 302
[2026-06-01 09:02:20] [EXIT] 0
[2026-06-01 09:02:20] [OUT] ---
[11650] radio "Private"
[11660] radio "Unlisted"
[11669] radio "Public"
[11377] button "Click to expand"
[11312] link "Learn more"
[11317] link "Learn more"
[11603] button "Play"
[11606] button "Mute"
[11428] slider "volume"
[11610] button "Settings"
[11635] button "Full screen"
[11345] link "https://youtube.com/shorts/ODWhScvfZAs"
[11348] button "Copy video link"
[1592] button "Back"
[1606] button "Save"
[546] clickable "Inspiration
        


  
      Videos
    


  
        Shorts
      


  
        Live
      


  "
[11388] clickable "Private
          

          
          
            
              Only you and people you choose "
[11371] clickable "Schedule
      
        
          Select a date to make your video public.
        
      
      
 "
[2026-06-01 09:02:20] [OUT] ---
[2026-06-01 09:02:20] [INFO] Reached Visibility screen
[2026-06-01 09:02:20] [INFO] ========================================
[2026-06-01 09:02:20] [INFO]   Phase 6: Open Scheduling Options
[2026-06-01 09:02:20] [INFO] ========================================
[2026-06-01 09:02:20] [INFO] Clicking 'Schedule' option...

[2026-06-01 09:02:20] [CMD] browseros-cli snap -p 302
[2026-06-01 09:02:20] [EXIT] 0
[2026-06-01 09:02:20] [OUT] ---
[11650] radio "Private"
[11660] radio "Unlisted"
[11669] radio "Public"
[11377] button "Click to expand"
[11312] link "Learn more"
[11317] link "Learn more"
[11603] button "Play"
[11606] button "Mute"
[11428] slider "volume"
[11610] button "Settings"
[11635] button "Full screen"
[11345] link "https://youtube.com/shorts/ODWhScvfZAs"
[11348] button "Copy video link"
[1592] button "Back"
[1606] button "Save"
[546] clickable "Inspiration
        


  
      Videos
    


  
        Shorts
      


  
        Live
      


  "
[11388] clickable "Private
          

          
          
            
              Only you and people you choose "
[11371] clickable "Schedule
      
        
          Select a date to make your video public.
        
      
      
 "
[2026-06-01 09:02:20] [OUT] ---

[2026-06-01 09:02:21] [CMD] browseros-cli click -p 302 11371
[2026-06-01 09:02:21] [EXIT] 0
[2026-06-01 09:02:21] [OUT] ---
Clicked [11371] at (472, 574)
[2026-06-01 09:02:21] [OUT] ---
[2026-06-01 09:02:23] [INFO] ========================================
[2026-06-01 09:02:23] [INFO]   Phase 7: Fill Date and Time
[2026-06-01 09:02:23] [INFO] ========================================
[2026-06-01 09:02:23] [INFO] Setting date: Jun 13, 2026, time: 9:00 AM
[2026-06-01 09:02:24] [INFO] Opening date picker...

[2026-06-01 09:02:25] [CMD] browseros-cli snap -p 302
[2026-06-01 09:02:25] [EXIT] 0
[2026-06-01 09:02:25] [OUT] ---
[942] button "Sort by Views"
[1492] button "Send Feedback"
[1504] button "Close"
[2151] tab "Details"
[2162] tab "Video elements"
[2173] tab "Checks"
[2184] tab "Visibility" (selected)
[11363] button "Click to expand"
[11899] button "Jun 2, 2026"
[11903] button "Jun 2, 2026"
[11929] textbox value="12:00 AM"
[12012] button "Time zone"
[11312] link "Learn more"
[11317] link "Learn more"
[11603] button "Play"
[11606] button "Mute"
[11428] slider "volume"
[11610] button "Settings"
[11635] button "Full screen"
[11345] link "https://youtube.com/shorts/ODWhScvfZAs"
[11348] button "Copy video link"
[1592] button "Back"
[1606] button "Schedule"
[546] clickable "Inspiration
        


  
      Videos
    


  
        Shorts
      


  
        Live
      


  "
[11324] clickable "Save or publish
        
        
          Make your video public, unlisted, or private
        
  "
[12013] clickable "Default set to local time zone (GMT+0530)"
[2026-06-01 09:02:25] [OUT] ---

[2026-06-01 09:02:26] [CMD] browseros-cli click -p 302 11899
[2026-06-01 09:02:26] [EXIT] 0
[2026-06-01 09:02:26] [OUT] ---
Clicked [11899] at (310, 490)
[2026-06-01 09:02:26] [OUT] ---

[2026-06-01 09:02:29] [CMD] browseros-cli snap -p 302
[2026-06-01 09:02:29] [EXIT] 0
[2026-06-01 09:02:29] [OUT] ---
[12266] clickable "13"
[12267] clickable "14"
[12268] clickable "15"
[12269] clickable "16"
[12270] clickable "17"
[12271] clickable "18"
[12272] clickable "19"
[12273] clickable "20"
[12274] clickable "21"
[12275] clickable "22"
[12276] clickable "23"
[12277] clickable "24"
[12278] clickable "25"
[12279] clickable "26"
[12280] clickable "27"
[12281] clickable "28"
[12282] clickable "29"
[12283] clickable "30"
[12284] clickable "31"
[12292] clickable "1"
[12293] clickable "2"
[12294] clickable "3"
[12295] clickable "4"
[12296] clickable "5"
[12297] clickable "6"
[12298] clickable "7"
[12299] clickable "8"
[12300] clickable "9"
[12301] clickable "10"
[12302] clickable "11"
[12303] clickable "12"
[12304] clickable "13"
[12305] clickable "14"
[12306] clickable "15"
[12307] clickable "16"
[12308] clickable "17"
[12309] clickable "18"
[12310] clickable "19"
[12311] clickable "20"
[12312] clickable "21"
[12313] clickable "22"
[12314] clickable "23"
[12315] clickable "24"
[12316] clickable "25"
[12317] clickable "26"
[12318] clickable "27"
[12319] clickable "28"
[12320] clickable "29"
[12321] clickable "30"
[12322] clickable "31"
[2026-06-01 09:02:29] [OUT] ---

[2026-06-01 09:02:30] [CMD] browseros-cli fill -p 302 12106 Jun 13, 2026
[2026-06-01 09:02:30] [EXIT] 0
[2026-06-01 09:02:30] [OUT] ---
Typed 12 characters into [12106] at (327, 124)
[2026-06-01 09:02:30] [OUT] ---

[2026-06-01 09:02:32] [CMD] browseros-cli key -p 302 Enter
[2026-06-01 09:02:32] [EXIT] 0
[2026-06-01 09:02:32] [OUT] ---
Pressed Enter
[2026-06-01 09:02:32] [OUT] ---
[2026-06-01 09:02:34] [INFO] Setting time...

[2026-06-01 09:02:35] [CMD] browseros-cli snap -p 302
[2026-06-01 09:02:35] [EXIT] 0
[2026-06-01 09:02:35] [OUT] ---
[942] button "Sort by Views"
[1492] button "Send Feedback"
[1504] button "Close"
[2151] tab "Details"
[2162] tab "Video elements"
[2173] tab "Checks"
[2184] tab "Visibility" (selected)
[11363] button "Click to expand"
[11899] button "Jun 13, 2026"
[11903] button "Jun 13, 2026"
[11929] textbox value="12:00 AM"
[12012] button "Time zone"
[11312] link "Learn more"
[11317] link "Learn more"
[11603] button "Play"
[11606] button "Mute"
[11428] slider "volume"
[11610] button "Settings"
[11635] button "Full screen"
[11345] link "https://youtube.com/shorts/ODWhScvfZAs"
[11348] button "Copy video link"
[1592] button "Back"
[1606] button "Schedule"
[546] clickable "Inspiration
        


  
      Videos
    


  
        Shorts
      


  
        Live
      


  "
[11324] clickable "Save or publish
        
        
          Make your video public, unlisted, or private
        
  "
[12013] clickable "Default set to local time zone (GMT+0530)"
[2026-06-01 09:02:35] [OUT] ---
[2026-06-01 09:02:35] [INFO] Clicking time input box to open dropdown...

[2026-06-01 09:02:36] [CMD] browseros-cli click -p 302 11929
[2026-06-01 09:02:36] [EXIT] 0
[2026-06-01 09:02:36] [OUT] ---
Clicked [11929] at (466, 490)
[2026-06-01 09:02:36] [OUT] ---

[2026-06-01 09:02:39] [CMD] browseros-cli snap -p 302
[2026-06-01 09:02:39] [EXIT] 0
[2026-06-01 09:02:39] [OUT] ---
[12921] option "6:15 PM"
[12922] option "6:30 PM"
[12923] option "6:45 PM"
[12924] option "7:00 PM"
[12925] option "7:15 PM"
[12926] option "7:30 PM"
[12927] option "7:45 PM"
[12928] option "8:00 PM"
[12929] option "8:15 PM"
[12930] option "8:30 PM"
[12931] option "8:45 PM"
[12932] option "9:00 PM"
[12933] option "9:15 PM"
[12934] option "9:30 PM"
[12935] option "9:45 PM"
[12936] option "10:00 PM"
[12937] option "10:15 PM"
[12938] option "10:30 PM"
[12939] option "10:45 PM"
[12940] option "11:00 PM"
[12941] option "11:15 PM"
[12942] option "11:30 PM"
[12943] option "11:45 PM"
[546] clickable "Inspiration
        


  
      Videos
    


  
        Shorts
      


  
        Live
      


  "
[11324] clickable "Save or publish
        
        
          Make your video public, unlisted, or private
        
  "
[12013] clickable "Default set to local time zone (GMT+0530)"
[2026-06-01 09:02:39] [OUT] ---
[2026-06-01 09:02:39] [INFO] Clicking time option ref: 12884 for 9:00 AM

[2026-06-01 09:02:40] [CMD] browseros-cli click -p 302 12884
[2026-06-01 09:02:40] [EXIT] 0
[2026-06-01 09:02:40] [OUT] ---
Clicked [12884] at (466, 316)
[2026-06-01 09:02:40] [OUT] ---
[2026-06-01 09:02:42] [INFO] Date and time filled successfully
[2026-06-01 09:02:42] [INFO] ========================================
[2026-06-01 09:02:42] [INFO]   Phase 8: User Verification
[2026-06-01 09:02:42] [INFO] ========================================
[2026-06-01 09:02:42] [INFO] 
[2026-06-01 09:02:42] [INFO] ============================================
[2026-06-01 09:02:42] [INFO]   SCHEDULED REEL REVIEW
[2026-06-01 09:02:42] [INFO] ============================================
[2026-06-01 09:02:42] [INFO]   Asset ID: 27
[2026-06-01 09:02:42] [INFO]   Project:  project-1
[2026-06-01 09:02:42] [INFO]   Date:     2026-06-13 (Saturday)
[2026-06-01 09:02:42] [INFO]   Time:     09:00:00
[2026-06-01 09:02:42] [INFO] ============================================
[2026-06-01 09:02:42] [INFO] 
[2026-06-01 09:02:42] [INFO] [YOLO] Finding 'Schedule' button...

[2026-06-01 09:02:43] [CMD] browseros-cli snap -p 302
[2026-06-01 09:02:43] [EXIT] 0
[2026-06-01 09:02:43] [OUT] ---
[585] tab "Promotions"
[591] tab "Collaborations"
[11] textbox "Filter"
[792] checkbox
[905] button "Sort by Date"
[942] button "Sort by Views"
[1492] button "Send Feedback"
[1504] button "Close"
[2151] tab "Details"
[2162] tab "Video elements"
[2173] tab "Checks"
[2184] tab "Visibility" (selected)
[11363] button "Click to expand"
[11899] button "Jun 13, 2026"
[11903] button "Jun 13, 2026"
[11929] textbox value="9:00 AM"
[12012] button "Time zone"
[11312] link "Learn more"
[11317] link "Learn more"
[11345] link "https://youtube.com/shorts/ODWhScvfZAs"
[11348] button "Copy video link"
[1592] button "Back"
[1606] button "Schedule"
[546] clickable "Inspiration
        


  
      Videos
    


  
        Shorts
      


  
        Live
      


  "
[11324] clickable "Save or publish
        
        
          Make your video public, unlisted, or private
        
  "
[12013] clickable "Default set to local time zone (GMT+0530)"
[2026-06-01 09:02:43] [OUT] ---
[2026-06-01 09:02:43] [INFO] Clicking 'Schedule' button (ref: 1606)...

[2026-06-01 09:02:44] [CMD] browseros-cli click -p 302 1606
[2026-06-01 09:02:44] [EXIT] 0
[2026-06-01 09:02:44] [OUT] ---
Clicked [1606] at (1047, 697)
[2026-06-01 09:02:44] [OUT] ---
[2026-06-01 09:02:54] [INFO] Marking asset 27 as uploaded for youtube...
[2026-06-01 09:02:54] [DEBUG] mark_uploaded output: {"success": true, "id": "27", "platform": "youtube"}
[2026-06-01 09:02:54] [INFO] Marking asset 27 as scheduled for youtube...
[2026-06-01 09:02:54] [DEBUG] mark_scheduled output: {"success": true, "id": "27", "platform": "youtube"}
[2026-06-01 09:02:54] [INFO] Tracker updated for asset 27
[2026-06-01 09:02:54] [INFO] ========================================
[2026-06-01 09:02:54] [INFO]   Phase 9: Close Browser Tab
[2026-06-01 09:02:54] [INFO] ========================================

[2026-06-01 09:02:55] [CMD] browseros-cli close -p 302
[2026-06-01 09:02:55] [EXIT] 0
[2026-06-01 09:02:55] [OUT] ---
Closed page 302
[2026-06-01 09:02:55] [OUT] ---
[2026-06-01 09:02:55] [INFO] Browser tab closed
[2026-06-01 09:02:55] [INFO] ========================================
[2026-06-01 09:02:55] [INFO]   Processing Schedule Entry 6 / 23
[2026-06-01 09:02:55] [INFO] ========================================
[2026-06-01 09:02:55] [INFO] Date: 2026-06-13, Day: Saturday, Time: 12:00:00
[2026-06-01 09:02:55] [INFO] ========================================
[2026-06-01 09:02:55] [INFO]   Phase 1: Identify Project and Asset
[2026-06-01 09:02:55] [INFO] ========================================
[2026-06-01 09:02:55] [INFO] Fetching mapped post for project 1...
[2026-06-01 09:02:55] [DEBUG] get_mapped_post exit=0 output='ID: 28
Caption: ☕ Authentic No-Bake Italian Tiramisu ☕
Recipe: 
Ingredients: 🥖 1 pack ladyfingers, ☕ 2 cups strong espresso (cooled), 16oz mascarpone, 🥚 3 large eggs (separated), 🍬 1/2 cup sugar, 🥃 2 tbsp dark rum (optional), 🍫 and dark cocoa powder. 
Steps: 👨‍🍳 Whisk egg yolks and sugar until pale; fold in mascarpone. 🥣 In a separate bowl, whisk egg whites to stiff peaks and fold into the cream. 🔥 Quickly dip ladyfingers in espresso/rum and layer in a dish. ⏲️ Spread half the cream. 🍳 Repeat layers. 🔪 Dust heavily with cocoa powder. 🥧 Refrigerate for at least 6 hours (ideally overnight) to set.
#tiramisu #dessert #italianfood #sweet #cake #coffee #coffeelover #nobake 🌮🍱'
[2026-06-01 09:02:55] [INFO] Asset ID: 28
[2026-06-01 09:02:55] [INFO] Title length: 38 chars
[2026-06-01 09:02:55] [INFO] Description length: 624 chars
[2026-06-01 09:02:55] [INFO] Asset path: /Users/dsen/Projects/ai-post-maker/project-1/assets/28.mp4
[2026-06-01 09:02:55] [INFO] ========================================
[2026-06-01 09:02:55] [INFO]   Phase 2: Open YouTube Upload Page
[2026-06-01 09:02:55] [INFO] ========================================
[2026-06-01 09:02:55] [INFO] Opening new page: https://www.youtube.com/upload

[2026-06-01 09:02:56] [CMD] browseros-cli open https://www.youtube.com/upload --json
[2026-06-01 09:02:56] [EXIT] 0
[2026-06-01 09:02:56] [OUT] ---
{"background":false,"hidden":false,"pageId":304,"url":"https://www.youtube.com/upload"}
[2026-06-01 09:02:56] [OUT] ---
[2026-06-01 09:02:56] [INFO] Page opened with ID: 304
[2026-06-01 09:03:01] [INFO] Page loaded successfully
[2026-06-01 09:03:01] [INFO] ========================================
[2026-06-01 09:03:01] [INFO]   Phase 3: Upload the Video File
[2026-06-01 09:03:01] [INFO] ========================================
[2026-06-01 09:03:01] [INFO] Exposing hidden file input...

[2026-06-01 09:03:02] [CMD] browseros-cli eval -p 304 document.querySelectorAll('input[type="file"]').forEach((i, idx) => { i.removeAttribute('aria-hidden'); i.style.display='block'; i.style.visibility='visible'; i.style.opacity='1'; i.style.position='static'; i.style.width='100px'; i.style.height='50px'; i.style.zIndex='999999'; i.title='Upload Video File'; });
[2026-06-01 09:03:02] [EXIT] 0
[2026-06-01 09:03:02] [OUT] ---
undefined
[2026-06-01 09:03:02] [OUT] ---
[2026-06-01 09:03:04] [INFO] Taking snapshot to find file input...

[2026-06-01 09:03:05] [CMD] browseros-cli snap -p 304
[2026-06-01 09:03:05] [EXIT] 0
[2026-06-01 09:03:05] [OUT] ---
[345] menuitem "Content"
[365] menuitem "Analytics"
[384] menuitem "Community"
[403] menuitem "Subtitles"
[422] menuitem "Content detection"
[441] menuitem "Earn"
[460] menuitem "Customization"
[479] menuitem "Audio library"
[504] button "Settings"
[517] button "Send feedback"
[565] tab "Inspiration"
[568] tab "Videos" (selected)
[570] tab "Shorts"
[573] tab "Live"
[576] tab "Posts"
[579] tab "Playlists"
[582] tab "Podcasts"
[585] tab "Promotions"
[591] tab "Collaborations"
[11] textbox "Filter"
[792] checkbox
[905] button "Sort by Date"
[942] button "Sort by Views"
[1492] button "Send Feedback"
[1504] button "Close"
[1537] button "Select files"
[1542] button "Choose Files"
[1546] link "Terms of Service"
[1547] link "Community Guidelines"
[1551] link "Learn more"
[546] clickable "Inspiration
        


  
      Videos
    


  
        Shorts
      


  
        Live
      


  "
[2026-06-01 09:03:05] [OUT] ---

[2026-06-01 09:03:06] [CMD] browseros-cli snap -p 304
[2026-06-01 09:03:06] [EXIT] 0
[2026-06-01 09:03:06] [OUT] ---
[345] menuitem "Content"
[365] menuitem "Analytics"
[384] menuitem "Community"
[403] menuitem "Subtitles"
[422] menuitem "Content detection"
[441] menuitem "Earn"
[460] menuitem "Customization"
[479] menuitem "Audio library"
[504] button "Settings"
[517] button "Send feedback"
[565] tab "Inspiration"
[568] tab "Videos" (selected)
[570] tab "Shorts"
[573] tab "Live"
[576] tab "Posts"
[579] tab "Playlists"
[582] tab "Podcasts"
[585] tab "Promotions"
[591] tab "Collaborations"
[11] textbox "Filter"
[792] checkbox
[905] button "Sort by Date"
[942] button "Sort by Views"
[1492] button "Send Feedback"
[1504] button "Close"
[1537] button "Select files"
[1542] button "Choose Files"
[1546] link "Terms of Service"
[1547] link "Community Guidelines"
[1551] link "Learn more"
[546] clickable "Inspiration
        


  
      Videos
    


  
        Shorts
      


  
        Live
      


  "
[2026-06-01 09:03:06] [OUT] ---

[2026-06-01 09:03:07] [CMD] browseros-cli snap -p 304
[2026-06-01 09:03:07] [EXIT] 0
[2026-06-01 09:03:07] [OUT] ---
[345] menuitem "Content"
[365] menuitem "Analytics"
[384] menuitem "Community"
[403] menuitem "Subtitles"
[422] menuitem "Content detection"
[441] menuitem "Earn"
[460] menuitem "Customization"
[479] menuitem "Audio library"
[504] button "Settings"
[517] button "Send feedback"
[565] tab "Inspiration"
[568] tab "Videos" (selected)
[570] tab "Shorts"
[573] tab "Live"
[576] tab "Posts"
[579] tab "Playlists"
[582] tab "Podcasts"
[585] tab "Promotions"
[591] tab "Collaborations"
[11] textbox "Filter"
[792] checkbox
[905] button "Sort by Date"
[942] button "Sort by Views"
[1492] button "Send Feedback"
[1504] button "Close"
[1537] button "Select files"
[1542] button "Choose Files"
[1546] link "Terms of Service"
[1547] link "Community Guidelines"
[1551] link "Learn more"
[546] clickable "Inspiration
        


  
      Videos
    


  
        Shorts
      


  
        Live
      


  "
[2026-06-01 09:03:07] [OUT] ---
[2026-06-01 09:03:07] [INFO] Attempting upload to ref: 1542...

[2026-06-01 09:03:08] [CMD] browseros-cli upload -p 304 1542 /Users/dsen/Projects/ai-post-maker/project-1/assets/28.mp4
[2026-06-01 09:03:08] [EXIT] 0
[2026-06-01 09:03:08] [OUT] ---
Set 1 file(s) on [1542]
[2026-06-01 09:03:08] [OUT] ---
[2026-06-01 09:03:13] [INFO] Waiting for 'Details' screen to appear...

[2026-06-01 09:03:14] [CMD] browseros-cli snap -p 304
[2026-06-01 09:03:14] [EXIT] 0
[2026-06-01 09:03:14] [OUT] ---
[1504] button "Close"
[2152] tab "Details" (selected)
[2163] tab "Video elements"
[2174] tab "Checks"
[2185] tab "Visibility"
[1956] button "Reuse details"
[2265] textbox "Add a title that describes your video (type @ to mention a channel)" value="28" (required)
[2477] button "Add all"
[2378] button "Options"
[2809] button "Personalized suggestion illustration #appetizer"
[2819] button "#strawberry"
[2829] button "Personalized suggestion illustration #baking"
[2015] textbox "Tell viewers about your video (type @ to mention a channel)"
[2228] link "Learn more about playlists"
[2234] button "Select playlists"
[2238] button "Select"
[2061] link "What's content made for kids?"
[2068] link "Learn more about video's audience settings"
[2071] radio "Yes, it's made for kids . Features like personalized ads and notifications won’t be available on videos made for kids. Videos that are set as made for kids by you are more likely to be recommended alongside other kids’ videos. Learn more"
[2075] link "Learn more"
[2076] radio "No, it's not made for kids"
[2000] button "Age restriction (advanced)"
[2149] button "Show advanced settings"
[2211] link "https://youtube.com/shorts/b-CSH7nHI34"
[2214] button "Copy video link"
[1599] button "Next"
[546] clickable "Inspiration
        


  
      Videos
    


  
        Shorts
      


  
        Live
      


  "
[2381] clickable "The following suggestions were automatically generated based on your existing content. You can add
  and edit them to help viewers discover, understand, and engage with your content."
[2070] clickable "Yes, it's made for kids.
          Features like personalized ads and notifications won’t be availab"
[2026-06-01 09:03:14] [OUT] ---
[2026-06-01 09:03:14] [INFO] Video uploaded and Details screen reached
[2026-06-01 09:03:14] [INFO] ========================================
[2026-06-01 09:03:14] [INFO]   Phase 4: Fill Details
[2026-06-01 09:03:14] [INFO] ========================================
[2026-06-01 09:03:14] [INFO] Finding Title field...

[2026-06-01 09:03:15] [CMD] browseros-cli snap -p 304
[2026-06-01 09:03:15] [EXIT] 0
[2026-06-01 09:03:15] [OUT] ---
[1504] button "Close"
[2152] tab "Details" (selected)
[2163] tab "Video elements"
[2174] tab "Checks"
[2185] tab "Visibility"
[1956] button "Reuse details"
[2265] textbox "Add a title that describes your video (type @ to mention a channel)" value="28" (required)
[2477] button "Add all"
[2378] button "Options"
[2809] button "Personalized suggestion illustration #appetizer"
[2819] button "#strawberry"
[2829] button "Personalized suggestion illustration #baking"
[2015] textbox "Tell viewers about your video (type @ to mention a channel)"
[2228] link "Learn more about playlists"
[2234] button "Select playlists"
[2238] button "Select"
[2061] link "What's content made for kids?"
[2068] link "Learn more about video's audience settings"
[2071] radio "Yes, it's made for kids . Features like personalized ads and notifications won’t be available on videos made for kids. Videos that are set as made for kids by you are more likely to be recommended alongside other kids’ videos. Learn more"
[2075] link "Learn more"
[2076] radio "No, it's not made for kids"
[2000] button "Age restriction (advanced)"
[2149] button "Show advanced settings"
[2211] link "https://youtube.com/shorts/b-CSH7nHI34"
[2214] button "Copy video link"
[1599] button "Next"
[546] clickable "Inspiration
        


  
      Videos
    


  
        Shorts
      


  
        Live
      


  "
[2381] clickable "The following suggestions were automatically generated based on your existing content. You can add
  and edit them to help viewers discover, understand, and engage with your content."
[2070] clickable "Yes, it's made for kids.
          Features like personalized ads and notifications won’t be availab"
[2026-06-01 09:03:15] [OUT] ---
[2026-06-01 09:03:15] [INFO] Filling Title...

[2026-06-01 09:03:16] [CMD] browseros-cli fill -p 304 2265 ☕ Authentic No-Bake Italian Tiramisu ☕
[2026-06-01 09:03:16] [EXIT] 0
[2026-06-01 09:03:16] [OUT] ---
Typed 38 characters into [2265] at (472, 229)
[2026-06-01 09:03:16] [OUT] ---
[2026-06-01 09:03:18] [INFO] Finding Description field...

[2026-06-01 09:03:19] [CMD] browseros-cli snap -p 304
[2026-06-01 09:03:19] [EXIT] 0
[2026-06-01 09:03:19] [OUT] ---
[1504] button "Close"
[2152] tab "Details" (selected)
[2163] tab "Video elements"
[2174] tab "Checks"
[2185] tab "Visibility"
[1956] button "Reuse details"
[2265] textbox "Add a title that describes your video (type @ to mention a channel)" value="☕ Authentic No-Bake Italian Tiramisu ☕" (required)
[2477] button "Add all"
[2378] button "Options"
[2809] button "Personalized suggestion illustration #appetizer"
[2819] button "#strawberry"
[2829] button "Personalized suggestion illustration #baking"
[2015] textbox "Tell viewers about your video (type @ to mention a channel)"
[2228] link "Learn more about playlists"
[2234] button "Select playlists"
[2238] button "Select"
[2061] link "What's content made for kids?"
[2068] link "Learn more about video's audience settings"
[2071] radio "Yes, it's made for kids . Features like personalized ads and notifications won’t be available on videos made for kids. Videos that are set as made for kids by you are more likely to be recommended alongside other kids’ videos. Learn more"
[2075] link "Learn more"
[2076] radio "No, it's not made for kids"
[2000] button "Age restriction (advanced)"
[2149] button "Show advanced settings"
[2211] link "https://youtube.com/shorts/b-CSH7nHI34"
[2214] button "Copy video link"
[1599] button "Next"
[546] clickable "Inspiration
        


  
      Videos
    


  
        Shorts
      


  
        Live
      


  "
[2381] clickable "The following suggestions were automatically generated based on your existing content. You can add
  and edit them to help viewers discover, understand, and engage with your content."
[2070] clickable "Yes, it's made for kids.
          Features like personalized ads and notifications won’t be availab"
[2026-06-01 09:03:19] [OUT] ---
[2026-06-01 09:03:19] [INFO] Filling Description...

[2026-06-01 09:03:22] [CMD] browseros-cli fill -p 304 2015 Recipe: 
Ingredients: 🥖 1 pack ladyfingers, ☕ 2 cups strong espresso (cooled), 16oz mascarpone, 🥚 3 large eggs (separated), 🍬 1/2 cup sugar, 🥃 2 tbsp dark rum (optional), 🍫 and dark cocoa powder. 
Steps: 👨‍🍳 Whisk egg yolks and sugar until pale; fold in mascarpone. 🥣 In a separate bowl, whisk egg whites to stiff peaks and fold into the cream. 🔥 Quickly dip ladyfingers in espresso/rum and layer in a dish. ⏲️ Spread half the cream. 🍳 Repeat layers. 🔪 Dust heavily with cocoa powder. 🥧 Refrigerate for at least 6 hours (ideally overnight) to set.
#tiramisu #dessert #italianfood #sweet #cake #coffee #coffeelover #nobake 🌮🍱
[2026-06-01 09:03:22] [EXIT] 0
[2026-06-01 09:03:22] [OUT] ---
Typed 638 characters into [2015] at (472, 490)
[2026-06-01 09:03:22] [OUT] ---
[2026-06-01 09:03:24] [INFO] Selecting 'Not made for kids'...

[2026-06-01 09:03:25] [CMD] browseros-cli snap -p 304
[2026-06-01 09:03:25] [EXIT] 0
[2026-06-01 09:03:25] [OUT] ---
[905] button "Sort by Date"
[942] button "Sort by Views"
[1492] button "Send Feedback"
[1504] button "Close"
[2152] tab "Details" (selected)
[2163] tab "Video elements"
[2174] tab "Checks"
[2185] tab "Visibility"
[1956] button "Reuse details"
[2265] textbox "Add a title that describes your video (type @ to mention a channel)" value="☕ Authentic No-Bake Italian Tiramisu ☕" (required)
[2015] textbox "Tell viewers about your video (type @ to mention a channel)" value="Recipe: 
Ingredients: 🥖 1 pack ladyfingers, ☕ 2 cups strong espresso (cooled), 16oz mascarpone, 🥚 3 large eggs (separated), 🍬 1/2 cup sugar, 🥃 2 tbsp dark rum (optional), 🍫 and dark cocoa powder. 
Steps: 👨‍🍳 Whisk egg yolks and sugar until pale; fold in mascarpone. 🥣 In a separate bowl, whisk egg whites to stiff peaks and fold into the cream. 🔥 Quickly dip ladyfingers in espresso/rum and layer in a dish. ⏲️ Spread half the cream. 🍳 Repeat layers. 🔪 Dust heavily with cocoa powder. 🥧 Refrigerate for at least 6 hours (ideally overnight) to set.
#tiramisu #dessert #italianfood #sweet #cake #coffee #coffeelover #nobake 🌮🍱
"
[2228] link "Learn more about playlists"
[2234] button "Select playlists"
[2238] button "Select"
[2061] link "What's content made for kids?"
[2068] link "Learn more about video's audience settings"
[2071] radio "Yes, it's made for kids . Features like personalized ads and notifications won’t be available on videos made for kids. Videos that are set as made for kids by you are more likely to be recommended alongside other kids’ videos. Learn more"
[2075] link "Learn more"
[2076] radio "No, it's not made for kids"
[2000] button "Age restriction (advanced)"
[2149] button "Show advanced settings"
[2211] link "https://youtube.com/shorts/b-CSH7nHI34"
[2214] button "Copy video link"
[1599] button "Next"
[546] clickable "Inspiration
        


  
      Videos
    


  
        Shorts
      


  
        Live
      


  "
[2070] clickable "Yes, it's made for kids.
          Features like personalized ads and notifications won’t be availab"
[2026-06-01 09:03:25] [OUT] ---

[2026-06-01 09:03:26] [CMD] browseros-cli click -p 304 2076
[2026-06-01 09:03:26] [EXIT] 0
[2026-06-01 09:03:26] [OUT] ---
Clicked [2076] at (303, 464)
[2026-06-01 09:03:26] [OUT] ---
[2026-06-01 09:03:26] [INFO] Selected 'Not made for kids'
[2026-06-01 09:03:28] [INFO] ========================================
[2026-06-01 09:03:28] [INFO]   Phase 5: Navigate to Visibility Screen
[2026-06-01 09:03:28] [INFO] ========================================

[2026-06-01 09:03:29] [CMD] browseros-cli snap -p 304
[2026-06-01 09:03:29] [EXIT] 0
[2026-06-01 09:03:29] [OUT] ---
[905] button "Sort by Date"
[942] button "Sort by Views"
[1492] button "Send Feedback"
[1504] button "Close"
[2152] tab "Details" (selected)
[2163] tab "Video elements"
[2174] tab "Checks"
[2185] tab "Visibility"
[1956] button "Reuse details"
[2265] textbox "Add a title that describes your video (type @ to mention a channel)" value="☕ Authentic No-Bake Italian Tiramisu ☕" (required)
[2015] textbox "Tell viewers about your video (type @ to mention a channel)" value="Recipe: 
Ingredients: 🥖 1 pack ladyfingers, ☕ 2 cups strong espresso (cooled), 16oz mascarpone, 🥚 3 large eggs (separated), 🍬 1/2 cup sugar, 🥃 2 tbsp dark rum (optional), 🍫 and dark cocoa powder. 
Steps: 👨‍🍳 Whisk egg yolks and sugar until pale; fold in mascarpone. 🥣 In a separate bowl, whisk egg whites to stiff peaks and fold into the cream. 🔥 Quickly dip ladyfingers in espresso/rum and layer in a dish. ⏲️ Spread half the cream. 🍳 Repeat layers. 🔪 Dust heavily with cocoa powder. 🥧 Refrigerate for at least 6 hours (ideally overnight) to set.
#tiramisu #dessert #italianfood #sweet #cake #coffee #coffeelover #nobake 🌮🍱
"
[2228] link "Learn more about playlists"
[2234] button "Select playlists"
[2238] button "Select"
[2061] link "What's content made for kids?"
[2068] link "Learn more about video's audience settings"
[2071] radio "Yes, it's made for kids . Features like personalized ads and notifications won’t be available on videos made for kids. Videos that are set as made for kids by you are more likely to be recommended alongside other kids’ videos. Learn more"
[2075] link "Learn more"
[2076] radio "No, it's not made for kids"
[2000] button "Age restriction (advanced)"
[2149] button "Show advanced settings"
[2211] link "https://youtube.com/shorts/b-CSH7nHI34"
[2214] button "Copy video link"
[1599] button "Next"
[546] clickable "Inspiration
        


  
      Videos
    


  
        Shorts
      


  
        Live
      


  "
[2070] clickable "Yes, it's made for kids.
          Features like personalized ads and notifications won’t be availab"
[2026-06-01 09:03:29] [OUT] ---
[2026-06-01 09:03:29] [INFO] Clicking Next (1/3)...

[2026-06-01 09:03:30] [CMD] browseros-cli click -p 304 1599
[2026-06-01 09:03:30] [EXIT] 0
[2026-06-01 09:03:30] [OUT] ---
Clicked [1599] at (1061, 697)
[2026-06-01 09:03:30] [OUT] ---

[2026-06-01 09:03:34] [CMD] browseros-cli snap -p 304
[2026-06-01 09:03:34] [EXIT] 0
[2026-06-01 09:03:34] [OUT] ---
[422] menuitem "Content detection"
[441] menuitem "Earn"
[460] menuitem "Customization"
[479] menuitem "Audio library"
[504] button "Settings"
[517] button "Send feedback"
[565] tab "Inspiration"
[568] tab "Videos" (selected)
[570] tab "Shorts"
[573] tab "Live"
[576] tab "Posts"
[579] tab "Playlists"
[582] tab "Podcasts"
[585] tab "Promotions"
[591] tab "Collaborations"
[11] textbox "Filter"
[792] checkbox
[905] button "Sort by Date"
[942] button "Sort by Views"
[1492] button "Send Feedback"
[1504] button "Close"
[2152] tab "Details"
[2163] tab "Video elements" (selected)
[2174] tab "Checks"
[2185] tab "Visibility"
[11193] link "Learn more"
[11431] button "Add"
[11237] button "Add" (disabled)
[1592] button "Back"
[1599] button "Next"
[546] clickable "Inspiration
        


  
      Videos
    


  
        Shorts
      


  
        Live
      


  "
[2026-06-01 09:03:34] [OUT] ---

[2026-06-01 09:03:35] [CMD] browseros-cli snap -p 304
[2026-06-01 09:03:35] [EXIT] 0
[2026-06-01 09:03:35] [OUT] ---
[422] menuitem "Content detection"
[441] menuitem "Earn"
[460] menuitem "Customization"
[479] menuitem "Audio library"
[504] button "Settings"
[517] button "Send feedback"
[565] tab "Inspiration"
[568] tab "Videos" (selected)
[570] tab "Shorts"
[573] tab "Live"
[576] tab "Posts"
[579] tab "Playlists"
[582] tab "Podcasts"
[585] tab "Promotions"
[591] tab "Collaborations"
[11] textbox "Filter"
[792] checkbox
[905] button "Sort by Date"
[942] button "Sort by Views"
[1492] button "Send Feedback"
[1504] button "Close"
[2152] tab "Details"
[2163] tab "Video elements" (selected)
[2174] tab "Checks"
[2185] tab "Visibility"
[11193] link "Learn more"
[11431] button "Add"
[11237] button "Add" (disabled)
[1592] button "Back"
[1599] button "Next"
[546] clickable "Inspiration
        


  
      Videos
    


  
        Shorts
      


  
        Live
      


  "
[2026-06-01 09:03:35] [OUT] ---
[2026-06-01 09:03:35] [INFO] Clicking Next (2/3)...

[2026-06-01 09:03:36] [CMD] browseros-cli click -p 304 1599
[2026-06-01 09:03:36] [EXIT] 0
[2026-06-01 09:03:36] [OUT] ---
Clicked [1599] at (1061, 697)
[2026-06-01 09:03:36] [OUT] ---

[2026-06-01 09:03:40] [CMD] browseros-cli snap -p 304
[2026-06-01 09:03:40] [EXIT] 0
[2026-06-01 09:03:40] [OUT] ---
[460] menuitem "Customization"
[479] menuitem "Audio library"
[504] button "Settings"
[517] button "Send feedback"
[565] tab "Inspiration"
[568] tab "Videos" (selected)
[570] tab "Shorts"
[573] tab "Live"
[576] tab "Posts"
[579] tab "Playlists"
[582] tab "Podcasts"
[585] tab "Promotions"
[591] tab "Collaborations"
[11] textbox "Filter"
[792] checkbox
[905] button "Sort by Date"
[942] button "Sort by Views"
[1492] button "Send Feedback"
[1504] button "Close"
[2152] tab "Details"
[2163] tab "Video elements"
[2174] tab "Checks" (selected)
[2185] tab "Visibility"
[11644] link "Learn more"
[11689] link "Learn more"
[11656] button "Send feedback"
[1592] button "Back"
[1599] button "Next"
[546] clickable "Inspiration
        


  
      Videos
    


  
        Shorts
      


  
        Live
      


  "
[11655] clickable "Send feedback"
[11657] clickable "Send feedback"
[2026-06-01 09:03:40] [OUT] ---

[2026-06-01 09:03:41] [CMD] browseros-cli snap -p 304
[2026-06-01 09:03:41] [EXIT] 0
[2026-06-01 09:03:41] [OUT] ---
[460] menuitem "Customization"
[479] menuitem "Audio library"
[504] button "Settings"
[517] button "Send feedback"
[565] tab "Inspiration"
[568] tab "Videos" (selected)
[570] tab "Shorts"
[573] tab "Live"
[576] tab "Posts"
[579] tab "Playlists"
[582] tab "Podcasts"
[585] tab "Promotions"
[591] tab "Collaborations"
[11] textbox "Filter"
[792] checkbox
[905] button "Sort by Date"
[942] button "Sort by Views"
[1492] button "Send Feedback"
[1504] button "Close"
[2152] tab "Details"
[2163] tab "Video elements"
[2174] tab "Checks" (selected)
[2185] tab "Visibility"
[11644] link "Learn more"
[11689] link "Learn more"
[11656] button "Send feedback"
[1592] button "Back"
[1599] button "Next"
[546] clickable "Inspiration
        


  
      Videos
    


  
        Shorts
      


  
        Live
      


  "
[11655] clickable "Send feedback"
[11657] clickable "Send feedback"
[2026-06-01 09:03:41] [OUT] ---
[2026-06-01 09:03:41] [INFO] Clicking Next (3/3)...

[2026-06-01 09:03:42] [CMD] browseros-cli click -p 304 1599
[2026-06-01 09:03:42] [EXIT] 0
[2026-06-01 09:03:42] [OUT] ---
Clicked [1599] at (1061, 697)
[2026-06-01 09:03:42] [OUT] ---

[2026-06-01 09:03:46] [CMD] browseros-cli snap -p 304
[2026-06-01 09:03:46] [EXIT] 0
[2026-06-01 09:03:46] [OUT] ---
[12132] radio "Private"
[12142] radio "Unlisted"
[12151] radio "Public"
[11863] button "Click to expand"
[11798] link "Learn more"
[11803] link "Learn more"
[12085] button "Play"
[12088] button "Mute"
[11914] slider "volume"
[12092] button "Settings"
[12117] button "Full screen"
[11831] link "https://youtube.com/shorts/b-CSH7nHI34"
[11834] button "Copy video link"
[1592] button "Back"
[1606] button "Save"
[546] clickable "Inspiration
        


  
      Videos
    


  
        Shorts
      


  
        Live
      


  "
[11874] clickable "Private
          

          
          
            
              Only you and people you choose "
[11857] clickable "Schedule
      
        
          Select a date to make your video public.
        
      
      
 "
[2026-06-01 09:03:46] [OUT] ---
[2026-06-01 09:03:46] [INFO] Reached Visibility screen
[2026-06-01 09:03:46] [INFO] ========================================
[2026-06-01 09:03:46] [INFO]   Phase 6: Open Scheduling Options
[2026-06-01 09:03:46] [INFO] ========================================
[2026-06-01 09:03:46] [INFO] Clicking 'Schedule' option...

[2026-06-01 09:03:47] [CMD] browseros-cli snap -p 304
[2026-06-01 09:03:47] [EXIT] 0
[2026-06-01 09:03:47] [OUT] ---
[12132] radio "Private"
[12142] radio "Unlisted"
[12151] radio "Public"
[11863] button "Click to expand"
[11798] link "Learn more"
[11803] link "Learn more"
[12085] button "Play"
[12088] button "Mute"
[11914] slider "volume"
[12092] button "Settings"
[12117] button "Full screen"
[11831] link "https://youtube.com/shorts/b-CSH7nHI34"
[11834] button "Copy video link"
[1592] button "Back"
[1606] button "Save"
[546] clickable "Inspiration
        


  
      Videos
    


  
        Shorts
      


  
        Live
      


  "
[11874] clickable "Private
          

          
          
            
              Only you and people you choose "
[11857] clickable "Schedule
      
        
          Select a date to make your video public.
        
      
      
 "
[2026-06-01 09:03:47] [OUT] ---

[2026-06-01 09:03:48] [CMD] browseros-cli click -p 304 11857
[2026-06-01 09:03:48] [EXIT] 0
[2026-06-01 09:03:48] [OUT] ---
Clicked [11857] at (472, 574)
[2026-06-01 09:03:48] [OUT] ---
[2026-06-01 09:03:50] [INFO] ========================================
[2026-06-01 09:03:50] [INFO]   Phase 7: Fill Date and Time
[2026-06-01 09:03:50] [INFO] ========================================
[2026-06-01 09:03:50] [INFO] Setting date: Jun 13, 2026, time: 12:00 PM
[2026-06-01 09:03:50] [INFO] Opening date picker...

[2026-06-01 09:03:51] [CMD] browseros-cli snap -p 304
[2026-06-01 09:03:51] [EXIT] 0
[2026-06-01 09:03:51] [OUT] ---
[942] button "Sort by Views"
[1492] button "Send Feedback"
[1504] button "Close"
[2152] tab "Details"
[2163] tab "Video elements"
[2174] tab "Checks"
[2185] tab "Visibility" (selected)
[11849] button "Click to expand"
[12383] button "Jun 2, 2026"
[12387] button "Jun 2, 2026"
[12413] textbox value="12:00 AM"
[12496] button "Time zone"
[11798] link "Learn more"
[11803] link "Learn more"
[12085] button "Play"
[12088] button "Mute"
[11914] slider "volume"
[12092] button "Settings"
[12117] button "Full screen"
[11831] link "https://youtube.com/shorts/b-CSH7nHI34"
[11834] button "Copy video link"
[1592] button "Back"
[1606] button "Schedule"
[546] clickable "Inspiration
        


  
      Videos
    


  
        Shorts
      


  
        Live
      


  "
[11810] clickable "Save or publish
        
        
          Make your video public, unlisted, or private
        
  "
[12497] clickable "Default set to local time zone (GMT+0530)"
[2026-06-01 09:03:51] [OUT] ---

[2026-06-01 09:03:52] [CMD] browseros-cli click -p 304 12383
[2026-06-01 09:03:52] [EXIT] 0
[2026-06-01 09:03:52] [OUT] ---
Clicked [12383] at (310, 490)
[2026-06-01 09:03:52] [OUT] ---

[2026-06-01 09:03:55] [CMD] browseros-cli snap -p 304
[2026-06-01 09:03:55] [EXIT] 0
[2026-06-01 09:03:55] [OUT] ---
[12752] clickable "13"
[12753] clickable "14"
[12754] clickable "15"
[12755] clickable "16"
[12756] clickable "17"
[12757] clickable "18"
[12758] clickable "19"
[12759] clickable "20"
[12760] clickable "21"
[12761] clickable "22"
[12762] clickable "23"
[12763] clickable "24"
[12764] clickable "25"
[12765] clickable "26"
[12766] clickable "27"
[12767] clickable "28"
[12768] clickable "29"
[12769] clickable "30"
[12770] clickable "31"
[12778] clickable "1"
[12779] clickable "2"
[12780] clickable "3"
[12781] clickable "4"
[12782] clickable "5"
[12783] clickable "6"
[12784] clickable "7"
[12785] clickable "8"
[12786] clickable "9"
[12787] clickable "10"
[12788] clickable "11"
[12789] clickable "12"
[12790] clickable "13"
[12791] clickable "14"
[12792] clickable "15"
[12793] clickable "16"
[12794] clickable "17"
[12795] clickable "18"
[12796] clickable "19"
[12797] clickable "20"
[12798] clickable "21"
[12799] clickable "22"
[12800] clickable "23"
[12801] clickable "24"
[12802] clickable "25"
[12803] clickable "26"
[12804] clickable "27"
[12805] clickable "28"
[12806] clickable "29"
[12807] clickable "30"
[12808] clickable "31"
[2026-06-01 09:03:55] [OUT] ---

[2026-06-01 09:03:56] [CMD] browseros-cli fill -p 304 12592 Jun 13, 2026
[2026-06-01 09:03:56] [EXIT] 0
[2026-06-01 09:03:56] [OUT] ---
Typed 12 characters into [12592] at (327, 124)
[2026-06-01 09:03:56] [OUT] ---

[2026-06-01 09:03:58] [CMD] browseros-cli key -p 304 Enter
[2026-06-01 09:03:58] [EXIT] 0
[2026-06-01 09:03:58] [OUT] ---
Pressed Enter
[2026-06-01 09:03:58] [OUT] ---
[2026-06-01 09:04:00] [INFO] Setting time...

[2026-06-01 09:04:01] [CMD] browseros-cli snap -p 304
[2026-06-01 09:04:01] [EXIT] 0
[2026-06-01 09:04:01] [OUT] ---
[942] button "Sort by Views"
[1492] button "Send Feedback"
[1504] button "Close"
[2152] tab "Details"
[2163] tab "Video elements"
[2174] tab "Checks"
[2185] tab "Visibility" (selected)
[11849] button "Click to expand"
[12383] button "Jun 13, 2026"
[12387] button "Jun 13, 2026"
[12413] textbox value="12:00 AM"
[12496] button "Time zone"
[11798] link "Learn more"
[11803] link "Learn more"
[12085] button "Play"
[12088] button "Mute"
[11914] slider "volume"
[12092] button "Settings"
[12117] button "Full screen"
[11831] link "https://youtube.com/shorts/b-CSH7nHI34"
[11834] button "Copy video link"
[1592] button "Back"
[1606] button "Schedule"
[546] clickable "Inspiration
        


  
      Videos
    


  
        Shorts
      


  
        Live
      


  "
[11810] clickable "Save or publish
        
        
          Make your video public, unlisted, or private
        
  "
[12497] clickable "Default set to local time zone (GMT+0530)"
[2026-06-01 09:04:01] [OUT] ---
[2026-06-01 09:04:01] [INFO] Clicking time input box to open dropdown...

[2026-06-01 09:04:02] [CMD] browseros-cli click -p 304 12413
[2026-06-01 09:04:02] [EXIT] 0
[2026-06-01 09:04:02] [OUT] ---
Clicked [12413] at (466, 490)
[2026-06-01 09:04:02] [OUT] ---

[2026-06-01 09:04:05] [CMD] browseros-cli snap -p 304
[2026-06-01 09:04:05] [EXIT] 0
[2026-06-01 09:04:05] [OUT] ---
[13412] option "6:15 PM"
[13413] option "6:30 PM"
[13414] option "6:45 PM"
[13415] option "7:00 PM"
[13416] option "7:15 PM"
[13417] option "7:30 PM"
[13418] option "7:45 PM"
[13419] option "8:00 PM"
[13420] option "8:15 PM"
[13421] option "8:30 PM"
[13422] option "8:45 PM"
[13423] option "9:00 PM"
[13424] option "9:15 PM"
[13425] option "9:30 PM"
[13426] option "9:45 PM"
[13427] option "10:00 PM"
[13428] option "10:15 PM"
[13429] option "10:30 PM"
[13430] option "10:45 PM"
[13431] option "11:00 PM"
[13432] option "11:15 PM"
[13433] option "11:30 PM"
[13434] option "11:45 PM"
[546] clickable "Inspiration
        


  
      Videos
    


  
        Shorts
      


  
        Live
      


  "
[11810] clickable "Save or publish
        
        
          Make your video public, unlisted, or private
        
  "
[12497] clickable "Default set to local time zone (GMT+0530)"
[2026-06-01 09:04:05] [OUT] ---
[2026-06-01 09:04:05] [INFO] Clicking time option ref: 13387 for 12:00 PM

[2026-06-01 09:04:06] [CMD] browseros-cli click -p 304 13387
[2026-06-01 09:04:06] [EXIT] 0
[2026-06-01 09:04:06] [OUT] ---
Clicked [13387] at (466, 316)
[2026-06-01 09:04:06] [OUT] ---
[2026-06-01 09:04:08] [INFO] Date and time filled successfully
[2026-06-01 09:04:08] [INFO] ========================================
[2026-06-01 09:04:08] [INFO]   Phase 8: User Verification
[2026-06-01 09:04:08] [INFO] ========================================
[2026-06-01 09:04:08] [INFO] 
[2026-06-01 09:04:08] [INFO] ============================================
[2026-06-01 09:04:08] [INFO]   SCHEDULED REEL REVIEW
[2026-06-01 09:04:08] [INFO] ============================================
[2026-06-01 09:04:08] [INFO]   Asset ID: 28
[2026-06-01 09:04:08] [INFO]   Project:  project-1
[2026-06-01 09:04:08] [INFO]   Date:     2026-06-13 (Saturday)
[2026-06-01 09:04:08] [INFO]   Time:     12:00:00
[2026-06-01 09:04:08] [INFO] ============================================
[2026-06-01 09:04:08] [INFO] 
[2026-06-01 09:04:08] [INFO] [YOLO] Finding 'Schedule' button...

[2026-06-01 09:04:09] [CMD] browseros-cli snap -p 304
[2026-06-01 09:04:09] [EXIT] 0
[2026-06-01 09:04:09] [OUT] ---
[942] button "Sort by Views"
[1492] button "Send Feedback"
[1504] button "Close"
[2152] tab "Details"
[2163] tab "Video elements"
[2174] tab "Checks"
[2185] tab "Visibility" (selected)
[11849] button "Click to expand"
[12383] button "Jun 13, 2026"
[12387] button "Jun 13, 2026"
[12413] textbox value="12:00 PM"
[12496] button "Time zone"
[11798] link "Learn more"
[11803] link "Learn more"
[12085] button "Play"
[12088] button "Mute"
[11914] slider "volume"
[12092] button "Settings"
[12117] button "Full screen"
[11831] link "https://youtube.com/shorts/b-CSH7nHI34"
[11834] button "Copy video link"
[1592] button "Back"
[1606] button "Schedule"
[546] clickable "Inspiration
        


  
      Videos
    


  
        Shorts
      


  
        Live
      


  "
[11810] clickable "Save or publish
        
        
          Make your video public, unlisted, or private
        
  "
[12497] clickable "Default set to local time zone (GMT+0530)"
[2026-06-01 09:04:09] [OUT] ---
[2026-06-01 09:04:09] [INFO] Clicking 'Schedule' button (ref: 1606)...

[2026-06-01 09:04:10] [CMD] browseros-cli click -p 304 1606
[2026-06-01 09:04:10] [EXIT] 0
[2026-06-01 09:04:10] [OUT] ---
Clicked [1606] at (1047, 697)
[2026-06-01 09:04:10] [OUT] ---
[2026-06-01 09:04:20] [INFO] Marking asset 28 as uploaded for youtube...
[2026-06-01 09:04:20] [DEBUG] mark_uploaded output: {"success": true, "id": "28", "platform": "youtube"}
[2026-06-01 09:04:20] [INFO] Marking asset 28 as scheduled for youtube...
[2026-06-01 09:04:20] [DEBUG] mark_scheduled output: {"success": true, "id": "28", "platform": "youtube"}
[2026-06-01 09:04:20] [INFO] Tracker updated for asset 28
[2026-06-01 09:04:20] [INFO] ========================================
[2026-06-01 09:04:20] [INFO]   Phase 9: Close Browser Tab
[2026-06-01 09:04:20] [INFO] ========================================

[2026-06-01 09:04:21] [CMD] browseros-cli close -p 304
[2026-06-01 09:04:21] [EXIT] 0
[2026-06-01 09:04:21] [OUT] ---
Closed page 304
[2026-06-01 09:04:21] [OUT] ---
[2026-06-01 09:04:21] [INFO] Browser tab closed
[2026-06-01 09:04:21] [INFO] ========================================
[2026-06-01 09:04:21] [INFO]   Processing Schedule Entry 7 / 23
[2026-06-01 09:04:21] [INFO] ========================================
[2026-06-01 09:04:21] [INFO] Date: 2026-06-14, Day: Sunday, Time: 20:45:00
[2026-06-01 09:04:21] [INFO] ========================================
[2026-06-01 09:04:21] [INFO]   Phase 1: Identify Project and Asset
[2026-06-01 09:04:21] [INFO] ========================================
[2026-06-01 09:04:21] [INFO] Fetching mapped post for project 1...
[2026-06-01 09:04:21] [DEBUG] get_mapped_post exit=0 output='ID: 29
Caption: 🌮 Mexican Street Tacos al Pastor 🌮
Recipe: 
Ingredients: 🐷 1 lb marinated pork (achiote, 🍎 pineapple juice, 🌶️ chili), 🫓 small corn tortillas, 🧅 1/2 cup diced white onion, 🌿 1/2 cup fresh cilantro, 🍎 1/2 cup diced pineapple, and salsa verde. 
Steps: 👨‍🍳 Sear the marinated pork in a very hot pan until the edges are crispy and caramelized. 🥣 Char the pineapple slices. 🔥 Warm the corn tortillas on a griddle. ⏲️ Assemble by piling pork onto tortillas, topping with onion, cilantro, and a piece of sweet pineapple. 🍳 Serve with a side of spicy green salsa and lime.
#tacos #mexicanfood #streetfood #dinner #tacolover #freshfood #authentic #alpastor 🌮🍱'
[2026-06-01 09:04:21] [INFO] Asset ID: 29
[2026-06-01 09:04:21] [INFO] Title length: 34 chars
[2026-06-01 09:04:21] [INFO] Description length: 615 chars
[2026-06-01 09:04:21] [INFO] Asset path: /Users/dsen/Projects/ai-post-maker/project-1/assets/29.mp4
[2026-06-01 09:04:21] [INFO] ========================================
[2026-06-01 09:04:21] [INFO]   Phase 2: Open YouTube Upload Page
[2026-06-01 09:04:21] [INFO] ========================================
[2026-06-01 09:04:21] [INFO] Opening new page: https://www.youtube.com/upload

[2026-06-01 09:04:22] [CMD] browseros-cli open https://www.youtube.com/upload --json
[2026-06-01 09:04:22] [EXIT] 0
[2026-06-01 09:04:22] [OUT] ---
{"background":false,"hidden":false,"pageId":306,"url":"https://www.youtube.com/upload"}
[2026-06-01 09:04:22] [OUT] ---
[2026-06-01 09:04:22] [INFO] Page opened with ID: 306
[2026-06-01 09:04:27] [INFO] Page loaded successfully
[2026-06-01 09:04:27] [INFO] ========================================
[2026-06-01 09:04:27] [INFO]   Phase 3: Upload the Video File
[2026-06-01 09:04:27] [INFO] ========================================
[2026-06-01 09:04:27] [INFO] Exposing hidden file input...

[2026-06-01 09:04:28] [CMD] browseros-cli eval -p 306 document.querySelectorAll('input[type="file"]').forEach((i, idx) => { i.removeAttribute('aria-hidden'); i.style.display='block'; i.style.visibility='visible'; i.style.opacity='1'; i.style.position='static'; i.style.width='100px'; i.style.height='50px'; i.style.zIndex='999999'; i.title='Upload Video File'; });
[2026-06-01 09:04:28] [EXIT] 0
[2026-06-01 09:04:28] [OUT] ---
undefined
[2026-06-01 09:04:28] [OUT] ---
[2026-06-01 09:04:30] [INFO] Taking snapshot to find file input...

[2026-06-01 09:04:31] [CMD] browseros-cli snap -p 306
[2026-06-01 09:04:31] [EXIT] 0
[2026-06-01 09:04:31] [OUT] ---
[345] menuitem "Content"
[365] menuitem "Analytics"
[384] menuitem "Community"
[403] menuitem "Subtitles"
[422] menuitem "Content detection"
[441] menuitem "Earn"
[460] menuitem "Customization"
[479] menuitem "Audio library"
[504] button "Settings"
[517] button "Send feedback"
[565] tab "Inspiration"
[568] tab "Videos" (selected)
[570] tab "Shorts"
[573] tab "Live"
[576] tab "Posts"
[579] tab "Playlists"
[582] tab "Podcasts"
[585] tab "Promotions"
[591] tab "Collaborations"
[11] textbox "Filter"
[792] checkbox
[905] button "Sort by Date"
[942] button "Sort by Views"
[1492] button "Send Feedback"
[1504] button "Close"
[1537] button "Select files"
[1542] button "Choose Files"
[1546] link "Terms of Service"
[1547] link "Community Guidelines"
[1551] link "Learn more"
[546] clickable "Inspiration
        


  
      Videos
    


  
        Shorts
      


  
        Live
      


  "
[2026-06-01 09:04:31] [OUT] ---

[2026-06-01 09:04:32] [CMD] browseros-cli snap -p 306
[2026-06-01 09:04:32] [EXIT] 0
[2026-06-01 09:04:32] [OUT] ---
[345] menuitem "Content"
[365] menuitem "Analytics"
[384] menuitem "Community"
[403] menuitem "Subtitles"
[422] menuitem "Content detection"
[441] menuitem "Earn"
[460] menuitem "Customization"
[479] menuitem "Audio library"
[504] button "Settings"
[517] button "Send feedback"
[565] tab "Inspiration"
[568] tab "Videos" (selected)
[570] tab "Shorts"
[573] tab "Live"
[576] tab "Posts"
[579] tab "Playlists"
[582] tab "Podcasts"
[585] tab "Promotions"
[591] tab "Collaborations"
[11] textbox "Filter"
[792] checkbox
[905] button "Sort by Date"
[942] button "Sort by Views"
[1492] button "Send Feedback"
[1504] button "Close"
[1537] button "Select files"
[1542] button "Choose Files"
[1546] link "Terms of Service"
[1547] link "Community Guidelines"
[1551] link "Learn more"
[546] clickable "Inspiration
        


  
      Videos
    


  
        Shorts
      


  
        Live
      


  "
[2026-06-01 09:04:32] [OUT] ---

[2026-06-01 09:04:33] [CMD] browseros-cli snap -p 306
[2026-06-01 09:04:33] [EXIT] 0
[2026-06-01 09:04:33] [OUT] ---
[345] menuitem "Content"
[365] menuitem "Analytics"
[384] menuitem "Community"
[403] menuitem "Subtitles"
[422] menuitem "Content detection"
[441] menuitem "Earn"
[460] menuitem "Customization"
[479] menuitem "Audio library"
[504] button "Settings"
[517] button "Send feedback"
[565] tab "Inspiration"
[568] tab "Videos" (selected)
[570] tab "Shorts"
[573] tab "Live"
[576] tab "Posts"
[579] tab "Playlists"
[582] tab "Podcasts"
[585] tab "Promotions"
[591] tab "Collaborations"
[11] textbox "Filter"
[792] checkbox
[905] button "Sort by Date"
[942] button "Sort by Views"
[1492] button "Send Feedback"
[1504] button "Close"
[1537] button "Select files"
[1542] button "Choose Files"
[1546] link "Terms of Service"
[1547] link "Community Guidelines"
[1551] link "Learn more"
[546] clickable "Inspiration
        


  
      Videos
    


  
        Shorts
      


  
        Live
      


  "
[2026-06-01 09:04:33] [OUT] ---
[2026-06-01 09:04:33] [INFO] Attempting upload to ref: 1542...

[2026-06-01 09:04:34] [CMD] browseros-cli upload -p 306 1542 /Users/dsen/Projects/ai-post-maker/project-1/assets/29.mp4
[2026-06-01 09:04:34] [EXIT] 0
[2026-06-01 09:04:34] [OUT] ---
Set 1 file(s) on [1542]
[2026-06-01 09:04:34] [OUT] ---
[2026-06-01 09:04:39] [INFO] Waiting for 'Details' screen to appear...

[2026-06-01 09:04:40] [CMD] browseros-cli snap -p 306
[2026-06-01 09:04:40] [EXIT] 0
[2026-06-01 09:04:40] [OUT] ---
[1504] button "Close"
[2179] tab "Details" (selected)
[2190] tab "Video elements"
[2201] tab "Checks"
[2212] tab "Visibility"
[1976] button "Reuse details"
[2292] textbox "Add a title that describes your video (type @ to mention a channel)" value="29" (required)
[2519] button "Add all"
[2405] button "Options"
[2807] button "Personalized suggestion illustration #appetizer"
[2817] button "#strawberry"
[2827] button "Personalized suggestion illustration #baking"
[2035] textbox "Tell viewers about your video (type @ to mention a channel)"
[2255] link "Learn more about playlists"
[2261] button "Select playlists"
[2265] button "Select"
[2088] link "What's content made for kids?"
[2095] link "Learn more about video's audience settings"
[2098] radio "Yes, it's made for kids . Features like personalized ads and notifications won’t be available on videos made for kids. Videos that are set as made for kids by you are more likely to be recommended alongside other kids’ videos. Learn more"
[2102] link "Learn more"
[2103] radio "No, it's not made for kids"
[2020] button "Age restriction (advanced)"
[2176] button "Show advanced settings"
[2238] link "https://youtube.com/shorts/n281VsdTfwg"
[2241] button "Copy video link"
[1599] button "Next"
[546] clickable "Inspiration
        


  
      Videos
    


  
        Shorts
      


  
        Live
      


  "
[2408] clickable "The following suggestions were automatically generated based on your existing content. You can add
  and edit them to help viewers discover, understand, and engage with your content."
[2097] clickable "Yes, it's made for kids.
          Features like personalized ads and notifications won’t be availab"
[2026-06-01 09:04:40] [OUT] ---
[2026-06-01 09:04:40] [INFO] Video uploaded and Details screen reached
[2026-06-01 09:04:40] [INFO] ========================================
[2026-06-01 09:04:40] [INFO]   Phase 4: Fill Details
[2026-06-01 09:04:40] [INFO] ========================================
[2026-06-01 09:04:40] [INFO] Finding Title field...

[2026-06-01 09:04:41] [CMD] browseros-cli snap -p 306
[2026-06-01 09:04:41] [EXIT] 0
[2026-06-01 09:04:41] [OUT] ---
[1504] button "Close"
[2179] tab "Details" (selected)
[2190] tab "Video elements"
[2201] tab "Checks"
[2212] tab "Visibility"
[1976] button "Reuse details"
[2292] textbox "Add a title that describes your video (type @ to mention a channel)" value="29" (required)
[2519] button "Add all"
[2405] button "Options"
[2807] button "Personalized suggestion illustration #appetizer"
[2817] button "#strawberry"
[2827] button "Personalized suggestion illustration #baking"
[2035] textbox "Tell viewers about your video (type @ to mention a channel)"
[2255] link "Learn more about playlists"
[2261] button "Select playlists"
[2265] button "Select"
[2088] link "What's content made for kids?"
[2095] link "Learn more about video's audience settings"
[2098] radio "Yes, it's made for kids . Features like personalized ads and notifications won’t be available on videos made for kids. Videos that are set as made for kids by you are more likely to be recommended alongside other kids’ videos. Learn more"
[2102] link "Learn more"
[2103] radio "No, it's not made for kids"
[2020] button "Age restriction (advanced)"
[2176] button "Show advanced settings"
[2238] link "https://youtube.com/shorts/n281VsdTfwg"
[2241] button "Copy video link"
[1599] button "Next"
[546] clickable "Inspiration
        


  
      Videos
    


  
        Shorts
      


  
        Live
      


  "
[2408] clickable "The following suggestions were automatically generated based on your existing content. You can add
  and edit them to help viewers discover, understand, and engage with your content."
[2097] clickable "Yes, it's made for kids.
          Features like personalized ads and notifications won’t be availab"
[2026-06-01 09:04:41] [OUT] ---
[2026-06-01 09:04:41] [INFO] Filling Title...

[2026-06-01 09:04:42] [CMD] browseros-cli fill -p 306 2292 🌮 Mexican Street Tacos al Pastor 🌮
[2026-06-01 09:04:42] [EXIT] 0
[2026-06-01 09:04:42] [OUT] ---
Typed 36 characters into [2292] at (472, 229)
[2026-06-01 09:04:42] [OUT] ---
[2026-06-01 09:04:44] [INFO] Finding Description field...

[2026-06-01 09:04:45] [CMD] browseros-cli snap -p 306
[2026-06-01 09:04:45] [EXIT] 0
[2026-06-01 09:04:45] [OUT] ---
[1504] button "Close"
[2179] tab "Details" (selected)
[2190] tab "Video elements"
[2201] tab "Checks"
[2212] tab "Visibility"
[1976] button "Reuse details"
[2292] textbox "Add a title that describes your video (type @ to mention a channel)" value="🌮 Mexican Street Tacos al Pastor 🌮" (required)
[2519] button "Add all"
[2405] button "Options"
[2807] button "Personalized suggestion illustration #appetizer"
[2817] button "#strawberry"
[2827] button "Personalized suggestion illustration #baking"
[2035] textbox "Tell viewers about your video (type @ to mention a channel)"
[2255] link "Learn more about playlists"
[2261] button "Select playlists"
[2265] button "Select"
[2088] link "What's content made for kids?"
[2095] link "Learn more about video's audience settings"
[2098] radio "Yes, it's made for kids . Features like personalized ads and notifications won’t be available on videos made for kids. Videos that are set as made for kids by you are more likely to be recommended alongside other kids’ videos. Learn more"
[2102] link "Learn more"
[2103] radio "No, it's not made for kids"
[2020] button "Age restriction (advanced)"
[2176] button "Show advanced settings"
[2238] link "https://youtube.com/shorts/n281VsdTfwg"
[2241] button "Copy video link"
[1599] button "Next"
[546] clickable "Inspiration
        


  
      Videos
    


  
        Shorts
      


  
        Live
      


  "
[2408] clickable "The following suggestions were automatically generated based on your existing content. You can add
  and edit them to help viewers discover, understand, and engage with your content."
[2097] clickable "Yes, it's made for kids.
          Features like personalized ads and notifications won’t be availab"
[2026-06-01 09:04:45] [OUT] ---
[2026-06-01 09:04:45] [INFO] Filling Description...

[2026-06-01 09:04:48] [CMD] browseros-cli fill -p 306 2035 Recipe: 
Ingredients: 🐷 1 lb marinated pork (achiote, 🍎 pineapple juice, 🌶️ chili), 🫓 small corn tortillas, 🧅 1/2 cup diced white onion, 🌿 1/2 cup fresh cilantro, 🍎 1/2 cup diced pineapple, and salsa verde. 
Steps: 👨‍🍳 Sear the marinated pork in a very hot pan until the edges are crispy and caramelized. 🥣 Char the pineapple slices. 🔥 Warm the corn tortillas on a griddle. ⏲️ Assemble by piling pork onto tortillas, topping with onion, cilantro, and a piece of sweet pineapple. 🍳 Serve with a side of spicy green salsa and lime.
#tacos #mexicanfood #streetfood #dinner #tacolover #freshfood #authentic #alpastor 🌮🍱
[2026-06-01 09:04:48] [EXIT] 0
[2026-06-01 09:04:48] [OUT] ---
Typed 629 characters into [2035] at (472, 490)
[2026-06-01 09:04:48] [OUT] ---
[2026-06-01 09:04:50] [INFO] Selecting 'Not made for kids'...

[2026-06-01 09:04:51] [CMD] browseros-cli snap -p 306
[2026-06-01 09:04:51] [EXIT] 0
[2026-06-01 09:04:51] [OUT] ---
[905] button "Sort by Date"
[942] button "Sort by Views"
[1492] button "Send Feedback"
[1504] button "Close"
[2179] tab "Details" (selected)
[2190] tab "Video elements"
[2201] tab "Checks"
[2212] tab "Visibility"
[1976] button "Reuse details"
[2292] textbox "Add a title that describes your video (type @ to mention a channel)" value="🌮 Mexican Street Tacos al Pastor 🌮" (required)
[2035] textbox "Tell viewers about your video (type @ to mention a channel)" value="Recipe: 
Ingredients: 🐷 1 lb marinated pork (achiote, 🍎 pineapple juice, 🌶️ chili), 🫓 small corn tortillas, 🧅 1/2 cup diced white onion, 🌿 1/2 cup fresh cilantro, 🍎 1/2 cup diced pineapple, and salsa verde. 
Steps: 👨‍🍳 Sear the marinated pork in a very hot pan until the edges are crispy and caramelized. 🥣 Char the pineapple slices. 🔥 Warm the corn tortillas on a griddle. ⏲️ Assemble by piling pork onto tortillas, topping with onion, cilantro, and a piece of sweet pineapple. 🍳 Serve with a side of spicy green salsa and lime.
#tacos #mexicanfood #streetfood #dinner #tacolover #freshfood #authentic #alpastor 🌮🍱
"
[2255] link "Learn more about playlists"
[2261] button "Select playlists"
[2265] button "Select"
[2088] link "What's content made for kids?"
[2095] link "Learn more about video's audience settings"
[2098] radio "Yes, it's made for kids . Features like personalized ads and notifications won’t be available on videos made for kids. Videos that are set as made for kids by you are more likely to be recommended alongside other kids’ videos. Learn more"
[2102] link "Learn more"
[2103] radio "No, it's not made for kids"
[2020] button "Age restriction (advanced)"
[2176] button "Show advanced settings"
[2238] link "https://youtube.com/shorts/n281VsdTfwg"
[2241] button "Copy video link"
[1599] button "Next"
[546] clickable "Inspiration
        


  
      Videos
    


  
        Shorts
      


  
        Live
      


  "
[2097] clickable "Yes, it's made for kids.
          Features like personalized ads and notifications won’t be availab"
[2026-06-01 09:04:51] [OUT] ---

[2026-06-01 09:04:52] [CMD] browseros-cli click -p 306 2103
[2026-06-01 09:04:52] [EXIT] 0
[2026-06-01 09:04:52] [OUT] ---
Clicked [2103] at (303, 464)
[2026-06-01 09:04:52] [OUT] ---
[2026-06-01 09:04:52] [INFO] Selected 'Not made for kids'
[2026-06-01 09:04:54] [INFO] ========================================
[2026-06-01 09:04:54] [INFO]   Phase 5: Navigate to Visibility Screen
[2026-06-01 09:04:54] [INFO] ========================================

[2026-06-01 09:04:55] [CMD] browseros-cli snap -p 306
[2026-06-01 09:04:55] [EXIT] 0
[2026-06-01 09:04:55] [OUT] ---
[905] button "Sort by Date"
[942] button "Sort by Views"
[1492] button "Send Feedback"
[1504] button "Close"
[2179] tab "Details" (selected)
[2190] tab "Video elements"
[2201] tab "Checks"
[2212] tab "Visibility"
[1976] button "Reuse details"
[2292] textbox "Add a title that describes your video (type @ to mention a channel)" value="🌮 Mexican Street Tacos al Pastor 🌮" (required)
[2035] textbox "Tell viewers about your video (type @ to mention a channel)" value="Recipe: 
Ingredients: 🐷 1 lb marinated pork (achiote, 🍎 pineapple juice, 🌶️ chili), 🫓 small corn tortillas, 🧅 1/2 cup diced white onion, 🌿 1/2 cup fresh cilantro, 🍎 1/2 cup diced pineapple, and salsa verde. 
Steps: 👨‍🍳 Sear the marinated pork in a very hot pan until the edges are crispy and caramelized. 🥣 Char the pineapple slices. 🔥 Warm the corn tortillas on a griddle. ⏲️ Assemble by piling pork onto tortillas, topping with onion, cilantro, and a piece of sweet pineapple. 🍳 Serve with a side of spicy green salsa and lime.
#tacos #mexicanfood #streetfood #dinner #tacolover #freshfood #authentic #alpastor 🌮🍱
"
[2255] link "Learn more about playlists"
[2261] button "Select playlists"
[2265] button "Select"
[2088] link "What's content made for kids?"
[2095] link "Learn more about video's audience settings"
[2098] radio "Yes, it's made for kids . Features like personalized ads and notifications won’t be available on videos made for kids. Videos that are set as made for kids by you are more likely to be recommended alongside other kids’ videos. Learn more"
[2102] link "Learn more"
[2103] radio "No, it's not made for kids"
[2020] button "Age restriction (advanced)"
[2176] button "Show advanced settings"
[2238] link "https://youtube.com/shorts/n281VsdTfwg"
[2241] button "Copy video link"
[1599] button "Next"
[546] clickable "Inspiration
        


  
      Videos
    


  
        Shorts
      


  
        Live
      


  "
[2097] clickable "Yes, it's made for kids.
          Features like personalized ads and notifications won’t be availab"
[2026-06-01 09:04:55] [OUT] ---
[2026-06-01 09:04:55] [INFO] Clicking Next (1/3)...

[2026-06-01 09:04:56] [CMD] browseros-cli click -p 306 1599
[2026-06-01 09:04:56] [EXIT] 0
[2026-06-01 09:04:56] [OUT] ---
Clicked [1599] at (1061, 697)
[2026-06-01 09:04:56] [OUT] ---

[2026-06-01 09:05:00] [CMD] browseros-cli snap -p 306
[2026-06-01 09:05:00] [EXIT] 0
[2026-06-01 09:05:00] [OUT] ---
[422] menuitem "Content detection"
[441] menuitem "Earn"
[460] menuitem "Customization"
[479] menuitem "Audio library"
[504] button "Settings"
[517] button "Send feedback"
[565] tab "Inspiration"
[568] tab "Videos" (selected)
[570] tab "Shorts"
[573] tab "Live"
[576] tab "Posts"
[579] tab "Playlists"
[582] tab "Podcasts"
[585] tab "Promotions"
[591] tab "Collaborations"
[11] textbox "Filter"
[792] checkbox
[905] button "Sort by Date"
[942] button "Sort by Views"
[1492] button "Send Feedback"
[1504] button "Close"
[2179] tab "Details"
[2190] tab "Video elements" (selected)
[2201] tab "Checks"
[2212] tab "Visibility"
[11083] link "Learn more"
[11321] button "Add"
[11127] button "Add" (disabled)
[1592] button "Back"
[1599] button "Next"
[546] clickable "Inspiration
        


  
      Videos
    


  
        Shorts
      


  
        Live
      


  "
[2026-06-01 09:05:00] [OUT] ---

[2026-06-01 09:05:01] [CMD] browseros-cli snap -p 306
[2026-06-01 09:05:01] [EXIT] 0
[2026-06-01 09:05:01] [OUT] ---
[422] menuitem "Content detection"
[441] menuitem "Earn"
[460] menuitem "Customization"
[479] menuitem "Audio library"
[504] button "Settings"
[517] button "Send feedback"
[565] tab "Inspiration"
[568] tab "Videos" (selected)
[570] tab "Shorts"
[573] tab "Live"
[576] tab "Posts"
[579] tab "Playlists"
[582] tab "Podcasts"
[585] tab "Promotions"
[591] tab "Collaborations"
[11] textbox "Filter"
[792] checkbox
[905] button "Sort by Date"
[942] button "Sort by Views"
[1492] button "Send Feedback"
[1504] button "Close"
[2179] tab "Details"
[2190] tab "Video elements" (selected)
[2201] tab "Checks"
[2212] tab "Visibility"
[11083] link "Learn more"
[11321] button "Add"
[11127] button "Add" (disabled)
[1592] button "Back"
[1599] button "Next"
[546] clickable "Inspiration
        


  
      Videos
    


  
        Shorts
      


  
        Live
      


  "
[2026-06-01 09:05:01] [OUT] ---
[2026-06-01 09:05:01] [INFO] Clicking Next (2/3)...

[2026-06-01 09:05:02] [CMD] browseros-cli click -p 306 1599
[2026-06-01 09:05:02] [EXIT] 0
[2026-06-01 09:05:02] [OUT] ---
Clicked [1599] at (1061, 697)
[2026-06-01 09:05:02] [OUT] ---

[2026-06-01 09:05:06] [CMD] browseros-cli snap -p 306
[2026-06-01 09:05:06] [EXIT] 0
[2026-06-01 09:05:06] [OUT] ---
[460] menuitem "Customization"
[479] menuitem "Audio library"
[504] button "Settings"
[517] button "Send feedback"
[565] tab "Inspiration"
[568] tab "Videos" (selected)
[570] tab "Shorts"
[573] tab "Live"
[576] tab "Posts"
[579] tab "Playlists"
[582] tab "Podcasts"
[585] tab "Promotions"
[591] tab "Collaborations"
[11] textbox "Filter"
[792] checkbox
[905] button "Sort by Date"
[942] button "Sort by Views"
[1492] button "Send Feedback"
[1504] button "Close"
[2179] tab "Details"
[2190] tab "Video elements"
[2201] tab "Checks" (selected)
[2212] tab "Visibility"
[11466] link "Learn more"
[11511] link "Learn more"
[11478] button "Send feedback"
[1592] button "Back"
[1599] button "Next"
[546] clickable "Inspiration
        


  
      Videos
    


  
        Shorts
      


  
        Live
      


  "
[11477] clickable "Send feedback"
[11479] clickable "Send feedback"
[2026-06-01 09:05:06] [OUT] ---

[2026-06-01 09:05:07] [CMD] browseros-cli snap -p 306
[2026-06-01 09:05:07] [EXIT] 0
[2026-06-01 09:05:07] [OUT] ---
[460] menuitem "Customization"
[479] menuitem "Audio library"
[504] button "Settings"
[517] button "Send feedback"
[565] tab "Inspiration"
[568] tab "Videos" (selected)
[570] tab "Shorts"
[573] tab "Live"
[576] tab "Posts"
[579] tab "Playlists"
[582] tab "Podcasts"
[585] tab "Promotions"
[591] tab "Collaborations"
[11] textbox "Filter"
[792] checkbox
[905] button "Sort by Date"
[942] button "Sort by Views"
[1492] button "Send Feedback"
[1504] button "Close"
[2179] tab "Details"
[2190] tab "Video elements"
[2201] tab "Checks" (selected)
[2212] tab "Visibility"
[11466] link "Learn more"
[11511] link "Learn more"
[11478] button "Send feedback"
[1592] button "Back"
[1599] button "Next"
[546] clickable "Inspiration
        


  
      Videos
    


  
        Shorts
      


  
        Live
      


  "
[11477] clickable "Send feedback"
[11479] clickable "Send feedback"
[2026-06-01 09:05:07] [OUT] ---
[2026-06-01 09:05:07] [INFO] Clicking Next (3/3)...

[2026-06-01 09:05:08] [CMD] browseros-cli click -p 306 1599
[2026-06-01 09:05:08] [EXIT] 0
[2026-06-01 09:05:08] [OUT] ---
Clicked [1599] at (1061, 697)
[2026-06-01 09:05:08] [OUT] ---

[2026-06-01 09:05:12] [CMD] browseros-cli snap -p 306
[2026-06-01 09:05:12] [EXIT] 0
[2026-06-01 09:05:12] [OUT] ---
[11997] radio "Private"
[12007] radio "Unlisted"
[12016] radio "Public"
[11724] button "Click to expand"
[11659] link "Learn more"
[11664] link "Learn more"
[11950] button "Play"
[11953] button "Mute"
[11775] slider "volume"
[11957] button "Settings"
[11982] button "Full screen"
[11692] link "https://youtube.com/shorts/n281VsdTfwg"
[11695] button "Copy video link"
[1592] button "Back"
[1606] button "Save"
[546] clickable "Inspiration
        


  
      Videos
    


  
        Shorts
      


  
        Live
      


  "
[11735] clickable "Private
          

          
          
            
              Only you and people you choose "
[11718] clickable "Schedule
      
        
          Select a date to make your video public.
        
      
      
 "
[2026-06-01 09:05:12] [OUT] ---
[2026-06-01 09:05:12] [INFO] Reached Visibility screen
[2026-06-01 09:05:12] [INFO] ========================================
[2026-06-01 09:05:12] [INFO]   Phase 6: Open Scheduling Options
[2026-06-01 09:05:12] [INFO] ========================================
[2026-06-01 09:05:12] [INFO] Clicking 'Schedule' option...

[2026-06-01 09:05:13] [CMD] browseros-cli snap -p 306
[2026-06-01 09:05:13] [EXIT] 0
[2026-06-01 09:05:13] [OUT] ---
[11997] radio "Private"
[12007] radio "Unlisted"
[12016] radio "Public"
[11724] button "Click to expand"
[11659] link "Learn more"
[11664] link "Learn more"
[11950] button "Play"
[11953] button "Mute"
[11775] slider "volume"
[11957] button "Settings"
[11982] button "Full screen"
[11692] link "https://youtube.com/shorts/n281VsdTfwg"
[11695] button "Copy video link"
[1592] button "Back"
[1606] button "Save"
[546] clickable "Inspiration
        


  
      Videos
    


  
        Shorts
      


  
        Live
      


  "
[11735] clickable "Private
          

          
          
            
              Only you and people you choose "
[11718] clickable "Schedule
      
        
          Select a date to make your video public.
        
      
      
 "
[2026-06-01 09:05:13] [OUT] ---

[2026-06-01 09:05:14] [CMD] browseros-cli click -p 306 11718
[2026-06-01 09:05:14] [EXIT] 0
[2026-06-01 09:05:14] [OUT] ---
Clicked [11718] at (472, 574)
[2026-06-01 09:05:14] [OUT] ---
[2026-06-01 09:05:16] [INFO] ========================================
[2026-06-01 09:05:16] [INFO]   Phase 7: Fill Date and Time
[2026-06-01 09:05:16] [INFO] ========================================
[2026-06-01 09:05:16] [INFO] Setting date: Jun 14, 2026, time: 8:45 PM
[2026-06-01 09:05:16] [INFO] Opening date picker...

[2026-06-01 09:05:17] [CMD] browseros-cli snap -p 306
[2026-06-01 09:05:17] [EXIT] 0
[2026-06-01 09:05:17] [OUT] ---
[942] button "Sort by Views"
[1492] button "Send Feedback"
[1504] button "Close"
[2179] tab "Details"
[2190] tab "Video elements"
[2201] tab "Checks"
[2212] tab "Visibility" (selected)
[11710] button "Click to expand"
[12246] button "Jun 2, 2026"
[12250] button "Jun 2, 2026"
[12276] textbox value="12:00 AM"
[12359] button "Time zone"
[11659] link "Learn more"
[11664] link "Learn more"
[11950] button "Play"
[11953] button "Mute"
[11775] slider "volume"
[11957] button "Settings"
[11982] button "Full screen"
[11692] link "https://youtube.com/shorts/n281VsdTfwg"
[11695] button "Copy video link"
[1592] button "Back"
[1606] button "Schedule"
[546] clickable "Inspiration
        


  
      Videos
    


  
        Shorts
      


  
        Live
      


  "
[11671] clickable "Save or publish
        
        
          Make your video public, unlisted, or private
        
  "
[12360] clickable "Default set to local time zone (GMT+0530)"
[2026-06-01 09:05:17] [OUT] ---

[2026-06-01 09:05:18] [CMD] browseros-cli click -p 306 12246
[2026-06-01 09:05:18] [EXIT] 0
[2026-06-01 09:05:18] [OUT] ---
Clicked [12246] at (310, 490)
[2026-06-01 09:05:18] [OUT] ---

[2026-06-01 09:05:22] [CMD] browseros-cli snap -p 306
[2026-06-01 09:05:22] [EXIT] 0
[2026-06-01 09:05:22] [OUT] ---
[12613] clickable "13"
[12614] clickable "14"
[12615] clickable "15"
[12616] clickable "16"
[12617] clickable "17"
[12618] clickable "18"
[12619] clickable "19"
[12620] clickable "20"
[12621] clickable "21"
[12622] clickable "22"
[12623] clickable "23"
[12624] clickable "24"
[12625] clickable "25"
[12626] clickable "26"
[12627] clickable "27"
[12628] clickable "28"
[12629] clickable "29"
[12630] clickable "30"
[12631] clickable "31"
[12639] clickable "1"
[12640] clickable "2"
[12641] clickable "3"
[12642] clickable "4"
[12643] clickable "5"
[12644] clickable "6"
[12645] clickable "7"
[12646] clickable "8"
[12647] clickable "9"
[12648] clickable "10"
[12649] clickable "11"
[12650] clickable "12"
[12651] clickable "13"
[12652] clickable "14"
[12653] clickable "15"
[12654] clickable "16"
[12655] clickable "17"
[12656] clickable "18"
[12657] clickable "19"
[12658] clickable "20"
[12659] clickable "21"
[12660] clickable "22"
[12661] clickable "23"
[12662] clickable "24"
[12663] clickable "25"
[12664] clickable "26"
[12665] clickable "27"
[12666] clickable "28"
[12667] clickable "29"
[12668] clickable "30"
[12669] clickable "31"
[2026-06-01 09:05:22] [OUT] ---

[2026-06-01 09:05:23] [CMD] browseros-cli fill -p 306 12453 Jun 14, 2026
[2026-06-01 09:05:23] [EXIT] 0
[2026-06-01 09:05:23] [OUT] ---
Typed 12 characters into [12453] at (327, 124)
[2026-06-01 09:05:23] [OUT] ---

[2026-06-01 09:05:25] [CMD] browseros-cli key -p 306 Enter
[2026-06-01 09:05:25] [EXIT] 0
[2026-06-01 09:05:25] [OUT] ---
Pressed Enter
[2026-06-01 09:05:25] [OUT] ---
[2026-06-01 09:05:27] [INFO] Setting time...

[2026-06-01 09:05:28] [CMD] browseros-cli snap -p 306
[2026-06-01 09:05:28] [EXIT] 0
[2026-06-01 09:05:28] [OUT] ---
[942] button "Sort by Views"
[1492] button "Send Feedback"
[1504] button "Close"
[2179] tab "Details"
[2190] tab "Video elements"
[2201] tab "Checks"
[2212] tab "Visibility" (selected)
[11710] button "Click to expand"
[12246] button "Jun 14, 2026"
[12250] button "Jun 14, 2026"
[12276] textbox value="12:00 AM"
[12359] button "Time zone"
[11659] link "Learn more"
[11664] link "Learn more"
[11950] button "Play"
[11953] button "Mute"
[11775] slider "volume"
[11957] button "Settings"
[11982] button "Full screen"
[11692] link "https://youtube.com/shorts/n281VsdTfwg"
[11695] button "Copy video link"
[1592] button "Back"
[1606] button "Schedule"
[546] clickable "Inspiration
        


  
      Videos
    


  
        Shorts
      


  
        Live
      


  "
[11671] clickable "Save or publish
        
        
          Make your video public, unlisted, or private
        
  "
[12360] clickable "Default set to local time zone (GMT+0530)"
[2026-06-01 09:05:28] [OUT] ---
[2026-06-01 09:05:28] [INFO] Clicking time input box to open dropdown...

[2026-06-01 09:05:29] [CMD] browseros-cli click -p 306 12276
[2026-06-01 09:05:29] [EXIT] 0
[2026-06-01 09:05:29] [OUT] ---
Clicked [12276] at (466, 490)
[2026-06-01 09:05:29] [OUT] ---

[2026-06-01 09:05:32] [CMD] browseros-cli snap -p 306
[2026-06-01 09:05:32] [EXIT] 0
[2026-06-01 09:05:32] [OUT] ---
[13268] option "6:15 PM"
[13269] option "6:30 PM"
[13270] option "6:45 PM"
[13271] option "7:00 PM"
[13272] option "7:15 PM"
[13273] option "7:30 PM"
[13274] option "7:45 PM"
[13275] option "8:00 PM"
[13276] option "8:15 PM"
[13277] option "8:30 PM"
[13278] option "8:45 PM"
[13279] option "9:00 PM"
[13280] option "9:15 PM"
[13281] option "9:30 PM"
[13282] option "9:45 PM"
[13283] option "10:00 PM"
[13284] option "10:15 PM"
[13285] option "10:30 PM"
[13286] option "10:45 PM"
[13287] option "11:00 PM"
[13288] option "11:15 PM"
[13289] option "11:30 PM"
[13290] option "11:45 PM"
[546] clickable "Inspiration
        


  
      Videos
    


  
        Shorts
      


  
        Live
      


  "
[11671] clickable "Save or publish
        
        
          Make your video public, unlisted, or private
        
  "
[12360] clickable "Default set to local time zone (GMT+0530)"
[2026-06-01 09:05:32] [OUT] ---
[2026-06-01 09:05:32] [INFO] Clicking time option ref: 13278 for 8:45 PM

[2026-06-01 09:05:33] [CMD] browseros-cli click -p 306 13278
[2026-06-01 09:05:33] [EXIT] 0
[2026-06-01 09:05:33] [OUT] ---
Clicked [13278] at (466, 316)
[2026-06-01 09:05:33] [OUT] ---
[2026-06-01 09:05:35] [INFO] Date and time filled successfully
[2026-06-01 09:05:35] [INFO] ========================================
[2026-06-01 09:05:35] [INFO]   Phase 8: User Verification
[2026-06-01 09:05:35] [INFO] ========================================
[2026-06-01 09:05:35] [INFO] 
[2026-06-01 09:05:35] [INFO] ============================================
[2026-06-01 09:05:35] [INFO]   SCHEDULED REEL REVIEW
[2026-06-01 09:05:35] [INFO] ============================================
[2026-06-01 09:05:35] [INFO]   Asset ID: 29
[2026-06-01 09:05:35] [INFO]   Project:  project-1
[2026-06-01 09:05:35] [INFO]   Date:     2026-06-14 (Sunday)
[2026-06-01 09:05:35] [INFO]   Time:     20:45:00
[2026-06-01 09:05:35] [INFO] ============================================
[2026-06-01 09:05:35] [INFO] 
[2026-06-01 09:05:35] [INFO] [YOLO] Finding 'Schedule' button...

[2026-06-01 09:05:36] [CMD] browseros-cli snap -p 306
[2026-06-01 09:05:36] [EXIT] 0
[2026-06-01 09:05:36] [OUT] ---
[942] button "Sort by Views"
[1492] button "Send Feedback"
[1504] button "Close"
[2179] tab "Details"
[2190] tab "Video elements"
[2201] tab "Checks"
[2212] tab "Visibility" (selected)
[11710] button "Click to expand"
[12246] button "Jun 14, 2026"
[12250] button "Jun 14, 2026"
[12276] textbox value="8:45 PM"
[12359] button "Time zone"
[11659] link "Learn more"
[11664] link "Learn more"
[11950] button "Play"
[11953] button "Mute"
[11775] slider "volume"
[11957] button "Settings"
[11982] button "Full screen"
[11692] link "https://youtube.com/shorts/n281VsdTfwg"
[11695] button "Copy video link"
[1592] button "Back"
[1606] button "Schedule"
[546] clickable "Inspiration
        


  
      Videos
    


  
        Shorts
      


  
        Live
      


  "
[11671] clickable "Save or publish
        
        
          Make your video public, unlisted, or private
        
  "
[12360] clickable "Default set to local time zone (GMT+0530)"
[2026-06-01 09:05:36] [OUT] ---
[2026-06-01 09:05:36] [INFO] Clicking 'Schedule' button (ref: 1606)...

[2026-06-01 09:05:37] [CMD] browseros-cli click -p 306 1606
[2026-06-01 09:05:37] [EXIT] 0
[2026-06-01 09:05:37] [OUT] ---
Clicked [1606] at (1047, 697)
[2026-06-01 09:05:37] [OUT] ---
[2026-06-01 09:05:47] [INFO] Marking asset 29 as uploaded for youtube...
[2026-06-01 09:05:47] [DEBUG] mark_uploaded output: {"success": true, "id": "29", "platform": "youtube"}
[2026-06-01 09:05:47] [INFO] Marking asset 29 as scheduled for youtube...
[2026-06-01 09:05:47] [DEBUG] mark_scheduled output: {"success": true, "id": "29", "platform": "youtube"}
[2026-06-01 09:05:47] [INFO] Tracker updated for asset 29
[2026-06-01 09:05:47] [INFO] ========================================
[2026-06-01 09:05:47] [INFO]   Phase 9: Close Browser Tab
[2026-06-01 09:05:47] [INFO] ========================================

[2026-06-01 09:05:48] [CMD] browseros-cli close -p 306
[2026-06-01 09:05:48] [EXIT] 0
[2026-06-01 09:05:48] [OUT] ---
Closed page 306
[2026-06-01 09:05:48] [OUT] ---
[2026-06-01 09:05:48] [INFO] Browser tab closed
[2026-06-01 09:05:48] [INFO] ========================================
[2026-06-01 09:05:48] [INFO]   Processing Schedule Entry 8 / 23
[2026-06-01 09:05:48] [INFO] ========================================
[2026-06-01 09:05:48] [INFO] Date: 2026-06-15, Day: Monday, Time: 13:00:00
[2026-06-01 09:05:48] [INFO] ========================================
[2026-06-01 09:05:48] [INFO]   Phase 1: Identify Project and Asset
[2026-06-01 09:05:48] [INFO] ========================================
[2026-06-01 09:05:48] [INFO] Fetching mapped post for project 1...
[2026-06-01 09:05:48] [DEBUG] get_mapped_post exit=0 output='ID: 30
Caption: 🍅 The Ultimate Heirloom Tomato BLT 🍅
Recipe: 
Ingredients: 🧂 4 slices thick-cut peppered bacon, 🥨 2 slices toasted sourdough, 🍅 1 large heirloom tomato, 🥬 crisp bibb lettuce, 🥛 and 2 tbsp high-quality mayonnaise. 
Steps: 👨‍🍳 Fry the bacon until perfectly crispy but not burnt. 🥣 Slice the tomato into 1/2 inch thick rounds and season with salt and pepper. 🔥 Spread a thick layer of mayo on both slices of toasted bread. ⏲️ Layer the lettuce, the juicy tomato slices, and then the bacon. 🍳 Close the sandwich and slice diagonally.
#blt #sandwich #lunch #bacon #classic #easyrecipes #foodie #tomato 🌮🍱'
[2026-06-01 09:05:48] [INFO] Asset ID: 30
[2026-06-01 09:05:48] [INFO] Title length: 36 chars
[2026-06-01 09:05:48] [INFO] Description length: 562 chars
[2026-06-01 09:05:48] [INFO] Asset path: /Users/dsen/Projects/ai-post-maker/project-1/assets/30.mp4
[2026-06-01 09:05:48] [INFO] ========================================
[2026-06-01 09:05:48] [INFO]   Phase 2: Open YouTube Upload Page
[2026-06-01 09:05:48] [INFO] ========================================
[2026-06-01 09:05:48] [INFO] Opening new page: https://www.youtube.com/upload

[2026-06-01 09:05:49] [CMD] browseros-cli open https://www.youtube.com/upload --json
[2026-06-01 09:05:49] [EXIT] 0
[2026-06-01 09:05:49] [OUT] ---
{"background":false,"hidden":false,"pageId":308,"url":"https://www.youtube.com/upload"}
[2026-06-01 09:05:49] [OUT] ---
[2026-06-01 09:05:49] [INFO] Page opened with ID: 308
[2026-06-01 09:05:54] [INFO] Page loaded successfully
[2026-06-01 09:05:54] [INFO] ========================================
[2026-06-01 09:05:54] [INFO]   Phase 3: Upload the Video File
[2026-06-01 09:05:54] [INFO] ========================================
[2026-06-01 09:05:54] [INFO] Exposing hidden file input...

[2026-06-01 09:05:55] [CMD] browseros-cli eval -p 308 document.querySelectorAll('input[type="file"]').forEach((i, idx) => { i.removeAttribute('aria-hidden'); i.style.display='block'; i.style.visibility='visible'; i.style.opacity='1'; i.style.position='static'; i.style.width='100px'; i.style.height='50px'; i.style.zIndex='999999'; i.title='Upload Video File'; });
[2026-06-01 09:05:55] [EXIT] 0
[2026-06-01 09:05:55] [OUT] ---
undefined
[2026-06-01 09:05:55] [OUT] ---
[2026-06-01 09:05:57] [INFO] Taking snapshot to find file input...

[2026-06-01 09:05:58] [CMD] browseros-cli snap -p 308
[2026-06-01 09:05:58] [EXIT] 0
[2026-06-01 09:05:58] [OUT] ---
[345] menuitem "Content"
[365] menuitem "Analytics"
[384] menuitem "Community"
[403] menuitem "Subtitles"
[422] menuitem "Content detection"
[441] menuitem "Earn"
[460] menuitem "Customization"
[479] menuitem "Audio library"
[504] button "Settings"
[517] button "Send feedback"
[565] tab "Inspiration"
[568] tab "Videos" (selected)
[570] tab "Shorts"
[573] tab "Live"
[576] tab "Posts"
[579] tab "Playlists"
[582] tab "Podcasts"
[585] tab "Promotions"
[591] tab "Collaborations"
[11] textbox "Filter"
[792] checkbox
[905] button "Sort by Date"
[942] button "Sort by Views"
[1492] button "Send Feedback"
[1504] button "Close"
[1537] button "Select files"
[1542] button "Choose Files"
[1546] link "Terms of Service"
[1547] link "Community Guidelines"
[1551] link "Learn more"
[546] clickable "Inspiration
        


  
      Videos
    


  
        Shorts
      


  
        Live
      


  "
[2026-06-01 09:05:58] [OUT] ---

[2026-06-01 09:05:59] [CMD] browseros-cli snap -p 308
[2026-06-01 09:05:59] [EXIT] 0
[2026-06-01 09:05:59] [OUT] ---
[345] menuitem "Content"
[365] menuitem "Analytics"
[384] menuitem "Community"
[403] menuitem "Subtitles"
[422] menuitem "Content detection"
[441] menuitem "Earn"
[460] menuitem "Customization"
[479] menuitem "Audio library"
[504] button "Settings"
[517] button "Send feedback"
[565] tab "Inspiration"
[568] tab "Videos" (selected)
[570] tab "Shorts"
[573] tab "Live"
[576] tab "Posts"
[579] tab "Playlists"
[582] tab "Podcasts"
[585] tab "Promotions"
[591] tab "Collaborations"
[11] textbox "Filter"
[792] checkbox
[905] button "Sort by Date"
[942] button "Sort by Views"
[1492] button "Send Feedback"
[1504] button "Close"
[1537] button "Select files"
[1542] button "Choose Files"
[1546] link "Terms of Service"
[1547] link "Community Guidelines"
[1551] link "Learn more"
[546] clickable "Inspiration
        


  
      Videos
    


  
        Shorts
      


  
        Live
      


  "
[2026-06-01 09:05:59] [OUT] ---

[2026-06-01 09:06:00] [CMD] browseros-cli snap -p 308
[2026-06-01 09:06:00] [EXIT] 0
[2026-06-01 09:06:00] [OUT] ---
[345] menuitem "Content"
[365] menuitem "Analytics"
[384] menuitem "Community"
[403] menuitem "Subtitles"
[422] menuitem "Content detection"
[441] menuitem "Earn"
[460] menuitem "Customization"
[479] menuitem "Audio library"
[504] button "Settings"
[517] button "Send feedback"
[565] tab "Inspiration"
[568] tab "Videos" (selected)
[570] tab "Shorts"
[573] tab "Live"
[576] tab "Posts"
[579] tab "Playlists"
[582] tab "Podcasts"
[585] tab "Promotions"
[591] tab "Collaborations"
[11] textbox "Filter"
[792] checkbox
[905] button "Sort by Date"
[942] button "Sort by Views"
[1492] button "Send Feedback"
[1504] button "Close"
[1537] button "Select files"
[1542] button "Choose Files"
[1546] link "Terms of Service"
[1547] link "Community Guidelines"
[1551] link "Learn more"
[546] clickable "Inspiration
        


  
      Videos
    


  
        Shorts
      


  
        Live
      


  "
[2026-06-01 09:06:00] [OUT] ---
[2026-06-01 09:06:00] [INFO] Attempting upload to ref: 1542...

[2026-06-01 09:06:01] [CMD] browseros-cli upload -p 308 1542 /Users/dsen/Projects/ai-post-maker/project-1/assets/30.mp4
[2026-06-01 09:06:01] [EXIT] 0
[2026-06-01 09:06:01] [OUT] ---
Set 1 file(s) on [1542]
[2026-06-01 09:06:01] [OUT] ---
[2026-06-01 09:06:06] [INFO] Waiting for 'Details' screen to appear...

[2026-06-01 09:06:07] [CMD] browseros-cli snap -p 308
[2026-06-01 09:06:07] [EXIT] 0
[2026-06-01 09:06:07] [OUT] ---
[1504] button "Close"
[2178] tab "Details" (selected)
[2189] tab "Video elements"
[2200] tab "Checks"
[2211] tab "Visibility"
[1975] button "Reuse details"
[2291] textbox "Add a title that describes your video (type @ to mention a channel)" value="30" (required)
[2518] button "Add all"
[2404] button "Options"
[2809] button "Personalized suggestion illustration #appetizer"
[2819] button "#strawberry"
[2829] button "Personalized suggestion illustration #baking"
[2034] textbox "Tell viewers about your video (type @ to mention a channel)"
[2254] link "Learn more about playlists"
[2260] button "Select playlists"
[2264] button "Select"
[2087] link "What's content made for kids?"
[2094] link "Learn more about video's audience settings"
[2097] radio "Yes, it's made for kids . Features like personalized ads and notifications won’t be available on videos made for kids. Videos that are set as made for kids by you are more likely to be recommended alongside other kids’ videos. Learn more"
[2101] link "Learn more"
[2102] radio "No, it's not made for kids"
[2019] button "Age restriction (advanced)"
[2175] button "Show advanced settings"
[2237] link "https://youtube.com/shorts/4sEBavmAiDs"
[2240] button "Copy video link"
[1599] button "Next"
[546] clickable "Inspiration
        


  
      Videos
    


  
        Shorts
      


  
        Live
      


  "
[2407] clickable "The following suggestions were automatically generated based on your existing content. You can add
  and edit them to help viewers discover, understand, and engage with your content."
[2096] clickable "Yes, it's made for kids.
          Features like personalized ads and notifications won’t be availab"
[2026-06-01 09:06:07] [OUT] ---
[2026-06-01 09:06:07] [INFO] Video uploaded and Details screen reached
[2026-06-01 09:06:07] [INFO] ========================================
[2026-06-01 09:06:07] [INFO]   Phase 4: Fill Details
[2026-06-01 09:06:07] [INFO] ========================================
[2026-06-01 09:06:07] [INFO] Finding Title field...

[2026-06-01 09:06:08] [CMD] browseros-cli snap -p 308
[2026-06-01 09:06:08] [EXIT] 0
[2026-06-01 09:06:08] [OUT] ---
[1504] button "Close"
[2178] tab "Details" (selected)
[2189] tab "Video elements"
[2200] tab "Checks"
[2211] tab "Visibility"
[1975] button "Reuse details"
[2291] textbox "Add a title that describes your video (type @ to mention a channel)" value="30" (required)
[2518] button "Add all"
[2404] button "Options"
[2809] button "Personalized suggestion illustration #appetizer"
[2819] button "#strawberry"
[2829] button "Personalized suggestion illustration #baking"
[2034] textbox "Tell viewers about your video (type @ to mention a channel)"
[2254] link "Learn more about playlists"
[2260] button "Select playlists"
[2264] button "Select"
[2087] link "What's content made for kids?"
[2094] link "Learn more about video's audience settings"
[2097] radio "Yes, it's made for kids . Features like personalized ads and notifications won’t be available on videos made for kids. Videos that are set as made for kids by you are more likely to be recommended alongside other kids’ videos. Learn more"
[2101] link "Learn more"
[2102] radio "No, it's not made for kids"
[2019] button "Age restriction (advanced)"
[2175] button "Show advanced settings"
[2237] link "https://youtube.com/shorts/4sEBavmAiDs"
[2240] button "Copy video link"
[1599] button "Next"
[546] clickable "Inspiration
        


  
      Videos
    


  
        Shorts
      


  
        Live
      


  "
[2407] clickable "The following suggestions were automatically generated based on your existing content. You can add
  and edit them to help viewers discover, understand, and engage with your content."
[2096] clickable "Yes, it's made for kids.
          Features like personalized ads and notifications won’t be availab"
[2026-06-01 09:06:08] [OUT] ---
[2026-06-01 09:06:08] [INFO] Filling Title...

[2026-06-01 09:06:09] [CMD] browseros-cli fill -p 308 2291 🍅 The Ultimate Heirloom Tomato BLT 🍅
[2026-06-01 09:06:09] [EXIT] 0
[2026-06-01 09:06:09] [OUT] ---
Typed 38 characters into [2291] at (472, 229)
[2026-06-01 09:06:09] [OUT] ---
[2026-06-01 09:06:11] [INFO] Finding Description field...

[2026-06-01 09:06:12] [CMD] browseros-cli snap -p 308
[2026-06-01 09:06:12] [EXIT] 0
[2026-06-01 09:06:12] [OUT] ---
[1504] button "Close"
[2178] tab "Details" (selected)
[2189] tab "Video elements"
[2200] tab "Checks"
[2211] tab "Visibility"
[1975] button "Reuse details"
[2291] textbox "Add a title that describes your video (type @ to mention a channel)" value="🍅 The Ultimate Heirloom Tomato BLT 🍅" (required)
[2518] button "Add all"
[2404] button "Options"
[2809] button "Personalized suggestion illustration #appetizer"
[2819] button "#strawberry"
[2829] button "Personalized suggestion illustration #baking"
[2034] textbox "Tell viewers about your video (type @ to mention a channel)"
[2254] link "Learn more about playlists"
[2260] button "Select playlists"
[2264] button "Select"
[2087] link "What's content made for kids?"
[2094] link "Learn more about video's audience settings"
[2097] radio "Yes, it's made for kids . Features like personalized ads and notifications won’t be available on videos made for kids. Videos that are set as made for kids by you are more likely to be recommended alongside other kids’ videos. Learn more"
[2101] link "Learn more"
[2102] radio "No, it's not made for kids"
[2019] button "Age restriction (advanced)"
[2175] button "Show advanced settings"
[2237] link "https://youtube.com/shorts/4sEBavmAiDs"
[2240] button "Copy video link"
[1599] button "Next"
[546] clickable "Inspiration
        


  
      Videos
    


  
        Shorts
      


  
        Live
      


  "
[2407] clickable "The following suggestions were automatically generated based on your existing content. You can add
  and edit them to help viewers discover, understand, and engage with your content."
[2096] clickable "Yes, it's made for kids.
          Features like personalized ads and notifications won’t be availab"
[2026-06-01 09:06:12] [OUT] ---
[2026-06-01 09:06:12] [INFO] Filling Description...

[2026-06-01 09:06:15] [CMD] browseros-cli fill -p 308 2034 Recipe: 
Ingredients: 🧂 4 slices thick-cut peppered bacon, 🥨 2 slices toasted sourdough, 🍅 1 large heirloom tomato, 🥬 crisp bibb lettuce, 🥛 and 2 tbsp high-quality mayonnaise. 
Steps: 👨‍🍳 Fry the bacon until perfectly crispy but not burnt. 🥣 Slice the tomato into 1/2 inch thick rounds and season with salt and pepper. 🔥 Spread a thick layer of mayo on both slices of toasted bread. ⏲️ Layer the lettuce, the juicy tomato slices, and then the bacon. 🍳 Close the sandwich and slice diagonally.
#blt #sandwich #lunch #bacon #classic #easyrecipes #foodie #tomato 🌮🍱
[2026-06-01 09:06:15] [EXIT] 0
[2026-06-01 09:06:15] [OUT] ---
Typed 574 characters into [2034] at (472, 490)
[2026-06-01 09:06:15] [OUT] ---
[2026-06-01 09:06:17] [INFO] Selecting 'Not made for kids'...

[2026-06-01 09:06:18] [CMD] browseros-cli snap -p 308
[2026-06-01 09:06:18] [EXIT] 0
[2026-06-01 09:06:18] [OUT] ---
[905] button "Sort by Date"
[942] button "Sort by Views"
[1492] button "Send Feedback"
[1504] button "Close"
[2178] tab "Details" (selected)
[2189] tab "Video elements"
[2200] tab "Checks"
[2211] tab "Visibility"
[1975] button "Reuse details"
[2291] textbox "Add a title that describes your video (type @ to mention a channel)" value="🍅 The Ultimate Heirloom Tomato BLT 🍅" (required)
[2034] textbox "Tell viewers about your video (type @ to mention a channel)" value="Recipe: 
Ingredients: 🧂 4 slices thick-cut peppered bacon, 🥨 2 slices toasted sourdough, 🍅 1 large heirloom tomato, 🥬 crisp bibb lettuce, 🥛 and 2 tbsp high-quality mayonnaise. 
Steps: 👨‍🍳 Fry the bacon until perfectly crispy but not burnt. 🥣 Slice the tomato into 1/2 inch thick rounds and season with salt and pepper. 🔥 Spread a thick layer of mayo on both slices of toasted bread. ⏲️ Layer the lettuce, the juicy tomato slices, and then the bacon. 🍳 Close the sandwich and slice diagonally.
#blt #sandwich #lunch #bacon #classic #easyrecipes #foodie #tomato 🌮🍱
"
[2254] link "Learn more about playlists"
[2260] button "Select playlists"
[2264] button "Select"
[2087] link "What's content made for kids?"
[2094] link "Learn more about video's audience settings"
[2097] radio "Yes, it's made for kids . Features like personalized ads and notifications won’t be available on videos made for kids. Videos that are set as made for kids by you are more likely to be recommended alongside other kids’ videos. Learn more"
[2101] link "Learn more"
[2102] radio "No, it's not made for kids"
[2019] button "Age restriction (advanced)"
[2175] button "Show advanced settings"
[2237] link "https://youtube.com/shorts/4sEBavmAiDs"
[2240] button "Copy video link"
[1599] button "Next"
[546] clickable "Inspiration
        


  
      Videos
    


  
        Shorts
      


  
        Live
      


  "
[2096] clickable "Yes, it's made for kids.
          Features like personalized ads and notifications won’t be availab"
[2026-06-01 09:06:18] [OUT] ---

[2026-06-01 09:06:19] [CMD] browseros-cli click -p 308 2102
[2026-06-01 09:06:19] [EXIT] 0
[2026-06-01 09:06:19] [OUT] ---
Clicked [2102] at (303, 464)
[2026-06-01 09:06:19] [OUT] ---
[2026-06-01 09:06:19] [INFO] Selected 'Not made for kids'
[2026-06-01 09:06:21] [INFO] ========================================
[2026-06-01 09:06:21] [INFO]   Phase 5: Navigate to Visibility Screen
[2026-06-01 09:06:21] [INFO] ========================================

[2026-06-01 09:06:22] [CMD] browseros-cli snap -p 308
[2026-06-01 09:06:22] [EXIT] 0
[2026-06-01 09:06:22] [OUT] ---
[905] button "Sort by Date"
[942] button "Sort by Views"
[1492] button "Send Feedback"
[1504] button "Close"
[2178] tab "Details" (selected)
[2189] tab "Video elements"
[2200] tab "Checks"
[2211] tab "Visibility"
[1975] button "Reuse details"
[2291] textbox "Add a title that describes your video (type @ to mention a channel)" value="🍅 The Ultimate Heirloom Tomato BLT 🍅" (required)
[2034] textbox "Tell viewers about your video (type @ to mention a channel)" value="Recipe: 
Ingredients: 🧂 4 slices thick-cut peppered bacon, 🥨 2 slices toasted sourdough, 🍅 1 large heirloom tomato, 🥬 crisp bibb lettuce, 🥛 and 2 tbsp high-quality mayonnaise. 
Steps: 👨‍🍳 Fry the bacon until perfectly crispy but not burnt. 🥣 Slice the tomato into 1/2 inch thick rounds and season with salt and pepper. 🔥 Spread a thick layer of mayo on both slices of toasted bread. ⏲️ Layer the lettuce, the juicy tomato slices, and then the bacon. 🍳 Close the sandwich and slice diagonally.
#blt #sandwich #lunch #bacon #classic #easyrecipes #foodie #tomato 🌮🍱
"
[2254] link "Learn more about playlists"
[2260] button "Select playlists"
[2264] button "Select"
[2087] link "What's content made for kids?"
[2094] link "Learn more about video's audience settings"
[2097] radio "Yes, it's made for kids . Features like personalized ads and notifications won’t be available on videos made for kids. Videos that are set as made for kids by you are more likely to be recommended alongside other kids’ videos. Learn more"
[2101] link "Learn more"
[2102] radio "No, it's not made for kids"
[2019] button "Age restriction (advanced)"
[2175] button "Show advanced settings"
[2237] link "https://youtube.com/shorts/4sEBavmAiDs"
[2240] button "Copy video link"
[1599] button "Next"
[546] clickable "Inspiration
        


  
      Videos
    


  
        Shorts
      


  
        Live
      


  "
[2096] clickable "Yes, it's made for kids.
          Features like personalized ads and notifications won’t be availab"
[2026-06-01 09:06:22] [OUT] ---
[2026-06-01 09:06:22] [INFO] Clicking Next (1/3)...

[2026-06-01 09:06:23] [CMD] browseros-cli click -p 308 1599
[2026-06-01 09:06:23] [EXIT] 0
[2026-06-01 09:06:23] [OUT] ---
Clicked [1599] at (1061, 697)
[2026-06-01 09:06:23] [OUT] ---

[2026-06-01 09:06:27] [CMD] browseros-cli snap -p 308
[2026-06-01 09:06:27] [EXIT] 0
[2026-06-01 09:06:27] [OUT] ---
[422] menuitem "Content detection"
[441] menuitem "Earn"
[460] menuitem "Customization"
[479] menuitem "Audio library"
[504] button "Settings"
[517] button "Send feedback"
[565] tab "Inspiration"
[568] tab "Videos" (selected)
[570] tab "Shorts"
[573] tab "Live"
[576] tab "Posts"
[579] tab "Playlists"
[582] tab "Podcasts"
[585] tab "Promotions"
[591] tab "Collaborations"
[11] textbox "Filter"
[792] checkbox
[905] button "Sort by Date"
[942] button "Sort by Views"
[1492] button "Send Feedback"
[1504] button "Close"
[2178] tab "Details"
[2189] tab "Video elements" (selected)
[2200] tab "Checks"
[2211] tab "Visibility"
[10656] link "Learn more"
[10894] button "Add"
[10700] button "Add" (disabled)
[1592] button "Back"
[1599] button "Next"
[546] clickable "Inspiration
        


  
      Videos
    


  
        Shorts
      


  
        Live
      


  "
[2026-06-01 09:06:27] [OUT] ---

[2026-06-01 09:06:28] [CMD] browseros-cli snap -p 308
[2026-06-01 09:06:28] [EXIT] 0
[2026-06-01 09:06:28] [OUT] ---
[422] menuitem "Content detection"
[441] menuitem "Earn"
[460] menuitem "Customization"
[479] menuitem "Audio library"
[504] button "Settings"
[517] button "Send feedback"
[565] tab "Inspiration"
[568] tab "Videos" (selected)
[570] tab "Shorts"
[573] tab "Live"
[576] tab "Posts"
[579] tab "Playlists"
[582] tab "Podcasts"
[585] tab "Promotions"
[591] tab "Collaborations"
[11] textbox "Filter"
[792] checkbox
[905] button "Sort by Date"
[942] button "Sort by Views"
[1492] button "Send Feedback"
[1504] button "Close"
[2178] tab "Details"
[2189] tab "Video elements" (selected)
[2200] tab "Checks"
[2211] tab "Visibility"
[10656] link "Learn more"
[10894] button "Add"
[10700] button "Add" (disabled)
[1592] button "Back"
[1599] button "Next"
[546] clickable "Inspiration
        


  
      Videos
    


  
        Shorts
      


  
        Live
      


  "
[2026-06-01 09:06:28] [OUT] ---
[2026-06-01 09:06:28] [INFO] Clicking Next (2/3)...

[2026-06-01 09:06:29] [CMD] browseros-cli click -p 308 1599
[2026-06-01 09:06:29] [EXIT] 0
[2026-06-01 09:06:29] [OUT] ---
Clicked [1599] at (1061, 697)
[2026-06-01 09:06:29] [OUT] ---

[2026-06-01 09:06:33] [CMD] browseros-cli snap -p 308
[2026-06-01 09:06:33] [EXIT] 0
[2026-06-01 09:06:33] [OUT] ---
[460] menuitem "Customization"
[479] menuitem "Audio library"
[504] button "Settings"
[517] button "Send feedback"
[565] tab "Inspiration"
[568] tab "Videos" (selected)
[570] tab "Shorts"
[573] tab "Live"
[576] tab "Posts"
[579] tab "Playlists"
[582] tab "Podcasts"
[585] tab "Promotions"
[591] tab "Collaborations"
[11] textbox "Filter"
[792] checkbox
[905] button "Sort by Date"
[942] button "Sort by Views"
[1492] button "Send Feedback"
[1504] button "Close"
[2178] tab "Details"
[2189] tab "Video elements"
[2200] tab "Checks" (selected)
[2211] tab "Visibility"
[11106] link "Learn more"
[11151] link "Learn more"
[11118] button "Send feedback"
[1592] button "Back"
[1599] button "Next"
[546] clickable "Inspiration
        


  
      Videos
    


  
        Shorts
      


  
        Live
      


  "
[11117] clickable "Send feedback"
[11119] clickable "Send feedback"
[2026-06-01 09:06:33] [OUT] ---

[2026-06-01 09:06:34] [CMD] browseros-cli snap -p 308
[2026-06-01 09:06:34] [EXIT] 0
[2026-06-01 09:06:34] [OUT] ---
[460] menuitem "Customization"
[479] menuitem "Audio library"
[504] button "Settings"
[517] button "Send feedback"
[565] tab "Inspiration"
[568] tab "Videos" (selected)
[570] tab "Shorts"
[573] tab "Live"
[576] tab "Posts"
[579] tab "Playlists"
[582] tab "Podcasts"
[585] tab "Promotions"
[591] tab "Collaborations"
[11] textbox "Filter"
[792] checkbox
[905] button "Sort by Date"
[942] button "Sort by Views"
[1492] button "Send Feedback"
[1504] button "Close"
[2178] tab "Details"
[2189] tab "Video elements"
[2200] tab "Checks" (selected)
[2211] tab "Visibility"
[11106] link "Learn more"
[11151] link "Learn more"
[11118] button "Send feedback"
[1592] button "Back"
[1599] button "Next"
[546] clickable "Inspiration
        


  
      Videos
    


  
        Shorts
      


  
        Live
      


  "
[11117] clickable "Send feedback"
[11119] clickable "Send feedback"
[2026-06-01 09:06:34] [OUT] ---
[2026-06-01 09:06:34] [INFO] Clicking Next (3/3)...

[2026-06-01 09:06:35] [CMD] browseros-cli click -p 308 1599
[2026-06-01 09:06:35] [EXIT] 0
[2026-06-01 09:06:35] [OUT] ---
Clicked [1599] at (1061, 697)
[2026-06-01 09:06:35] [OUT] ---

[2026-06-01 09:06:39] [CMD] browseros-cli snap -p 308
[2026-06-01 09:06:39] [EXIT] 0
[2026-06-01 09:06:39] [OUT] ---
[11302] radio "Private"
[11312] radio "Unlisted"
[11321] radio "Public"
[11248] button "Click to expand"
[11183] link "Learn more"
[11188] link "Learn more"
[11596] button "Play"
[11599] button "Mute"
[11439] slider "volume"
[11603] button "Settings"
[11628] button "Full screen"
[11216] link "https://youtube.com/shorts/4sEBavmAiDs"
[11219] button "Copy video link"
[1592] button "Back"
[1606] button "Save"
[546] clickable "Inspiration
        


  
      Videos
    


  
        Shorts
      


  
        Live
      


  "
[11259] clickable "Private
          

          
          
            
              Only you and people you choose "
[11242] clickable "Schedule
      
        
          Select a date to make your video public.
        
      
      
 "
[2026-06-01 09:06:39] [OUT] ---
[2026-06-01 09:06:39] [INFO] Reached Visibility screen
[2026-06-01 09:06:39] [INFO] ========================================
[2026-06-01 09:06:39] [INFO]   Phase 6: Open Scheduling Options
[2026-06-01 09:06:39] [INFO] ========================================
[2026-06-01 09:06:39] [INFO] Clicking 'Schedule' option...

[2026-06-01 09:06:41] [CMD] browseros-cli snap -p 308
[2026-06-01 09:06:41] [EXIT] 0
[2026-06-01 09:06:41] [OUT] ---
[11302] radio "Private"
[11312] radio "Unlisted"
[11321] radio "Public"
[11248] button "Click to expand"
[11183] link "Learn more"
[11188] link "Learn more"
[11596] button "Play"
[11599] button "Mute"
[11439] slider "volume"
[11603] button "Settings"
[11628] button "Full screen"
[11216] link "https://youtube.com/shorts/4sEBavmAiDs"
[11219] button "Copy video link"
[1592] button "Back"
[1606] button "Save"
[546] clickable "Inspiration
        


  
      Videos
    


  
        Shorts
      


  
        Live
      


  "
[11259] clickable "Private
          

          
          
            
              Only you and people you choose "
[11242] clickable "Schedule
      
        
          Select a date to make your video public.
        
      
      
 "
[2026-06-01 09:06:41] [OUT] ---

[2026-06-01 09:06:42] [CMD] browseros-cli click -p 308 11242
[2026-06-01 09:06:42] [EXIT] 0
[2026-06-01 09:06:42] [OUT] ---
Clicked [11242] at (472, 574)
[2026-06-01 09:06:42] [OUT] ---
[2026-06-01 09:06:44] [INFO] ========================================
[2026-06-01 09:06:44] [INFO]   Phase 7: Fill Date and Time
[2026-06-01 09:06:44] [INFO] ========================================
[2026-06-01 09:06:44] [INFO] Setting date: Jun 15, 2026, time: 1:00 PM
[2026-06-01 09:06:44] [INFO] Opening date picker...

[2026-06-01 09:06:45] [CMD] browseros-cli snap -p 308
[2026-06-01 09:06:45] [EXIT] 0
[2026-06-01 09:06:45] [OUT] ---
[942] button "Sort by Views"
[1492] button "Send Feedback"
[1504] button "Close"
[2178] tab "Details"
[2189] tab "Video elements"
[2200] tab "Checks"
[2211] tab "Visibility" (selected)
[11234] button "Click to expand"
[11809] button "Jun 2, 2026"
[11813] button "Jun 2, 2026"
[11839] textbox value="12:00 AM"
[11922] button "Time zone"
[11183] link "Learn more"
[11188] link "Learn more"
[11596] button "Play"
[11599] button "Mute"
[11439] slider "volume"
[11603] button "Settings"
[11628] button "Full screen"
[11216] link "https://youtube.com/shorts/4sEBavmAiDs"
[11219] button "Copy video link"
[1592] button "Back"
[1606] button "Schedule"
[546] clickable "Inspiration
        


  
      Videos
    


  
        Shorts
      


  
        Live
      


  "
[11195] clickable "Save or publish
        
        
          Make your video public, unlisted, or private
        
  "
[11923] clickable "Default set to local time zone (GMT+0530)"
[2026-06-01 09:06:45] [OUT] ---

[2026-06-01 09:06:46] [CMD] browseros-cli click -p 308 11809
[2026-06-01 09:06:46] [EXIT] 0
[2026-06-01 09:06:46] [OUT] ---
Clicked [11809] at (310, 490)
[2026-06-01 09:06:46] [OUT] ---

[2026-06-01 09:06:49] [CMD] browseros-cli snap -p 308
[2026-06-01 09:06:49] [EXIT] 0
[2026-06-01 09:06:49] [OUT] ---
[12176] clickable "13"
[12177] clickable "14"
[12178] clickable "15"
[12179] clickable "16"
[12180] clickable "17"
[12181] clickable "18"
[12182] clickable "19"
[12183] clickable "20"
[12184] clickable "21"
[12185] clickable "22"
[12186] clickable "23"
[12187] clickable "24"
[12188] clickable "25"
[12189] clickable "26"
[12190] clickable "27"
[12191] clickable "28"
[12192] clickable "29"
[12193] clickable "30"
[12194] clickable "31"
[12202] clickable "1"
[12203] clickable "2"
[12204] clickable "3"
[12205] clickable "4"
[12206] clickable "5"
[12207] clickable "6"
[12208] clickable "7"
[12209] clickable "8"
[12210] clickable "9"
[12211] clickable "10"
[12212] clickable "11"
[12213] clickable "12"
[12214] clickable "13"
[12215] clickable "14"
[12216] clickable "15"
[12217] clickable "16"
[12218] clickable "17"
[12219] clickable "18"
[12220] clickable "19"
[12221] clickable "20"
[12222] clickable "21"
[12223] clickable "22"
[12224] clickable "23"
[12225] clickable "24"
[12226] clickable "25"
[12227] clickable "26"
[12228] clickable "27"
[12229] clickable "28"
[12230] clickable "29"
[12231] clickable "30"
[12232] clickable "31"
[2026-06-01 09:06:49] [OUT] ---

[2026-06-01 09:06:50] [CMD] browseros-cli fill -p 308 12016 Jun 15, 2026
[2026-06-01 09:06:50] [EXIT] 0
[2026-06-01 09:06:50] [OUT] ---
Typed 12 characters into [12016] at (327, 124)
[2026-06-01 09:06:50] [OUT] ---

[2026-06-01 09:06:52] [CMD] browseros-cli key -p 308 Enter
[2026-06-01 09:06:52] [EXIT] 0
[2026-06-01 09:06:52] [OUT] ---
Pressed Enter
[2026-06-01 09:06:52] [OUT] ---
[2026-06-01 09:06:54] [INFO] Setting time...

[2026-06-01 09:06:55] [CMD] browseros-cli snap -p 308
[2026-06-01 09:06:55] [EXIT] 0
[2026-06-01 09:06:55] [OUT] ---
[942] button "Sort by Views"
[1492] button "Send Feedback"
[1504] button "Close"
[2178] tab "Details"
[2189] tab "Video elements"
[2200] tab "Checks"
[2211] tab "Visibility" (selected)
[11234] button "Click to expand"
[11809] button "Jun 15, 2026"
[11813] button "Jun 15, 2026"
[11839] textbox value="12:00 AM"
[11922] button "Time zone"
[11183] link "Learn more"
[11188] link "Learn more"
[11596] button "Play"
[11599] button "Mute"
[11439] slider "volume"
[11603] button "Settings"
[11628] button "Full screen"
[11216] link "https://youtube.com/shorts/4sEBavmAiDs"
[11219] button "Copy video link"
[1592] button "Back"
[1606] button "Schedule"
[546] clickable "Inspiration
        


  
      Videos
    


  
        Shorts
      


  
        Live
      


  "
[11195] clickable "Save or publish
        
        
          Make your video public, unlisted, or private
        
  "
[11923] clickable "Default set to local time zone (GMT+0530)"
[2026-06-01 09:06:55] [OUT] ---
[2026-06-01 09:06:55] [INFO] Clicking time input box to open dropdown...

[2026-06-01 09:06:56] [CMD] browseros-cli click -p 308 11839
[2026-06-01 09:06:56] [EXIT] 0
[2026-06-01 09:06:56] [OUT] ---
Clicked [11839] at (466, 490)
[2026-06-01 09:06:56] [OUT] ---

[2026-06-01 09:06:59] [CMD] browseros-cli snap -p 308
[2026-06-01 09:06:59] [EXIT] 0
[2026-06-01 09:06:59] [OUT] ---
[12831] option "6:15 PM"
[12832] option "6:30 PM"
[12833] option "6:45 PM"
[12834] option "7:00 PM"
[12835] option "7:15 PM"
[12836] option "7:30 PM"
[12837] option "7:45 PM"
[12838] option "8:00 PM"
[12839] option "8:15 PM"
[12840] option "8:30 PM"
[12841] option "8:45 PM"
[12842] option "9:00 PM"
[12843] option "9:15 PM"
[12844] option "9:30 PM"
[12845] option "9:45 PM"
[12846] option "10:00 PM"
[12847] option "10:15 PM"
[12848] option "10:30 PM"
[12849] option "10:45 PM"
[12850] option "11:00 PM"
[12851] option "11:15 PM"
[12852] option "11:30 PM"
[12853] option "11:45 PM"
[546] clickable "Inspiration
        


  
      Videos
    


  
        Shorts
      


  
        Live
      


  "
[11195] clickable "Save or publish
        
        
          Make your video public, unlisted, or private
        
  "
[11923] clickable "Default set to local time zone (GMT+0530)"
[2026-06-01 09:06:59] [OUT] ---
[2026-06-01 09:06:59] [INFO] Clicking time option ref: 12810 for 1:00 PM

[2026-06-01 09:07:01] [CMD] browseros-cli click -p 308 12810
[2026-06-01 09:07:01] [EXIT] 0
[2026-06-01 09:07:01] [OUT] ---
Clicked [12810] at (466, 316)
[2026-06-01 09:07:01] [OUT] ---
[2026-06-01 09:07:03] [INFO] Date and time filled successfully
[2026-06-01 09:07:03] [INFO] ========================================
[2026-06-01 09:07:03] [INFO]   Phase 8: User Verification
[2026-06-01 09:07:03] [INFO] ========================================
[2026-06-01 09:07:03] [INFO] 
[2026-06-01 09:07:03] [INFO] ============================================
[2026-06-01 09:07:03] [INFO]   SCHEDULED REEL REVIEW
[2026-06-01 09:07:03] [INFO] ============================================
[2026-06-01 09:07:03] [INFO]   Asset ID: 30
[2026-06-01 09:07:03] [INFO]   Project:  project-1
[2026-06-01 09:07:03] [INFO]   Date:     2026-06-15 (Monday)
[2026-06-01 09:07:03] [INFO]   Time:     13:00:00
[2026-06-01 09:07:03] [INFO] ============================================
[2026-06-01 09:07:03] [INFO] 
[2026-06-01 09:07:03] [INFO] [YOLO] Finding 'Schedule' button...

[2026-06-01 09:07:04] [CMD] browseros-cli snap -p 308
[2026-06-01 09:07:04] [EXIT] 0
[2026-06-01 09:07:04] [OUT] ---
[942] button "Sort by Views"
[1492] button "Send Feedback"
[1504] button "Close"
[2178] tab "Details"
[2189] tab "Video elements"
[2200] tab "Checks"
[2211] tab "Visibility" (selected)
[11234] button "Click to expand"
[11809] button "Jun 15, 2026"
[11813] button "Jun 15, 2026"
[11839] textbox value="1:00 PM"
[11922] button "Time zone"
[11183] link "Learn more"
[11188] link "Learn more"
[11596] button "Play"
[11599] button "Mute"
[11439] slider "volume"
[11603] button "Settings"
[11628] button "Full screen"
[11216] link "https://youtube.com/shorts/4sEBavmAiDs"
[11219] button "Copy video link"
[1592] button "Back"
[1606] button "Schedule"
[546] clickable "Inspiration
        


  
      Videos
    


  
        Shorts
      


  
        Live
      


  "
[11195] clickable "Save or publish
        
        
          Make your video public, unlisted, or private
        
  "
[11923] clickable "Default set to local time zone (GMT+0530)"
[2026-06-01 09:07:04] [OUT] ---
[2026-06-01 09:07:04] [INFO] Clicking 'Schedule' button (ref: 1606)...

[2026-06-01 09:07:05] [CMD] browseros-cli click -p 308 1606
[2026-06-01 09:07:05] [EXIT] 0
[2026-06-01 09:07:05] [OUT] ---
Clicked [1606] at (1047, 697)
[2026-06-01 09:07:05] [OUT] ---
[2026-06-01 09:07:15] [INFO] Marking asset 30 as uploaded for youtube...
[2026-06-01 09:07:15] [DEBUG] mark_uploaded output: {"success": true, "id": "30", "platform": "youtube"}
[2026-06-01 09:07:15] [INFO] Marking asset 30 as scheduled for youtube...
[2026-06-01 09:07:15] [DEBUG] mark_scheduled output: {"success": true, "id": "30", "platform": "youtube"}
[2026-06-01 09:07:15] [INFO] Tracker updated for asset 30
[2026-06-01 09:07:15] [INFO] ========================================
[2026-06-01 09:07:15] [INFO]   Phase 9: Close Browser Tab
[2026-06-01 09:07:15] [INFO] ========================================

[2026-06-01 09:07:16] [CMD] browseros-cli close -p 308
[2026-06-01 09:07:16] [EXIT] 0
[2026-06-01 09:07:16] [OUT] ---
Closed page 308
[2026-06-01 09:07:16] [OUT] ---
[2026-06-01 09:07:16] [INFO] Browser tab closed
[2026-06-01 09:07:16] [INFO] ========================================
[2026-06-01 09:07:16] [INFO]   Processing Schedule Entry 9 / 23
[2026-06-01 09:07:16] [INFO] ========================================
[2026-06-01 09:07:16] [INFO] Date: 2026-06-16, Day: Tuesday, Time: 09:45:00
[2026-06-01 09:07:16] [INFO] ========================================
[2026-06-01 09:07:16] [INFO]   Phase 1: Identify Project and Asset
[2026-06-01 09:07:16] [INFO] ========================================
[2026-06-01 09:07:16] [INFO] Fetching mapped post for project 1...
[2026-06-01 09:07:16] [DEBUG] get_mapped_post exit=0 output='ID: 31
Caption: 🧈 World's Fluffiest Buttermilk Pancakes 🥛
Recipe: 
Ingredients: 🌾 2 cups flour, 🍬 2 tbsp sugar, 1 tbsp baking powder, 1/2 tsp baking soda, 🧈 2 cups buttermilk, 🥚 2 large eggs, 🧈 1/4 cup melted butter, 🍦 1 tsp vanilla, 🫐 fresh blueberries, 🍯 and pure maple syrup. 
Steps: 👨‍🍳 Whisk dry ingredients in one bowl and wet ingredients in another. 🥣 Gently fold the wet into the dry (don't overmix; lumps are okay). 🔥 Let the batter rest for 10 minutes. ⏲️ Cook on a buttered griddle over medium heat until bubbles form on top. 🍳 Flip and cook until golden. 🔪 Serve stacked high with syrup and butter.
#pancakes #breakfast #brunch #fluffypancakes #morningvibes #syrup #breakfastideas #pancakestack 🌮🍱'
[2026-06-01 09:07:16] [INFO] Asset ID: 31
[2026-06-01 09:07:16] [INFO] Title length: 41 chars
[2026-06-01 09:07:16] [INFO] Description length: 651 chars
[2026-06-01 09:07:16] [INFO] Asset path: /Users/dsen/Projects/ai-post-maker/project-1/assets/31.mp4
[2026-06-01 09:07:16] [INFO] ========================================
[2026-06-01 09:07:16] [INFO]   Phase 2: Open YouTube Upload Page
[2026-06-01 09:07:16] [INFO] ========================================
[2026-06-01 09:07:16] [INFO] Opening new page: https://www.youtube.com/upload

[2026-06-01 09:07:17] [CMD] browseros-cli open https://www.youtube.com/upload --json
[2026-06-01 09:07:17] [EXIT] 0
[2026-06-01 09:07:17] [OUT] ---
{"background":false,"hidden":false,"pageId":310,"url":"https://www.youtube.com/upload"}
[2026-06-01 09:07:17] [OUT] ---
[2026-06-01 09:07:17] [INFO] Page opened with ID: 310
[2026-06-01 09:07:22] [INFO] Page loaded successfully
[2026-06-01 09:07:22] [INFO] ========================================
[2026-06-01 09:07:22] [INFO]   Phase 3: Upload the Video File
[2026-06-01 09:07:22] [INFO] ========================================
[2026-06-01 09:07:22] [INFO] Exposing hidden file input...

[2026-06-01 09:07:23] [CMD] browseros-cli eval -p 310 document.querySelectorAll('input[type="file"]').forEach((i, idx) => { i.removeAttribute('aria-hidden'); i.style.display='block'; i.style.visibility='visible'; i.style.opacity='1'; i.style.position='static'; i.style.width='100px'; i.style.height='50px'; i.style.zIndex='999999'; i.title='Upload Video File'; });
[2026-06-01 09:07:23] [EXIT] 0
[2026-06-01 09:07:23] [OUT] ---
undefined
[2026-06-01 09:07:23] [OUT] ---
[2026-06-01 09:07:25] [INFO] Taking snapshot to find file input...

[2026-06-01 09:07:26] [CMD] browseros-cli snap -p 310
[2026-06-01 09:07:26] [EXIT] 0
[2026-06-01 09:07:26] [OUT] ---
[345] menuitem "Content"
[365] menuitem "Analytics"
[384] menuitem "Community"
[403] menuitem "Subtitles"
[422] menuitem "Content detection"
[441] menuitem "Earn"
[460] menuitem "Customization"
[479] menuitem "Audio library"
[504] button "Settings"
[517] button "Send feedback"
[565] tab "Inspiration"
[568] tab "Videos" (selected)
[570] tab "Shorts"
[573] tab "Live"
[576] tab "Posts"
[579] tab "Playlists"
[582] tab "Podcasts"
[585] tab "Promotions"
[591] tab "Collaborations"
[11] textbox "Filter"
[792] checkbox
[905] button "Sort by Date"
[942] button "Sort by Views"
[1492] button "Send Feedback"
[1504] button "Close"
[1537] button "Select files"
[1542] button "Choose Files"
[1546] link "Terms of Service"
[1547] link "Community Guidelines"
[1551] link "Learn more"
[546] clickable "Inspiration
        


  
      Videos
    


  
        Shorts
      


  
        Live
      


  "
[2026-06-01 09:07:26] [OUT] ---

[2026-06-01 09:07:27] [CMD] browseros-cli snap -p 310
[2026-06-01 09:07:27] [EXIT] 0
[2026-06-01 09:07:27] [OUT] ---
[345] menuitem "Content"
[365] menuitem "Analytics"
[384] menuitem "Community"
[403] menuitem "Subtitles"
[422] menuitem "Content detection"
[441] menuitem "Earn"
[460] menuitem "Customization"
[479] menuitem "Audio library"
[504] button "Settings"
[517] button "Send feedback"
[565] tab "Inspiration"
[568] tab "Videos" (selected)
[570] tab "Shorts"
[573] tab "Live"
[576] tab "Posts"
[579] tab "Playlists"
[582] tab "Podcasts"
[585] tab "Promotions"
[591] tab "Collaborations"
[11] textbox "Filter"
[792] checkbox
[905] button "Sort by Date"
[942] button "Sort by Views"
[1492] button "Send Feedback"
[1504] button "Close"
[1537] button "Select files"
[1542] button "Choose Files"
[1546] link "Terms of Service"
[1547] link "Community Guidelines"
[1551] link "Learn more"
[546] clickable "Inspiration
        


  
      Videos
    


  
        Shorts
      


  
        Live
      


  "
[2026-06-01 09:07:27] [OUT] ---

[2026-06-01 09:07:28] [CMD] browseros-cli snap -p 310
[2026-06-01 09:07:28] [EXIT] 0
[2026-06-01 09:07:28] [OUT] ---
[345] menuitem "Content"
[365] menuitem "Analytics"
[384] menuitem "Community"
[403] menuitem "Subtitles"
[422] menuitem "Content detection"
[441] menuitem "Earn"
[460] menuitem "Customization"
[479] menuitem "Audio library"
[504] button "Settings"
[517] button "Send feedback"
[565] tab "Inspiration"
[568] tab "Videos" (selected)
[570] tab "Shorts"
[573] tab "Live"
[576] tab "Posts"
[579] tab "Playlists"
[582] tab "Podcasts"
[585] tab "Promotions"
[591] tab "Collaborations"
[11] textbox "Filter"
[792] checkbox
[905] button "Sort by Date"
[942] button "Sort by Views"
[1492] button "Send Feedback"
[1504] button "Close"
[1537] button "Select files"
[1542] button "Choose Files"
[1546] link "Terms of Service"
[1547] link "Community Guidelines"
[1551] link "Learn more"
[546] clickable "Inspiration
        


  
      Videos
    


  
        Shorts
      


  
        Live
      


  "
[2026-06-01 09:07:28] [OUT] ---
[2026-06-01 09:07:28] [INFO] Attempting upload to ref: 1542...

[2026-06-01 09:07:28] [CMD] browseros-cli upload -p 310 1542 /Users/dsen/Projects/ai-post-maker/project-1/assets/31.mp4
[2026-06-01 09:07:28] [EXIT] 0
[2026-06-01 09:07:28] [OUT] ---
Set 1 file(s) on [1542]
[2026-06-01 09:07:28] [OUT] ---
[2026-06-01 09:07:34] [INFO] Waiting for 'Details' screen to appear...

[2026-06-01 09:07:35] [CMD] browseros-cli snap -p 310
[2026-06-01 09:07:35] [EXIT] 0
[2026-06-01 09:07:35] [OUT] ---
[1504] button "Close"
[2176] tab "Details" (selected)
[2187] tab "Video elements"
[2198] tab "Checks"
[2209] tab "Visibility"
[1973] button "Reuse details"
[2289] textbox "Add a title that describes your video (type @ to mention a channel)" value="31" (required)
[2516] button "Add all"
[2402] button "Options"
[2808] button "Personalized suggestion illustration #appetizer"
[2818] button "#strawberry"
[2828] button "Personalized suggestion illustration #baking"
[2032] textbox "Tell viewers about your video (type @ to mention a channel)"
[2252] link "Learn more about playlists"
[2258] button "Select playlists"
[2262] button "Select"
[2085] link "What's content made for kids?"
[2092] link "Learn more about video's audience settings"
[2095] radio "Yes, it's made for kids . Features like personalized ads and notifications won’t be available on videos made for kids. Videos that are set as made for kids by you are more likely to be recommended alongside other kids’ videos. Learn more"
[2099] link "Learn more"
[2100] radio "No, it's not made for kids"
[2017] button "Age restriction (advanced)"
[2173] button "Show advanced settings"
[2235] link "https://youtube.com/shorts/-CErvz4xE2o"
[2238] button "Copy video link"
[1599] button "Next"
[546] clickable "Inspiration
        


  
      Videos
    


  
        Shorts
      


  
        Live
      


  "
[2405] clickable "The following suggestions were automatically generated based on your existing content. You can add
  and edit them to help viewers discover, understand, and engage with your content."
[2094] clickable "Yes, it's made for kids.
          Features like personalized ads and notifications won’t be availab"
[2026-06-01 09:07:35] [OUT] ---
[2026-06-01 09:07:35] [INFO] Video uploaded and Details screen reached
[2026-06-01 09:07:35] [INFO] ========================================
[2026-06-01 09:07:35] [INFO]   Phase 4: Fill Details
[2026-06-01 09:07:35] [INFO] ========================================
[2026-06-01 09:07:35] [INFO] Finding Title field...

[2026-06-01 09:07:35] [CMD] browseros-cli snap -p 310
[2026-06-01 09:07:35] [EXIT] 0
[2026-06-01 09:07:35] [OUT] ---
[1504] button "Close"
[2176] tab "Details" (selected)
[2187] tab "Video elements"
[2198] tab "Checks"
[2209] tab "Visibility"
[1973] button "Reuse details"
[2289] textbox "Add a title that describes your video (type @ to mention a channel)" value="31" (required)
[2516] button "Add all"
[2402] button "Options"
[2808] button "Personalized suggestion illustration #appetizer"
[2818] button "#strawberry"
[2828] button "Personalized suggestion illustration #baking"
[2032] textbox "Tell viewers about your video (type @ to mention a channel)"
[2252] link "Learn more about playlists"
[2258] button "Select playlists"
[2262] button "Select"
[2085] link "What's content made for kids?"
[2092] link "Learn more about video's audience settings"
[2095] radio "Yes, it's made for kids . Features like personalized ads and notifications won’t be available on videos made for kids. Videos that are set as made for kids by you are more likely to be recommended alongside other kids’ videos. Learn more"
[2099] link "Learn more"
[2100] radio "No, it's not made for kids"
[2017] button "Age restriction (advanced)"
[2173] button "Show advanced settings"
[2235] link "https://youtube.com/shorts/-CErvz4xE2o"
[2238] button "Copy video link"
[1599] button "Next"
[546] clickable "Inspiration
        


  
      Videos
    


  
        Shorts
      


  
        Live
      


  "
[2405] clickable "The following suggestions were automatically generated based on your existing content. You can add
  and edit them to help viewers discover, understand, and engage with your content."
[2094] clickable "Yes, it's made for kids.
          Features like personalized ads and notifications won’t be availab"
[2026-06-01 09:07:35] [OUT] ---
[2026-06-01 09:07:35] [INFO] Filling Title...

[2026-06-01 09:07:37] [CMD] browseros-cli fill -p 310 2289 🧈 World's Fluffiest Buttermilk Pancakes 🥛
[2026-06-01 09:07:37] [EXIT] 0
[2026-06-01 09:07:37] [OUT] ---
Typed 43 characters into [2289] at (472, 229)
[2026-06-01 09:07:37] [OUT] ---
[2026-06-01 09:07:39] [INFO] Finding Description field...

[2026-06-01 09:07:40] [CMD] browseros-cli snap -p 310
[2026-06-01 09:07:40] [EXIT] 0
[2026-06-01 09:07:40] [OUT] ---
[1504] button "Close"
[2176] tab "Details" (selected)
[2187] tab "Video elements"
[2198] tab "Checks"
[2209] tab "Visibility"
[1973] button "Reuse details"
[2289] textbox "Add a title that describes your video (type @ to mention a channel)" value="🧈 World's Fluffiest Buttermilk Pancakes 🥛" (required)
[2516] button "Add all"
[2402] button "Options"
[2808] button "Personalized suggestion illustration #appetizer"
[2818] button "#strawberry"
[2828] button "Personalized suggestion illustration #baking"
[2032] textbox "Tell viewers about your video (type @ to mention a channel)"
[2252] link "Learn more about playlists"
[2258] button "Select playlists"
[2262] button "Select"
[2085] link "What's content made for kids?"
[2092] link "Learn more about video's audience settings"
[2095] radio "Yes, it's made for kids . Features like personalized ads and notifications won’t be available on videos made for kids. Videos that are set as made for kids by you are more likely to be recommended alongside other kids’ videos. Learn more"
[2099] link "Learn more"
[2100] radio "No, it's not made for kids"
[2017] button "Age restriction (advanced)"
[2173] button "Show advanced settings"
[2235] link "https://youtube.com/shorts/-CErvz4xE2o"
[2238] button "Copy video link"
[1599] button "Next"
[546] clickable "Inspiration
        


  
      Videos
    


  
        Shorts
      


  
        Live
      


  "
[2405] clickable "The following suggestions were automatically generated based on your existing content. You can add
  and edit them to help viewers discover, understand, and engage with your content."
[2094] clickable "Yes, it's made for kids.
          Features like personalized ads and notifications won’t be availab"
[2026-06-01 09:07:40] [OUT] ---
[2026-06-01 09:07:40] [INFO] Filling Description...

[2026-06-01 09:07:43] [CMD] browseros-cli fill -p 310 2032 Recipe: 
Ingredients: 🌾 2 cups flour, 🍬 2 tbsp sugar, 1 tbsp baking powder, 1/2 tsp baking soda, 🧈 2 cups buttermilk, 🥚 2 large eggs, 🧈 1/4 cup melted butter, 🍦 1 tsp vanilla, 🫐 fresh blueberries, 🍯 and pure maple syrup. 
Steps: 👨‍🍳 Whisk dry ingredients in one bowl and wet ingredients in another. 🥣 Gently fold the wet into the dry (don't overmix; lumps are okay). 🔥 Let the batter rest for 10 minutes. ⏲️ Cook on a buttered griddle over medium heat until bubbles form on top. 🍳 Flip and cook until golden. 🔪 Serve stacked high with syrup and butter.
#pancakes #breakfast #brunch #fluffypancakes #morningvibes #syrup #breakfastideas #pancakestack 🌮🍱
[2026-06-01 09:07:43] [EXIT] 0
[2026-06-01 09:07:43] [OUT] ---
Typed 667 characters into [2032] at (472, 490)
[2026-06-01 09:07:43] [OUT] ---
[2026-06-01 09:07:45] [INFO] Selecting 'Not made for kids'...

[2026-06-01 09:07:46] [CMD] browseros-cli snap -p 310
[2026-06-01 09:07:46] [EXIT] 0
[2026-06-01 09:07:46] [OUT] ---
[905] button "Sort by Date"
[942] button "Sort by Views"
[1492] button "Send Feedback"
[1504] button "Close"
[2176] tab "Details" (selected)
[2187] tab "Video elements"
[2198] tab "Checks"
[2209] tab "Visibility"
[1973] button "Reuse details"
[2289] textbox "Add a title that describes your video (type @ to mention a channel)" value="🧈 World's Fluffiest Buttermilk Pancakes 🥛" (required)
[2032] textbox "Tell viewers about your video (type @ to mention a channel)" value="Recipe: 
Ingredients: 🌾 2 cups flour, 🍬 2 tbsp sugar, 1 tbsp baking powder, 1/2 tsp baking soda, 🧈 2 cups buttermilk, 🥚 2 large eggs, 🧈 1/4 cup melted butter, 🍦 1 tsp vanilla, 🫐 fresh blueberries, 🍯 and pure maple syrup. 
Steps: 👨‍🍳 Whisk dry ingredients in one bowl and wet ingredients in another. 🥣 Gently fold the wet into the dry (don't overmix; lumps are okay). 🔥 Let the batter rest for 10 minutes. ⏲️ Cook on a buttered griddle over medium heat until bubbles form on top. 🍳 Flip and cook until golden. 🔪 Serve stacked high with syrup and butter.
#pancakes #breakfast #brunch #fluffypancakes #morningvibes #syrup #breakfastideas #pancakestack 🌮🍱
"
[2252] link "Learn more about playlists"
[2258] button "Select playlists"
[2262] button "Select"
[2085] link "What's content made for kids?"
[2092] link "Learn more about video's audience settings"
[2095] radio "Yes, it's made for kids . Features like personalized ads and notifications won’t be available on videos made for kids. Videos that are set as made for kids by you are more likely to be recommended alongside other kids’ videos. Learn more"
[2099] link "Learn more"
[2100] radio "No, it's not made for kids"
[2017] button "Age restriction (advanced)"
[2173] button "Show advanced settings"
[2235] link "https://youtube.com/shorts/-CErvz4xE2o"
[2238] button "Copy video link"
[1599] button "Next"
[546] clickable "Inspiration
        


  
      Videos
    


  
        Shorts
      


  
        Live
      


  "
[2094] clickable "Yes, it's made for kids.
          Features like personalized ads and notifications won’t be availab"
[2026-06-01 09:07:46] [OUT] ---

[2026-06-01 09:07:47] [CMD] browseros-cli click -p 310 2100
[2026-06-01 09:07:47] [EXIT] 0
[2026-06-01 09:07:47] [OUT] ---
Clicked [2100] at (303, 464)
[2026-06-01 09:07:47] [OUT] ---
[2026-06-01 09:07:47] [INFO] Selected 'Not made for kids'
[2026-06-01 09:07:49] [INFO] ========================================
[2026-06-01 09:07:49] [INFO]   Phase 5: Navigate to Visibility Screen
[2026-06-01 09:07:49] [INFO] ========================================

[2026-06-01 09:07:50] [CMD] browseros-cli snap -p 310
[2026-06-01 09:07:50] [EXIT] 0
[2026-06-01 09:07:50] [OUT] ---
[905] button "Sort by Date"
[942] button "Sort by Views"
[1492] button "Send Feedback"
[1504] button "Close"
[2176] tab "Details" (selected)
[2187] tab "Video elements"
[2198] tab "Checks"
[2209] tab "Visibility"
[1973] button "Reuse details"
[2289] textbox "Add a title that describes your video (type @ to mention a channel)" value="🧈 World's Fluffiest Buttermilk Pancakes 🥛" (required)
[2032] textbox "Tell viewers about your video (type @ to mention a channel)" value="Recipe: 
Ingredients: 🌾 2 cups flour, 🍬 2 tbsp sugar, 1 tbsp baking powder, 1/2 tsp baking soda, 🧈 2 cups buttermilk, 🥚 2 large eggs, 🧈 1/4 cup melted butter, 🍦 1 tsp vanilla, 🫐 fresh blueberries, 🍯 and pure maple syrup. 
Steps: 👨‍🍳 Whisk dry ingredients in one bowl and wet ingredients in another. 🥣 Gently fold the wet into the dry (don't overmix; lumps are okay). 🔥 Let the batter rest for 10 minutes. ⏲️ Cook on a buttered griddle over medium heat until bubbles form on top. 🍳 Flip and cook until golden. 🔪 Serve stacked high with syrup and butter.
#pancakes #breakfast #brunch #fluffypancakes #morningvibes #syrup #breakfastideas #pancakestack 🌮🍱
"
[2252] link "Learn more about playlists"
[2258] button "Select playlists"
[2262] button "Select"
[2085] link "What's content made for kids?"
[2092] link "Learn more about video's audience settings"
[2095] radio "Yes, it's made for kids . Features like personalized ads and notifications won’t be available on videos made for kids. Videos that are set as made for kids by you are more likely to be recommended alongside other kids’ videos. Learn more"
[2099] link "Learn more"
[2100] radio "No, it's not made for kids"
[2017] button "Age restriction (advanced)"
[2173] button "Show advanced settings"
[2235] link "https://youtube.com/shorts/-CErvz4xE2o"
[2238] button "Copy video link"
[1599] button "Next"
[546] clickable "Inspiration
        


  
      Videos
    


  
        Shorts
      


  
        Live
      


  "
[2094] clickable "Yes, it's made for kids.
          Features like personalized ads and notifications won’t be availab"
[2026-06-01 09:07:50] [OUT] ---
[2026-06-01 09:07:51] [INFO] Clicking Next (1/3)...

[2026-06-01 09:07:51] [CMD] browseros-cli click -p 310 1599
[2026-06-01 09:07:51] [EXIT] 0
[2026-06-01 09:07:51] [OUT] ---
Clicked [1599] at (1061, 697)
[2026-06-01 09:07:51] [OUT] ---

[2026-06-01 09:07:56] [CMD] browseros-cli snap -p 310
[2026-06-01 09:07:56] [EXIT] 0
[2026-06-01 09:07:56] [OUT] ---
[422] menuitem "Content detection"
[441] menuitem "Earn"
[460] menuitem "Customization"
[479] menuitem "Audio library"
[504] button "Settings"
[517] button "Send feedback"
[565] tab "Inspiration"
[568] tab "Videos" (selected)
[570] tab "Shorts"
[573] tab "Live"
[576] tab "Posts"
[579] tab "Playlists"
[582] tab "Podcasts"
[585] tab "Promotions"
[591] tab "Collaborations"
[11] textbox "Filter"
[792] checkbox
[905] button "Sort by Date"
[942] button "Sort by Views"
[1492] button "Send Feedback"
[1504] button "Close"
[2176] tab "Details"
[2187] tab "Video elements" (selected)
[2198] tab "Checks"
[2209] tab "Visibility"
[11446] link "Learn more"
[11684] button "Add"
[11490] button "Add" (disabled)
[1592] button "Back"
[1599] button "Next"
[546] clickable "Inspiration
        


  
      Videos
    


  
        Shorts
      


  
        Live
      


  "
[2026-06-01 09:07:56] [OUT] ---

[2026-06-01 09:07:56] [CMD] browseros-cli snap -p 310
[2026-06-01 09:07:56] [EXIT] 0
[2026-06-01 09:07:56] [OUT] ---
[422] menuitem "Content detection"
[441] menuitem "Earn"
[460] menuitem "Customization"
[479] menuitem "Audio library"
[504] button "Settings"
[517] button "Send feedback"
[565] tab "Inspiration"
[568] tab "Videos" (selected)
[570] tab "Shorts"
[573] tab "Live"
[576] tab "Posts"
[579] tab "Playlists"
[582] tab "Podcasts"
[585] tab "Promotions"
[591] tab "Collaborations"
[11] textbox "Filter"
[792] checkbox
[905] button "Sort by Date"
[942] button "Sort by Views"
[1492] button "Send Feedback"
[1504] button "Close"
[2176] tab "Details"
[2187] tab "Video elements" (selected)
[2198] tab "Checks"
[2209] tab "Visibility"
[11446] link "Learn more"
[11684] button "Add"
[11490] button "Add" (disabled)
[1592] button "Back"
[1599] button "Next"
[546] clickable "Inspiration
        


  
      Videos
    


  
        Shorts
      


  
        Live
      


  "
[2026-06-01 09:07:56] [OUT] ---
[2026-06-01 09:07:56] [INFO] Clicking Next (2/3)...

[2026-06-01 09:07:57] [CMD] browseros-cli click -p 310 1599
[2026-06-01 09:07:57] [EXIT] 0
[2026-06-01 09:07:57] [OUT] ---
Clicked [1599] at (1061, 697)
[2026-06-01 09:07:57] [OUT] ---

[2026-06-01 09:08:01] [CMD] browseros-cli snap -p 310
[2026-06-01 09:08:01] [EXIT] 0
[2026-06-01 09:08:01] [OUT] ---
[460] menuitem "Customization"
[479] menuitem "Audio library"
[504] button "Settings"
[517] button "Send feedback"
[565] tab "Inspiration"
[568] tab "Videos" (selected)
[570] tab "Shorts"
[573] tab "Live"
[576] tab "Posts"
[579] tab "Playlists"
[582] tab "Podcasts"
[585] tab "Promotions"
[591] tab "Collaborations"
[11] textbox "Filter"
[792] checkbox
[905] button "Sort by Date"
[942] button "Sort by Views"
[1492] button "Send Feedback"
[1504] button "Close"
[2176] tab "Details"
[2187] tab "Video elements"
[2198] tab "Checks" (selected)
[2209] tab "Visibility"
[11896] link "Learn more"
[11941] link "Learn more"
[11908] button "Send feedback"
[1592] button "Back"
[1599] button "Next"
[546] clickable "Inspiration
        


  
      Videos
    


  
        Shorts
      


  
        Live
      


  "
[11907] clickable "Send feedback"
[11909] clickable "Send feedback"
[2026-06-01 09:08:01] [OUT] ---

[2026-06-01 09:08:02] [CMD] browseros-cli snap -p 310
[2026-06-01 09:08:02] [EXIT] 0
[2026-06-01 09:08:02] [OUT] ---
[460] menuitem "Customization"
[479] menuitem "Audio library"
[504] button "Settings"
[517] button "Send feedback"
[565] tab "Inspiration"
[568] tab "Videos" (selected)
[570] tab "Shorts"
[573] tab "Live"
[576] tab "Posts"
[579] tab "Playlists"
[582] tab "Podcasts"
[585] tab "Promotions"
[591] tab "Collaborations"
[11] textbox "Filter"
[792] checkbox
[905] button "Sort by Date"
[942] button "Sort by Views"
[1492] button "Send Feedback"
[1504] button "Close"
[2176] tab "Details"
[2187] tab "Video elements"
[2198] tab "Checks" (selected)
[2209] tab "Visibility"
[11896] link "Learn more"
[11941] link "Learn more"
[11908] button "Send feedback"
[1592] button "Back"
[1599] button "Next"
[546] clickable "Inspiration
        


  
      Videos
    


  
        Shorts
      


  
        Live
      


  "
[11907] clickable "Send feedback"
[11909] clickable "Send feedback"
[2026-06-01 09:08:02] [OUT] ---
[2026-06-01 09:08:02] [INFO] Clicking Next (3/3)...

[2026-06-01 09:08:03] [CMD] browseros-cli click -p 310 1599
[2026-06-01 09:08:03] [EXIT] 0
[2026-06-01 09:08:03] [OUT] ---
Clicked [1599] at (1061, 697)
[2026-06-01 09:08:03] [OUT] ---

[2026-06-01 09:08:07] [CMD] browseros-cli snap -p 310
[2026-06-01 09:08:07] [EXIT] 0
[2026-06-01 09:08:07] [OUT] ---
[12364] radio "Private"
[12374] radio "Unlisted"
[12383] radio "Public"
[12095] button "Click to expand"
[12030] link "Learn more"
[12035] link "Learn more"
[12317] button "Play"
[12320] button "Mute"
[12146] slider "volume"
[12324] button "Settings"
[12349] button "Full screen"
[12063] link "https://youtube.com/shorts/-CErvz4xE2o"
[12066] button "Copy video link"
[1592] button "Back"
[1606] button "Save"
[546] clickable "Inspiration
        


  
      Videos
    


  
        Shorts
      


  
        Live
      


  "
[12106] clickable "Private
          

          
          
            
              Only you and people you choose "
[12089] clickable "Schedule
      
        
          Select a date to make your video public.
        
      
      
 "
[2026-06-01 09:08:07] [OUT] ---
[2026-06-01 09:08:07] [INFO] Reached Visibility screen
[2026-06-01 09:08:07] [INFO] ========================================
[2026-06-01 09:08:07] [INFO]   Phase 6: Open Scheduling Options
[2026-06-01 09:08:07] [INFO] ========================================
[2026-06-01 09:08:07] [INFO] Clicking 'Schedule' option...

[2026-06-01 09:08:08] [CMD] browseros-cli snap -p 310
[2026-06-01 09:08:08] [EXIT] 0
[2026-06-01 09:08:08] [OUT] ---
[12364] radio "Private"
[12374] radio "Unlisted"
[12383] radio "Public"
[12095] button "Click to expand"
[12030] link "Learn more"
[12035] link "Learn more"
[12317] button "Play"
[12320] button "Mute"
[12146] slider "volume"
[12324] button "Settings"
[12349] button "Full screen"
[12063] link "https://youtube.com/shorts/-CErvz4xE2o"
[12066] button "Copy video link"
[1592] button "Back"
[1606] button "Save"
[546] clickable "Inspiration
        


  
      Videos
    


  
        Shorts
      


  
        Live
      


  "
[12106] clickable "Private
          

          
          
            
              Only you and people you choose "
[12089] clickable "Schedule
      
        
          Select a date to make your video public.
        
      
      
 "
[2026-06-01 09:08:08] [OUT] ---

[2026-06-01 09:08:09] [CMD] browseros-cli click -p 310 12089
[2026-06-01 09:08:09] [EXIT] 0
[2026-06-01 09:08:09] [OUT] ---
Clicked [12089] at (472, 574)
[2026-06-01 09:08:09] [OUT] ---
[2026-06-01 09:08:11] [INFO] ========================================
[2026-06-01 09:08:11] [INFO]   Phase 7: Fill Date and Time
[2026-06-01 09:08:11] [INFO] ========================================
[2026-06-01 09:08:11] [INFO] Setting date: Jun 16, 2026, time: 9:45 AM
[2026-06-01 09:08:11] [INFO] Opening date picker...

[2026-06-01 09:08:12] [CMD] browseros-cli snap -p 310
[2026-06-01 09:08:12] [EXIT] 0
[2026-06-01 09:08:12] [OUT] ---
[942] button "Sort by Views"
[1492] button "Send Feedback"
[1504] button "Close"
[2176] tab "Details"
[2187] tab "Video elements"
[2198] tab "Checks"
[2209] tab "Visibility" (selected)
[12081] button "Click to expand"
[12638] button "Jun 2, 2026"
[12642] button "Jun 2, 2026"
[12668] textbox value="12:00 AM"
[12751] button "Time zone"
[12030] link "Learn more"
[12035] link "Learn more"
[12317] button "Play"
[12320] button "Mute"
[12146] slider "volume"
[12324] button "Settings"
[12349] button "Full screen"
[12063] link "https://youtube.com/shorts/-CErvz4xE2o"
[12066] button "Copy video link"
[1592] button "Back"
[1606] button "Schedule"
[546] clickable "Inspiration
        


  
      Videos
    


  
        Shorts
      


  
        Live
      


  "
[12042] clickable "Save or publish
        
        
          Make your video public, unlisted, or private
        
  "
[12752] clickable "Default set to local time zone (GMT+0530)"
[2026-06-01 09:08:12] [OUT] ---

[2026-06-01 09:08:13] [CMD] browseros-cli click -p 310 12638
[2026-06-01 09:08:13] [EXIT] 0
[2026-06-01 09:08:13] [OUT] ---
Clicked [12638] at (310, 490)
[2026-06-01 09:08:13] [OUT] ---

[2026-06-01 09:08:16] [CMD] browseros-cli snap -p 310
[2026-06-01 09:08:16] [EXIT] 0
[2026-06-01 09:08:16] [OUT] ---
[13024] clickable "13"
[13025] clickable "14"
[13026] clickable "15"
[13027] clickable "16"
[13028] clickable "17"
[13029] clickable "18"
[13030] clickable "19"
[13031] clickable "20"
[13032] clickable "21"
[13033] clickable "22"
[13034] clickable "23"
[13035] clickable "24"
[13036] clickable "25"
[13037] clickable "26"
[13038] clickable "27"
[13039] clickable "28"
[13040] clickable "29"
[13041] clickable "30"
[13042] clickable "31"
[13050] clickable "1"
[13051] clickable "2"
[13052] clickable "3"
[13053] clickable "4"
[13054] clickable "5"
[13055] clickable "6"
[13056] clickable "7"
[13057] clickable "8"
[13058] clickable "9"
[13059] clickable "10"
[13060] clickable "11"
[13061] clickable "12"
[13062] clickable "13"
[13063] clickable "14"
[13064] clickable "15"
[13065] clickable "16"
[13066] clickable "17"
[13067] clickable "18"
[13068] clickable "19"
[13069] clickable "20"
[13070] clickable "21"
[13071] clickable "22"
[13072] clickable "23"
[13073] clickable "24"
[13074] clickable "25"
[13075] clickable "26"
[13076] clickable "27"
[13077] clickable "28"
[13078] clickable "29"
[13079] clickable "30"
[13080] clickable "31"
[2026-06-01 09:08:16] [OUT] ---

[2026-06-01 09:08:17] [CMD] browseros-cli fill -p 310 12864 Jun 16, 2026
[2026-06-01 09:08:17] [EXIT] 0
[2026-06-01 09:08:17] [OUT] ---
Typed 12 characters into [12864] at (327, 124)
[2026-06-01 09:08:17] [OUT] ---

[2026-06-01 09:08:19] [CMD] browseros-cli key -p 310 Enter
[2026-06-01 09:08:19] [EXIT] 0
[2026-06-01 09:08:19] [OUT] ---
Pressed Enter
[2026-06-01 09:08:19] [OUT] ---
[2026-06-01 09:08:21] [INFO] Setting time...

[2026-06-01 09:08:22] [CMD] browseros-cli snap -p 310
[2026-06-01 09:08:22] [EXIT] 0
[2026-06-01 09:08:22] [OUT] ---
[942] button "Sort by Views"
[1492] button "Send Feedback"
[1504] button "Close"
[2176] tab "Details"
[2187] tab "Video elements"
[2198] tab "Checks"
[2209] tab "Visibility" (selected)
[12081] button "Click to expand"
[12638] button "Jun 16, 2026"
[12642] button "Jun 16, 2026"
[12668] textbox value="12:00 AM"
[12751] button "Time zone"
[12030] link "Learn more"
[12035] link "Learn more"
[12317] button "Play"
[12320] button "Mute"
[12146] slider "volume"
[12324] button "Settings"
[12349] button "Full screen"
[12063] link "https://youtube.com/shorts/-CErvz4xE2o"
[12066] button "Copy video link"
[1592] button "Back"
[1606] button "Schedule"
[546] clickable "Inspiration
        


  
      Videos
    


  
        Shorts
      


  
        Live
      


  "
[12042] clickable "Save or publish
        
        
          Make your video public, unlisted, or private
        
  "
[12752] clickable "Default set to local time zone (GMT+0530)"
[2026-06-01 09:08:22] [OUT] ---
[2026-06-01 09:08:22] [INFO] Clicking time input box to open dropdown...

[2026-06-01 09:08:23] [CMD] browseros-cli click -p 310 12668
[2026-06-01 09:08:23] [EXIT] 0
[2026-06-01 09:08:23] [OUT] ---
Clicked [12668] at (466, 490)
[2026-06-01 09:08:23] [OUT] ---

[2026-06-01 09:08:26] [CMD] browseros-cli snap -p 310
[2026-06-01 09:08:26] [EXIT] 0
[2026-06-01 09:08:26] [OUT] ---
[13679] option "6:15 PM"
[13680] option "6:30 PM"
[13681] option "6:45 PM"
[13682] option "7:00 PM"
[13683] option "7:15 PM"
[13684] option "7:30 PM"
[13685] option "7:45 PM"
[13686] option "8:00 PM"
[13687] option "8:15 PM"
[13688] option "8:30 PM"
[13689] option "8:45 PM"
[13690] option "9:00 PM"
[13691] option "9:15 PM"
[13692] option "9:30 PM"
[13693] option "9:45 PM"
[13694] option "10:00 PM"
[13695] option "10:15 PM"
[13696] option "10:30 PM"
[13697] option "10:45 PM"
[13698] option "11:00 PM"
[13699] option "11:15 PM"
[13700] option "11:30 PM"
[13701] option "11:45 PM"
[546] clickable "Inspiration
        


  
      Videos
    


  
        Shorts
      


  
        Live
      


  "
[12042] clickable "Save or publish
        
        
          Make your video public, unlisted, or private
        
  "
[12752] clickable "Default set to local time zone (GMT+0530)"
[2026-06-01 09:08:26] [OUT] ---
[2026-06-01 09:08:26] [INFO] Clicking time option ref: 13645 for 9:45 AM

[2026-06-01 09:08:27] [CMD] browseros-cli click -p 310 13645
[2026-06-01 09:08:27] [EXIT] 0
[2026-06-01 09:08:27] [OUT] ---
Clicked [13645] at (466, 316)
[2026-06-01 09:08:27] [OUT] ---
[2026-06-01 09:08:29] [INFO] Date and time filled successfully
[2026-06-01 09:08:29] [INFO] ========================================
[2026-06-01 09:08:29] [INFO]   Phase 8: User Verification
[2026-06-01 09:08:30] [INFO] ========================================
[2026-06-01 09:08:30] [INFO] 
[2026-06-01 09:08:30] [INFO] ============================================
[2026-06-01 09:08:30] [INFO]   SCHEDULED REEL REVIEW
[2026-06-01 09:08:30] [INFO] ============================================
[2026-06-01 09:08:30] [INFO]   Asset ID: 31
[2026-06-01 09:08:30] [INFO]   Project:  project-1
[2026-06-01 09:08:30] [INFO]   Date:     2026-06-16 (Tuesday)
[2026-06-01 09:08:30] [INFO]   Time:     09:45:00
[2026-06-01 09:08:30] [INFO] ============================================
[2026-06-01 09:08:30] [INFO] 
[2026-06-01 09:08:30] [INFO] [YOLO] Finding 'Schedule' button...

[2026-06-01 09:08:31] [CMD] browseros-cli snap -p 310
[2026-06-01 09:08:31] [EXIT] 0
[2026-06-01 09:08:31] [OUT] ---
[942] button "Sort by Views"
[1492] button "Send Feedback"
[1504] button "Close"
[2176] tab "Details"
[2187] tab "Video elements"
[2198] tab "Checks"
[2209] tab "Visibility" (selected)
[12081] button "Click to expand"
[12638] button "Jun 16, 2026"
[12642] button "Jun 16, 2026"
[12668] textbox value="9:45 AM"
[12751] button "Time zone"
[12030] link "Learn more"
[12035] link "Learn more"
[12317] button "Play"
[12320] button "Mute"
[12146] slider "volume"
[12324] button "Settings"
[12349] button "Full screen"
[12063] link "https://youtube.com/shorts/-CErvz4xE2o"
[12066] button "Copy video link"
[1592] button "Back"
[1606] button "Schedule"
[546] clickable "Inspiration
        


  
      Videos
    


  
        Shorts
      


  
        Live
      


  "
[12042] clickable "Save or publish
        
        
          Make your video public, unlisted, or private
        
  "
[12752] clickable "Default set to local time zone (GMT+0530)"
[2026-06-01 09:08:31] [OUT] ---
[2026-06-01 09:08:31] [INFO] Clicking 'Schedule' button (ref: 1606)...

[2026-06-01 09:08:32] [CMD] browseros-cli click -p 310 1606
[2026-06-01 09:08:32] [EXIT] 0
[2026-06-01 09:08:32] [OUT] ---
Clicked [1606] at (1047, 697)
[2026-06-01 09:08:32] [OUT] ---
[2026-06-01 09:08:42] [INFO] Marking asset 31 as uploaded for youtube...
[2026-06-01 09:08:42] [DEBUG] mark_uploaded output: {"success": true, "id": "31", "platform": "youtube"}
[2026-06-01 09:08:42] [INFO] Marking asset 31 as scheduled for youtube...
[2026-06-01 09:08:42] [DEBUG] mark_scheduled output: {"success": true, "id": "31", "platform": "youtube"}
[2026-06-01 09:08:42] [INFO] Tracker updated for asset 31
[2026-06-01 09:08:42] [INFO] ========================================
[2026-06-01 09:08:42] [INFO]   Phase 9: Close Browser Tab
[2026-06-01 09:08:42] [INFO] ========================================

[2026-06-01 09:08:43] [CMD] browseros-cli close -p 310
[2026-06-01 09:08:43] [EXIT] 0
[2026-06-01 09:08:43] [OUT] ---
Closed page 310
[2026-06-01 09:08:43] [OUT] ---
[2026-06-01 09:08:43] [INFO] Browser tab closed
[2026-06-01 09:08:43] [INFO] ========================================
[2026-06-01 09:08:43] [INFO]   Processing Schedule Entry 10 / 23
[2026-06-01 09:08:43] [INFO] ========================================
[2026-06-01 09:08:43] [INFO] Date: 2026-06-17, Day: Wednesday, Time: 19:30:00
[2026-06-01 09:08:43] [INFO] ========================================
[2026-06-01 09:08:43] [INFO]   Phase 1: Identify Project and Asset
[2026-06-01 09:08:43] [INFO] ========================================
[2026-06-01 09:08:43] [INFO] Fetching mapped post for project 1...
[2026-06-01 09:08:43] [DEBUG] get_mapped_post exit=0 output='ID: 32
Caption: 🌿 Fresh Basil Pesto Potato Gnocchi 🍝
Recipe: 
Ingredients: 🍝 1 lb potato gnocchi, 🌿 1 cup fresh basil leaves, 🧀 1/2 cup parmesan, 🥜 1/3 cup pine nuts, 🧄 2 cloves garlic, 🫒 1/2 cup olive oil. 
Steps: 👨‍🍳 Pulse basil, nuts, garlic, and cheese in a processor while drizzling in olive oil to make pesto. 🥣 Boil gnocchi in salted water until they float to the surface (about 2 mins). 🔥 Drain, but reserve a splash of water. ⏲️ Toss the hot gnocchi with the pesto and water in a bowl until coated. 🍳 Top with more parmesan and toasted pine nuts.
#gnocchi #pesto #italianfood #vegetarian #dinner #pasta #basil #fresh 🌮🍱'
[2026-06-01 09:08:43] [INFO] Asset ID: 32
[2026-06-01 09:08:43] [INFO] Title length: 36 chars
[2026-06-01 09:08:43] [INFO] Description length: 575 chars
[2026-06-01 09:08:43] [INFO] Asset path: /Users/dsen/Projects/ai-post-maker/project-1/assets/32.mp4
[2026-06-01 09:08:43] [INFO] ========================================
[2026-06-01 09:08:43] [INFO]   Phase 2: Open YouTube Upload Page
[2026-06-01 09:08:43] [INFO] ========================================
[2026-06-01 09:08:43] [INFO] Opening new page: https://www.youtube.com/upload

[2026-06-01 09:08:44] [CMD] browseros-cli open https://www.youtube.com/upload --json
[2026-06-01 09:08:44] [EXIT] 0
[2026-06-01 09:08:44] [OUT] ---
{"background":false,"hidden":false,"pageId":312,"url":"https://www.youtube.com/upload"}
[2026-06-01 09:08:44] [OUT] ---
[2026-06-01 09:08:44] [INFO] Page opened with ID: 312
[2026-06-01 09:08:49] [INFO] Page loaded successfully
[2026-06-01 09:08:49] [INFO] ========================================
[2026-06-01 09:08:49] [INFO]   Phase 3: Upload the Video File
[2026-06-01 09:08:49] [INFO] ========================================
[2026-06-01 09:08:49] [INFO] Exposing hidden file input...

[2026-06-01 09:08:50] [CMD] browseros-cli eval -p 312 document.querySelectorAll('input[type="file"]').forEach((i, idx) => { i.removeAttribute('aria-hidden'); i.style.display='block'; i.style.visibility='visible'; i.style.opacity='1'; i.style.position='static'; i.style.width='100px'; i.style.height='50px'; i.style.zIndex='999999'; i.title='Upload Video File'; });
[2026-06-01 09:08:50] [EXIT] 0
[2026-06-01 09:08:50] [OUT] ---
undefined
[2026-06-01 09:08:50] [OUT] ---
[2026-06-01 09:08:52] [INFO] Taking snapshot to find file input...

[2026-06-01 09:08:53] [CMD] browseros-cli snap -p 312
[2026-06-01 09:08:53] [EXIT] 0
[2026-06-01 09:08:53] [OUT] ---
[346] menuitem "Content"
[9] menuitem "Analytics"
[384] menuitem "Community"
[403] menuitem "Subtitles"
[422] menuitem "Content detection"
[441] menuitem "Earn"
[460] menuitem "Customization"
[479] menuitem "Audio library"
[504] button "Settings"
[517] button "Send feedback"
[565] tab "Inspiration"
[568] tab "Videos" (selected)
[570] tab "Shorts"
[573] tab "Live"
[576] tab "Posts"
[579] tab "Playlists"
[582] tab "Podcasts"
[585] tab "Promotions"
[591] tab "Collaborations"
[12] textbox "Filter"
[792] checkbox
[905] button "Sort by Date"
[942] button "Sort by Views"
[1492] button "Send Feedback"
[1504] button "Close"
[1537] button "Select files"
[1542] button "Choose Files"
[1546] link "Terms of Service"
[1547] link "Community Guidelines"
[1551] link "Learn more"
[546] clickable "Inspiration
        


  
      Videos
    


  
        Shorts
      


  
        Live
      


  "
[2026-06-01 09:08:53] [OUT] ---

[2026-06-01 09:08:54] [CMD] browseros-cli snap -p 312
[2026-06-01 09:08:54] [EXIT] 0
[2026-06-01 09:08:54] [OUT] ---
[346] menuitem "Content"
[9] menuitem "Analytics"
[384] menuitem "Community"
[403] menuitem "Subtitles"
[422] menuitem "Content detection"
[441] menuitem "Earn"
[460] menuitem "Customization"
[479] menuitem "Audio library"
[504] button "Settings"
[517] button "Send feedback"
[565] tab "Inspiration"
[568] tab "Videos" (selected)
[570] tab "Shorts"
[573] tab "Live"
[576] tab "Posts"
[579] tab "Playlists"
[582] tab "Podcasts"
[585] tab "Promotions"
[591] tab "Collaborations"
[12] textbox "Filter"
[792] checkbox
[905] button "Sort by Date"
[942] button "Sort by Views"
[1492] button "Send Feedback"
[1504] button "Close"
[1537] button "Select files"
[1542] button "Choose Files"
[1546] link "Terms of Service"
[1547] link "Community Guidelines"
[1551] link "Learn more"
[546] clickable "Inspiration
        


  
      Videos
    


  
        Shorts
      


  
        Live
      


  "
[2026-06-01 09:08:54] [OUT] ---

[2026-06-01 09:08:55] [CMD] browseros-cli snap -p 312
[2026-06-01 09:08:55] [EXIT] 0
[2026-06-01 09:08:55] [OUT] ---
[346] menuitem "Content"
[9] menuitem "Analytics"
[384] menuitem "Community"
[403] menuitem "Subtitles"
[422] menuitem "Content detection"
[441] menuitem "Earn"
[460] menuitem "Customization"
[479] menuitem "Audio library"
[504] button "Settings"
[517] button "Send feedback"
[565] tab "Inspiration"
[568] tab "Videos" (selected)
[570] tab "Shorts"
[573] tab "Live"
[576] tab "Posts"
[579] tab "Playlists"
[582] tab "Podcasts"
[585] tab "Promotions"
[591] tab "Collaborations"
[12] textbox "Filter"
[792] checkbox
[905] button "Sort by Date"
[942] button "Sort by Views"
[1492] button "Send Feedback"
[1504] button "Close"
[1537] button "Select files"
[1542] button "Choose Files"
[1546] link "Terms of Service"
[1547] link "Community Guidelines"
[1551] link "Learn more"
[546] clickable "Inspiration
        


  
      Videos
    


  
        Shorts
      


  
        Live
      


  "
[2026-06-01 09:08:55] [OUT] ---
[2026-06-01 09:08:55] [INFO] Attempting upload to ref: 1542...

[2026-06-01 09:08:56] [CMD] browseros-cli upload -p 312 1542 /Users/dsen/Projects/ai-post-maker/project-1/assets/32.mp4
[2026-06-01 09:08:56] [EXIT] 0
[2026-06-01 09:08:56] [OUT] ---
Set 1 file(s) on [1542]
[2026-06-01 09:08:56] [OUT] ---
[2026-06-01 09:09:01] [INFO] Waiting for 'Details' screen to appear...

[2026-06-01 09:09:02] [CMD] browseros-cli snap -p 312
[2026-06-01 09:09:02] [EXIT] 0
[2026-06-01 09:09:02] [OUT] ---
[1504] button "Close"
[2176] tab "Details" (selected)
[2187] tab "Video elements"
[2198] tab "Checks"
[2209] tab "Visibility"
[1973] button "Reuse details"
[2289] textbox "Add a title that describes your video (type @ to mention a channel)" value="32" (required)
[2516] button "Add all"
[2402] button "Options"
[2806] button "Personalized suggestion illustration #appetizer"
[2816] button "#strawberry"
[2826] button "Personalized suggestion illustration #baking"
[2032] textbox "Tell viewers about your video (type @ to mention a channel)"
[2252] link "Learn more about playlists"
[2258] button "Select playlists"
[2262] button "Select"
[2085] link "What's content made for kids?"
[2092] link "Learn more about video's audience settings"
[2095] radio "Yes, it's made for kids . Features like personalized ads and notifications won’t be available on videos made for kids. Videos that are set as made for kids by you are more likely to be recommended alongside other kids’ videos. Learn more"
[2099] link "Learn more"
[2100] radio "No, it's not made for kids"
[2017] button "Age restriction (advanced)"
[2173] button "Show advanced settings"
[2235] link "https://youtube.com/shorts/C94HJ7A9UAE"
[2238] button "Copy video link"
[1599] button "Next"
[546] clickable "Inspiration
        


  
      Videos
    


  
        Shorts
      


  
        Live
      


  "
[2405] clickable "The following suggestions were automatically generated based on your existing content. You can add
  and edit them to help viewers discover, understand, and engage with your content."
[2094] clickable "Yes, it's made for kids.
          Features like personalized ads and notifications won’t be availab"
[2026-06-01 09:09:02] [OUT] ---
[2026-06-01 09:09:02] [INFO] Video uploaded and Details screen reached
[2026-06-01 09:09:02] [INFO] ========================================
[2026-06-01 09:09:02] [INFO]   Phase 4: Fill Details
[2026-06-01 09:09:02] [INFO] ========================================
[2026-06-01 09:09:02] [INFO] Finding Title field...

[2026-06-01 09:09:03] [CMD] browseros-cli snap -p 312
[2026-06-01 09:09:03] [EXIT] 0
[2026-06-01 09:09:03] [OUT] ---
[1504] button "Close"
[2176] tab "Details" (selected)
[2187] tab "Video elements"
[2198] tab "Checks"
[2209] tab "Visibility"
[1973] button "Reuse details"
[2289] textbox "Add a title that describes your video (type @ to mention a channel)" value="32" (required)
[2516] button "Add all"
[2402] button "Options"
[2806] button "Personalized suggestion illustration #appetizer"
[2816] button "#strawberry"
[2826] button "Personalized suggestion illustration #baking"
[2032] textbox "Tell viewers about your video (type @ to mention a channel)"
[2252] link "Learn more about playlists"
[2258] button "Select playlists"
[2262] button "Select"
[2085] link "What's content made for kids?"
[2092] link "Learn more about video's audience settings"
[2095] radio "Yes, it's made for kids . Features like personalized ads and notifications won’t be available on videos made for kids. Videos that are set as made for kids by you are more likely to be recommended alongside other kids’ videos. Learn more"
[2099] link "Learn more"
[2100] radio "No, it's not made for kids"
[2017] button "Age restriction (advanced)"
[2173] button "Show advanced settings"
[2235] link "https://youtube.com/shorts/C94HJ7A9UAE"
[2238] button "Copy video link"
[1599] button "Next"
[546] clickable "Inspiration
        


  
      Videos
    


  
        Shorts
      


  
        Live
      


  "
[2405] clickable "The following suggestions were automatically generated based on your existing content. You can add
  and edit them to help viewers discover, understand, and engage with your content."
[2094] clickable "Yes, it's made for kids.
          Features like personalized ads and notifications won’t be availab"
[2026-06-01 09:09:03] [OUT] ---
[2026-06-01 09:09:03] [INFO] Filling Title...

[2026-06-01 09:09:04] [CMD] browseros-cli fill -p 312 2289 🌿 Fresh Basil Pesto Potato Gnocchi 🍝
[2026-06-01 09:09:04] [EXIT] 0
[2026-06-01 09:09:04] [OUT] ---
Typed 38 characters into [2289] at (472, 229)
[2026-06-01 09:09:04] [OUT] ---
[2026-06-01 09:09:06] [INFO] Finding Description field...

[2026-06-01 09:09:07] [CMD] browseros-cli snap -p 312
[2026-06-01 09:09:07] [EXIT] 0
[2026-06-01 09:09:07] [OUT] ---
[1504] button "Close"
[2176] tab "Details" (selected)
[2187] tab "Video elements"
[2198] tab "Checks"
[2209] tab "Visibility"
[1973] button "Reuse details"
[2289] textbox "Add a title that describes your video (type @ to mention a channel)" value="🌿 Fresh Basil Pesto Potato Gnocchi 🍝" (required)
[2516] button "Add all"
[2402] button "Options"
[2806] button "Personalized suggestion illustration #appetizer"
[2816] button "#strawberry"
[2826] button "Personalized suggestion illustration #baking"
[2032] textbox "Tell viewers about your video (type @ to mention a channel)"
[2252] link "Learn more about playlists"
[2258] button "Select playlists"
[2262] button "Select"
[2085] link "What's content made for kids?"
[2092] link "Learn more about video's audience settings"
[2095] radio "Yes, it's made for kids . Features like personalized ads and notifications won’t be available on videos made for kids. Videos that are set as made for kids by you are more likely to be recommended alongside other kids’ videos. Learn more"
[2099] link "Learn more"
[2100] radio "No, it's not made for kids"
[2017] button "Age restriction (advanced)"
[2173] button "Show advanced settings"
[2235] link "https://youtube.com/shorts/C94HJ7A9UAE"
[2238] button "Copy video link"
[1599] button "Next"
[546] clickable "Inspiration
        


  
      Videos
    


  
        Shorts
      


  
        Live
      


  "
[2405] clickable "The following suggestions were automatically generated based on your existing content. You can add
  and edit them to help viewers discover, understand, and engage with your content."
[2094] clickable "Yes, it's made for kids.
          Features like personalized ads and notifications won’t be availab"
[2026-06-01 09:09:07] [OUT] ---
[2026-06-01 09:09:07] [INFO] Filling Description...

[2026-06-01 09:09:10] [CMD] browseros-cli fill -p 312 2032 Recipe: 
Ingredients: 🍝 1 lb potato gnocchi, 🌿 1 cup fresh basil leaves, 🧀 1/2 cup parmesan, 🥜 1/3 cup pine nuts, 🧄 2 cloves garlic, 🫒 1/2 cup olive oil. 
Steps: 👨‍🍳 Pulse basil, nuts, garlic, and cheese in a processor while drizzling in olive oil to make pesto. 🥣 Boil gnocchi in salted water until they float to the surface (about 2 mins). 🔥 Drain, but reserve a splash of water. ⏲️ Toss the hot gnocchi with the pesto and water in a bowl until coated. 🍳 Top with more parmesan and toasted pine nuts.
#gnocchi #pesto #italianfood #vegetarian #dinner #pasta #basil #fresh 🌮🍱
[2026-06-01 09:09:10] [EXIT] 0
[2026-06-01 09:09:10] [OUT] ---
Typed 588 characters into [2032] at (472, 490)
[2026-06-01 09:09:10] [OUT] ---
[2026-06-01 09:09:12] [INFO] Selecting 'Not made for kids'...

[2026-06-01 09:09:13] [CMD] browseros-cli snap -p 312
[2026-06-01 09:09:13] [EXIT] 0
[2026-06-01 09:09:13] [OUT] ---
[905] button "Sort by Date"
[942] button "Sort by Views"
[1492] button "Send Feedback"
[1504] button "Close"
[2176] tab "Details" (selected)
[2187] tab "Video elements"
[2198] tab "Checks"
[2209] tab "Visibility"
[1973] button "Reuse details"
[2289] textbox "Add a title that describes your video (type @ to mention a channel)" value="🌿 Fresh Basil Pesto Potato Gnocchi 🍝" (required)
[2032] textbox "Tell viewers about your video (type @ to mention a channel)" value="Recipe: 
Ingredients: 🍝 1 lb potato gnocchi, 🌿 1 cup fresh basil leaves, 🧀 1/2 cup parmesan, 🥜 1/3 cup pine nuts, 🧄 2 cloves garlic, 🫒 1/2 cup olive oil. 
Steps: 👨‍🍳 Pulse basil, nuts, garlic, and cheese in a processor while drizzling in olive oil to make pesto. 🥣 Boil gnocchi in salted water until they float to the surface (about 2 mins). 🔥 Drain, but reserve a splash of water. ⏲️ Toss the hot gnocchi with the pesto and water in a bowl until coated. 🍳 Top with more parmesan and toasted pine nuts.
#gnocchi #pesto #italianfood #vegetarian #dinner #pasta #basil #fresh 🌮🍱
"
[2252] link "Learn more about playlists"
[2258] button "Select playlists"
[2262] button "Select"
[2085] link "What's content made for kids?"
[2092] link "Learn more about video's audience settings"
[2095] radio "Yes, it's made for kids . Features like personalized ads and notifications won’t be available on videos made for kids. Videos that are set as made for kids by you are more likely to be recommended alongside other kids’ videos. Learn more"
[2099] link "Learn more"
[2100] radio "No, it's not made for kids"
[2017] button "Age restriction (advanced)"
[2173] button "Show advanced settings"
[2235] link "https://youtube.com/shorts/C94HJ7A9UAE"
[2238] button "Copy video link"
[1599] button "Next"
[546] clickable "Inspiration
        


  
      Videos
    


  
        Shorts
      


  
        Live
      


  "
[2094] clickable "Yes, it's made for kids.
          Features like personalized ads and notifications won’t be availab"
[2026-06-01 09:09:13] [OUT] ---

[2026-06-01 09:09:14] [CMD] browseros-cli click -p 312 2100
[2026-06-01 09:09:14] [EXIT] 0
[2026-06-01 09:09:14] [OUT] ---
Clicked [2100] at (303, 464)
[2026-06-01 09:09:14] [OUT] ---
[2026-06-01 09:09:14] [INFO] Selected 'Not made for kids'
[2026-06-01 09:09:16] [INFO] ========================================
[2026-06-01 09:09:16] [INFO]   Phase 5: Navigate to Visibility Screen
[2026-06-01 09:09:16] [INFO] ========================================

[2026-06-01 09:09:17] [CMD] browseros-cli snap -p 312
[2026-06-01 09:09:17] [EXIT] 0
[2026-06-01 09:09:17] [OUT] ---
[905] button "Sort by Date"
[942] button "Sort by Views"
[1492] button "Send Feedback"
[1504] button "Close"
[2176] tab "Details" (selected)
[2187] tab "Video elements"
[2198] tab "Checks"
[2209] tab "Visibility"
[1973] button "Reuse details"
[2289] textbox "Add a title that describes your video (type @ to mention a channel)" value="🌿 Fresh Basil Pesto Potato Gnocchi 🍝" (required)
[2032] textbox "Tell viewers about your video (type @ to mention a channel)" value="Recipe: 
Ingredients: 🍝 1 lb potato gnocchi, 🌿 1 cup fresh basil leaves, 🧀 1/2 cup parmesan, 🥜 1/3 cup pine nuts, 🧄 2 cloves garlic, 🫒 1/2 cup olive oil. 
Steps: 👨‍🍳 Pulse basil, nuts, garlic, and cheese in a processor while drizzling in olive oil to make pesto. 🥣 Boil gnocchi in salted water until they float to the surface (about 2 mins). 🔥 Drain, but reserve a splash of water. ⏲️ Toss the hot gnocchi with the pesto and water in a bowl until coated. 🍳 Top with more parmesan and toasted pine nuts.
#gnocchi #pesto #italianfood #vegetarian #dinner #pasta #basil #fresh 🌮🍱
"
[2252] link "Learn more about playlists"
[2258] button "Select playlists"
[2262] button "Select"
[2085] link "What's content made for kids?"
[2092] link "Learn more about video's audience settings"
[2095] radio "Yes, it's made for kids . Features like personalized ads and notifications won’t be available on videos made for kids. Videos that are set as made for kids by you are more likely to be recommended alongside other kids’ videos. Learn more"
[2099] link "Learn more"
[2100] radio "No, it's not made for kids"
[2017] button "Age restriction (advanced)"
[2173] button "Show advanced settings"
[2235] link "https://youtube.com/shorts/C94HJ7A9UAE"
[2238] button "Copy video link"
[1599] button "Next"
[546] clickable "Inspiration
        


  
      Videos
    


  
        Shorts
      


  
        Live
      


  "
[2094] clickable "Yes, it's made for kids.
          Features like personalized ads and notifications won’t be availab"
[2026-06-01 09:09:17] [OUT] ---
[2026-06-01 09:09:17] [INFO] Clicking Next (1/3)...

[2026-06-01 09:09:18] [CMD] browseros-cli click -p 312 1599
[2026-06-01 09:09:18] [EXIT] 0
[2026-06-01 09:09:18] [OUT] ---
Clicked [1599] at (1061, 697)
[2026-06-01 09:09:18] [OUT] ---

[2026-06-01 09:09:22] [CMD] browseros-cli snap -p 312
[2026-06-01 09:09:22] [EXIT] 0
[2026-06-01 09:09:22] [OUT] ---
[422] menuitem "Content detection"
[441] menuitem "Earn"
[460] menuitem "Customization"
[479] menuitem "Audio library"
[504] button "Settings"
[517] button "Send feedback"
[565] tab "Inspiration"
[568] tab "Videos" (selected)
[570] tab "Shorts"
[573] tab "Live"
[576] tab "Posts"
[579] tab "Playlists"
[582] tab "Podcasts"
[585] tab "Promotions"
[591] tab "Collaborations"
[12] textbox "Filter"
[792] checkbox
[905] button "Sort by Date"
[942] button "Sort by Views"
[1492] button "Send Feedback"
[1504] button "Close"
[2176] tab "Details"
[2187] tab "Video elements" (selected)
[2198] tab "Checks"
[2209] tab "Visibility"
[10816] link "Learn more"
[11054] button "Add"
[10860] button "Add" (disabled)
[1592] button "Back"
[1599] button "Next"
[546] clickable "Inspiration
        


  
      Videos
    


  
        Shorts
      


  
        Live
      


  "
[2026-06-01 09:09:22] [OUT] ---

[2026-06-01 09:09:23] [CMD] browseros-cli snap -p 312
[2026-06-01 09:09:23] [EXIT] 0
[2026-06-01 09:09:23] [OUT] ---
[422] menuitem "Content detection"
[441] menuitem "Earn"
[460] menuitem "Customization"
[479] menuitem "Audio library"
[504] button "Settings"
[517] button "Send feedback"
[565] tab "Inspiration"
[568] tab "Videos" (selected)
[570] tab "Shorts"
[573] tab "Live"
[576] tab "Posts"
[579] tab "Playlists"
[582] tab "Podcasts"
[585] tab "Promotions"
[591] tab "Collaborations"
[12] textbox "Filter"
[792] checkbox
[905] button "Sort by Date"
[942] button "Sort by Views"
[1492] button "Send Feedback"
[1504] button "Close"
[2176] tab "Details"
[2187] tab "Video elements" (selected)
[2198] tab "Checks"
[2209] tab "Visibility"
[10816] link "Learn more"
[11054] button "Add"
[10860] button "Add" (disabled)
[1592] button "Back"
[1599] button "Next"
[546] clickable "Inspiration
        


  
      Videos
    


  
        Shorts
      


  
        Live
      


  "
[2026-06-01 09:09:23] [OUT] ---
[2026-06-01 09:09:23] [INFO] Clicking Next (2/3)...

[2026-06-01 09:09:24] [CMD] browseros-cli click -p 312 1599
[2026-06-01 09:09:24] [EXIT] 0
[2026-06-01 09:09:24] [OUT] ---
Clicked [1599] at (1061, 697)
[2026-06-01 09:09:24] [OUT] ---

[2026-06-01 09:09:28] [CMD] browseros-cli snap -p 312
[2026-06-01 09:09:28] [EXIT] 0
[2026-06-01 09:09:28] [OUT] ---
[460] menuitem "Customization"
[479] menuitem "Audio library"
[504] button "Settings"
[517] button "Send feedback"
[565] tab "Inspiration"
[568] tab "Videos" (selected)
[570] tab "Shorts"
[573] tab "Live"
[576] tab "Posts"
[579] tab "Playlists"
[582] tab "Podcasts"
[585] tab "Promotions"
[591] tab "Collaborations"
[12] textbox "Filter"
[792] checkbox
[905] button "Sort by Date"
[942] button "Sort by Views"
[1492] button "Send Feedback"
[1504] button "Close"
[2176] tab "Details"
[2187] tab "Video elements"
[2198] tab "Checks" (selected)
[2209] tab "Visibility"
[11198] link "Learn more"
[11243] link "Learn more"
[11210] button "Send feedback"
[1592] button "Back"
[1599] button "Next"
[546] clickable "Inspiration
        


  
      Videos
    


  
        Shorts
      


  
        Live
      


  "
[11209] clickable "Send feedback"
[11211] clickable "Send feedback"
[2026-06-01 09:09:28] [OUT] ---

[2026-06-01 09:09:29] [CMD] browseros-cli snap -p 312
[2026-06-01 09:09:29] [EXIT] 0
[2026-06-01 09:09:29] [OUT] ---
[460] menuitem "Customization"
[479] menuitem "Audio library"
[504] button "Settings"
[517] button "Send feedback"
[565] tab "Inspiration"
[568] tab "Videos" (selected)
[570] tab "Shorts"
[573] tab "Live"
[576] tab "Posts"
[579] tab "Playlists"
[582] tab "Podcasts"
[585] tab "Promotions"
[591] tab "Collaborations"
[12] textbox "Filter"
[792] checkbox
[905] button "Sort by Date"
[942] button "Sort by Views"
[1492] button "Send Feedback"
[1504] button "Close"
[2176] tab "Details"
[2187] tab "Video elements"
[2198] tab "Checks" (selected)
[2209] tab "Visibility"
[11198] link "Learn more"
[11243] link "Learn more"
[11210] button "Send feedback"
[1592] button "Back"
[1599] button "Next"
[546] clickable "Inspiration
        


  
      Videos
    


  
        Shorts
      


  
        Live
      


  "
[11209] clickable "Send feedback"
[11211] clickable "Send feedback"
[2026-06-01 09:09:29] [OUT] ---
[2026-06-01 09:09:29] [INFO] Clicking Next (3/3)...

[2026-06-01 09:09:30] [CMD] browseros-cli click -p 312 1599
[2026-06-01 09:09:30] [EXIT] 0
[2026-06-01 09:09:30] [OUT] ---
Clicked [1599] at (1061, 697)
[2026-06-01 09:09:30] [OUT] ---

[2026-06-01 09:09:34] [CMD] browseros-cli snap -p 312
[2026-06-01 09:09:34] [EXIT] 0
[2026-06-01 09:09:34] [OUT] ---
[1504] button "Close"
[2176] tab "Details"
[2187] tab "Video elements"
[2198] tab "Checks"
[2209] tab "Visibility" (selected)
[11461] radio "Private"
[11471] radio "Unlisted"
[11480] radio "Public"
[11407] button "Click to expand"
[11342] link "Learn more"
[11347] link "Learn more"
[11375] link "https://youtube.com/shorts/C94HJ7A9UAE"
[11378] button "Copy video link"
[1592] button "Back"
[1606] button "Save"
[546] clickable "Inspiration
        


  
      Videos
    


  
        Shorts
      


  
        Live
      


  "
[11418] clickable "Private
          

          
          
            
              Only you and people you choose "
[11401] clickable "Schedule
      
        
          Select a date to make your video public.
        
      
      
 "
[2026-06-01 09:09:34] [OUT] ---
[2026-06-01 09:09:34] [INFO] Reached Visibility screen
[2026-06-01 09:09:34] [INFO] ========================================
[2026-06-01 09:09:34] [INFO]   Phase 6: Open Scheduling Options
[2026-06-01 09:09:34] [INFO] ========================================
[2026-06-01 09:09:34] [INFO] Clicking 'Schedule' option...

[2026-06-01 09:09:35] [CMD] browseros-cli snap -p 312
[2026-06-01 09:09:35] [EXIT] 0
[2026-06-01 09:09:35] [OUT] ---
[1504] button "Close"
[2176] tab "Details"
[2187] tab "Video elements"
[2198] tab "Checks"
[2209] tab "Visibility" (selected)
[11461] radio "Private"
[11471] radio "Unlisted"
[11480] radio "Public"
[11407] button "Click to expand"
[11342] link "Learn more"
[11347] link "Learn more"
[11375] link "https://youtube.com/shorts/C94HJ7A9UAE"
[11378] button "Copy video link"
[1592] button "Back"
[1606] button "Save"
[546] clickable "Inspiration
        


  
      Videos
    


  
        Shorts
      


  
        Live
      


  "
[11418] clickable "Private
          

          
          
            
              Only you and people you choose "
[11401] clickable "Schedule
      
        
          Select a date to make your video public.
        
      
      
 "
[2026-06-01 09:09:35] [OUT] ---

[2026-06-01 09:09:36] [CMD] browseros-cli click -p 312 11401
[2026-06-01 09:09:36] [EXIT] 0
[2026-06-01 09:09:36] [OUT] ---
Clicked [11401] at (472, 574)
[2026-06-01 09:09:36] [OUT] ---
[2026-06-01 09:09:38] [INFO] ========================================
[2026-06-01 09:09:38] [INFO]   Phase 7: Fill Date and Time
[2026-06-01 09:09:38] [INFO] ========================================
[2026-06-01 09:09:38] [INFO] Setting date: Jun 17, 2026, time: 7:30 PM
[2026-06-01 09:09:38] [INFO] Opening date picker...

[2026-06-01 09:09:39] [CMD] browseros-cli snap -p 312
[2026-06-01 09:09:39] [EXIT] 0
[2026-06-01 09:09:39] [OUT] ---
[942] button "Sort by Views"
[1492] button "Send Feedback"
[1504] button "Close"
[2176] tab "Details"
[2187] tab "Video elements"
[2198] tab "Checks"
[2209] tab "Visibility" (selected)
[11393] button "Click to expand"
[11955] button "Jun 2, 2026"
[11959] button "Jun 2, 2026"
[11985] textbox value="12:00 AM"
[12068] button "Time zone"
[11342] link "Learn more"
[11347] link "Learn more"
[11756] button "Play"
[11759] button "Mute"
[11599] slider "volume"
[11763] button "Settings"
[11788] button "Full screen"
[11375] link "https://youtube.com/shorts/C94HJ7A9UAE"
[11378] button "Copy video link"
[1592] button "Back"
[1606] button "Schedule"
[546] clickable "Inspiration
        


  
      Videos
    


  
        Shorts
      


  
        Live
      


  "
[11354] clickable "Save or publish
        
        
          Make your video public, unlisted, or private
        
  "
[12069] clickable "Default set to local time zone (GMT+0530)"
[2026-06-01 09:09:39] [OUT] ---

[2026-06-01 09:09:40] [CMD] browseros-cli click -p 312 11955
[2026-06-01 09:09:40] [EXIT] 0
[2026-06-01 09:09:40] [OUT] ---
Clicked [11955] at (310, 490)
[2026-06-01 09:09:40] [OUT] ---

[2026-06-01 09:09:43] [CMD] browseros-cli snap -p 312
[2026-06-01 09:09:43] [EXIT] 0
[2026-06-01 09:09:43] [OUT] ---
[12322] clickable "13"
[12323] clickable "14"
[12324] clickable "15"
[12325] clickable "16"
[12326] clickable "17"
[12327] clickable "18"
[12328] clickable "19"
[12329] clickable "20"
[12330] clickable "21"
[12331] clickable "22"
[12332] clickable "23"
[12333] clickable "24"
[12334] clickable "25"
[12335] clickable "26"
[12336] clickable "27"
[12337] clickable "28"
[12338] clickable "29"
[12339] clickable "30"
[12340] clickable "31"
[12348] clickable "1"
[12349] clickable "2"
[12350] clickable "3"
[12351] clickable "4"
[12352] clickable "5"
[12353] clickable "6"
[12354] clickable "7"
[12355] clickable "8"
[12356] clickable "9"
[12357] clickable "10"
[12358] clickable "11"
[12359] clickable "12"
[12360] clickable "13"
[12361] clickable "14"
[12362] clickable "15"
[12363] clickable "16"
[12364] clickable "17"
[12365] clickable "18"
[12366] clickable "19"
[12367] clickable "20"
[12368] clickable "21"
[12369] clickable "22"
[12370] clickable "23"
[12371] clickable "24"
[12372] clickable "25"
[12373] clickable "26"
[12374] clickable "27"
[12375] clickable "28"
[12376] clickable "29"
[12377] clickable "30"
[12378] clickable "31"
[2026-06-01 09:09:43] [OUT] ---

[2026-06-01 09:09:44] [CMD] browseros-cli fill -p 312 12162 Jun 17, 2026
[2026-06-01 09:09:44] [EXIT] 0
[2026-06-01 09:09:44] [OUT] ---
Typed 12 characters into [12162] at (327, 124)
[2026-06-01 09:09:44] [OUT] ---

[2026-06-01 09:09:46] [CMD] browseros-cli key -p 312 Enter
[2026-06-01 09:09:46] [EXIT] 0
[2026-06-01 09:09:46] [OUT] ---
Pressed Enter
[2026-06-01 09:09:46] [OUT] ---
[2026-06-01 09:09:48] [INFO] Setting time...

[2026-06-01 09:09:49] [CMD] browseros-cli snap -p 312
[2026-06-01 09:09:49] [EXIT] 0
[2026-06-01 09:09:49] [OUT] ---
[942] button "Sort by Views"
[1492] button "Send Feedback"
[1504] button "Close"
[2176] tab "Details"
[2187] tab "Video elements"
[2198] tab "Checks"
[2209] tab "Visibility" (selected)
[11393] button "Click to expand"
[11955] button "Jun 17, 2026"
[11959] button "Jun 17, 2026"
[11985] textbox value="12:00 AM"
[12068] button "Time zone"
[11342] link "Learn more"
[11347] link "Learn more"
[11756] button "Play"
[11759] button "Mute"
[11599] slider "volume"
[11763] button "Settings"
[11788] button "Full screen"
[11375] link "https://youtube.com/shorts/C94HJ7A9UAE"
[11378] button "Copy video link"
[1592] button "Back"
[1606] button "Schedule"
[546] clickable "Inspiration
        


  
      Videos
    


  
        Shorts
      


  
        Live
      


  "
[11354] clickable "Save or publish
        
        
          Make your video public, unlisted, or private
        
  "
[12069] clickable "Default set to local time zone (GMT+0530)"
[2026-06-01 09:09:49] [OUT] ---
[2026-06-01 09:09:49] [INFO] Clicking time input box to open dropdown...

[2026-06-01 09:09:50] [CMD] browseros-cli click -p 312 11985
[2026-06-01 09:09:50] [EXIT] 0
[2026-06-01 09:09:50] [OUT] ---
Clicked [11985] at (466, 490)
[2026-06-01 09:09:50] [OUT] ---

[2026-06-01 09:09:53] [CMD] browseros-cli snap -p 312
[2026-06-01 09:09:53] [EXIT] 0
[2026-06-01 09:09:53] [OUT] ---
[12977] option "6:15 PM"
[12978] option "6:30 PM"
[12979] option "6:45 PM"
[12980] option "7:00 PM"
[12981] option "7:15 PM"
[12982] option "7:30 PM"
[12983] option "7:45 PM"
[12984] option "8:00 PM"
[12985] option "8:15 PM"
[12986] option "8:30 PM"
[12987] option "8:45 PM"
[12988] option "9:00 PM"
[12989] option "9:15 PM"
[12990] option "9:30 PM"
[12991] option "9:45 PM"
[12992] option "10:00 PM"
[12993] option "10:15 PM"
[12994] option "10:30 PM"
[12995] option "10:45 PM"
[12996] option "11:00 PM"
[12997] option "11:15 PM"
[12998] option "11:30 PM"
[12999] option "11:45 PM"
[546] clickable "Inspiration
        


  
      Videos
    


  
        Shorts
      


  
        Live
      


  "
[11354] clickable "Save or publish
        
        
          Make your video public, unlisted, or private
        
  "
[12069] clickable "Default set to local time zone (GMT+0530)"
[2026-06-01 09:09:53] [OUT] ---
[2026-06-01 09:09:53] [INFO] Clicking time option ref: 12982 for 7:30 PM

[2026-06-01 09:09:54] [CMD] browseros-cli click -p 312 12982
[2026-06-01 09:09:54] [EXIT] 0
[2026-06-01 09:09:54] [OUT] ---
Clicked [12982] at (466, 316)
[2026-06-01 09:09:54] [OUT] ---
[2026-06-01 09:09:56] [INFO] Date and time filled successfully
[2026-06-01 09:09:56] [INFO] ========================================
[2026-06-01 09:09:56] [INFO]   Phase 8: User Verification
[2026-06-01 09:09:56] [INFO] ========================================
[2026-06-01 09:09:56] [INFO] 
[2026-06-01 09:09:56] [INFO] ============================================
[2026-06-01 09:09:56] [INFO]   SCHEDULED REEL REVIEW
[2026-06-01 09:09:56] [INFO] ============================================
[2026-06-01 09:09:56] [INFO]   Asset ID: 32
[2026-06-01 09:09:56] [INFO]   Project:  project-1
[2026-06-01 09:09:56] [INFO]   Date:     2026-06-17 (Wednesday)
[2026-06-01 09:09:56] [INFO]   Time:     19:30:00
[2026-06-01 09:09:56] [INFO] ============================================
[2026-06-01 09:09:56] [INFO] 
[2026-06-01 09:09:56] [INFO] [YOLO] Finding 'Schedule' button...

[2026-06-01 09:09:57] [CMD] browseros-cli snap -p 312
[2026-06-01 09:09:57] [EXIT] 0
[2026-06-01 09:09:57] [OUT] ---
[942] button "Sort by Views"
[1492] button "Send Feedback"
[1504] button "Close"
[2176] tab "Details"
[2187] tab "Video elements"
[2198] tab "Checks"
[2209] tab "Visibility" (selected)
[11393] button "Click to expand"
[11955] button "Jun 17, 2026"
[11959] button "Jun 17, 2026"
[11985] textbox value="7:30 PM"
[12068] button "Time zone"
[11342] link "Learn more"
[11347] link "Learn more"
[11756] button "Play"
[11759] button "Mute"
[11599] slider "volume"
[11763] button "Settings"
[11788] button "Full screen"
[11375] link "https://youtube.com/shorts/C94HJ7A9UAE"
[11378] button "Copy video link"
[1592] button "Back"
[1606] button "Schedule"
[546] clickable "Inspiration
        


  
      Videos
    


  
        Shorts
      


  
        Live
      


  "
[11354] clickable "Save or publish
        
        
          Make your video public, unlisted, or private
        
  "
[12069] clickable "Default set to local time zone (GMT+0530)"
[2026-06-01 09:09:57] [OUT] ---
[2026-06-01 09:09:57] [INFO] Clicking 'Schedule' button (ref: 1606)...

[2026-06-01 09:09:58] [CMD] browseros-cli click -p 312 1606
[2026-06-01 09:09:58] [EXIT] 0
[2026-06-01 09:09:58] [OUT] ---
Clicked [1606] at (1047, 697)
[2026-06-01 09:09:58] [OUT] ---
[2026-06-01 09:10:08] [INFO] Marking asset 32 as uploaded for youtube...
[2026-06-01 09:10:08] [DEBUG] mark_uploaded output: {"success": true, "id": "32", "platform": "youtube"}
[2026-06-01 09:10:08] [INFO] Marking asset 32 as scheduled for youtube...
[2026-06-01 09:10:08] [DEBUG] mark_scheduled output: {"success": true, "id": "32", "platform": "youtube"}
[2026-06-01 09:10:08] [INFO] Tracker updated for asset 32
[2026-06-01 09:10:08] [INFO] ========================================
[2026-06-01 09:10:08] [INFO]   Phase 9: Close Browser Tab
[2026-06-01 09:10:08] [INFO] ========================================

[2026-06-01 09:10:09] [CMD] browseros-cli close -p 312
[2026-06-01 09:10:09] [EXIT] 0
[2026-06-01 09:10:09] [OUT] ---
Closed page 312
[2026-06-01 09:10:09] [OUT] ---
[2026-06-01 09:10:09] [INFO] Browser tab closed
[2026-06-01 09:10:09] [INFO] ========================================
[2026-06-01 09:10:09] [INFO]   Processing Schedule Entry 11 / 23
[2026-06-01 09:10:09] [INFO] ========================================
[2026-06-01 09:10:09] [INFO] Date: 2026-06-18, Day: Thursday, Time: 19:00:00
[2026-06-01 09:10:09] [INFO] ========================================
[2026-06-01 09:10:09] [INFO]   Phase 1: Identify Project and Asset
[2026-06-01 09:10:09] [INFO] ========================================
[2026-06-01 09:10:09] [INFO] Fetching mapped post for project 1...
[2026-06-01 09:10:09] [DEBUG] get_mapped_post exit=0 output='ID: 33
Caption: 🍯 Classic Honey-Glazed Yeast Donuts 🍞
Recipe: 
Ingredients: 🥨 Yeast dough (flour, 🍞 yeast, 🥛 milk, 🍬 sugar, 🧈 butter), 🍬 2 cups powdered sugar, 🥛 1/4 cup milk, 🍦 1 tsp vanilla extract, 🍯 1 tbsp honey. 
Steps: 👨‍🍳 Prepare the dough and let it rise until doubled. 🥣 Roll out and cut into rings; let rise again for 30 mins. 🔥 Deep fry in 350°F oil for 60-90 seconds per side until golden. ⏲️ Whisk powdered sugar, milk, vanilla, and honey to make the glaze. 🍳 Dip the warm donuts into the glaze and let set on a wire rack.
#donut #pastry #sweet #baking #breakfast #dessert #glazeddonut #donuts 🌮🍱'
[2026-06-01 09:10:09] [INFO] Asset ID: 33
[2026-06-01 09:10:09] [INFO] Title length: 37 chars
[2026-06-01 09:10:09] [INFO] Description length: 555 chars
[2026-06-01 09:10:09] [INFO] Asset path: /Users/dsen/Projects/ai-post-maker/project-1/assets/33.mp4
[2026-06-01 09:10:09] [INFO] ========================================
[2026-06-01 09:10:09] [INFO]   Phase 2: Open YouTube Upload Page
[2026-06-01 09:10:09] [INFO] ========================================
[2026-06-01 09:10:09] [INFO] Opening new page: https://www.youtube.com/upload

[2026-06-01 09:10:10] [CMD] browseros-cli open https://www.youtube.com/upload --json
[2026-06-01 09:10:10] [EXIT] 0
[2026-06-01 09:10:10] [OUT] ---
{"background":false,"hidden":false,"pageId":314,"url":"https://www.youtube.com/upload"}
[2026-06-01 09:10:10] [OUT] ---
[2026-06-01 09:10:10] [INFO] Page opened with ID: 314
[2026-06-01 09:10:15] [INFO] Page loaded successfully
[2026-06-01 09:10:15] [INFO] ========================================
[2026-06-01 09:10:15] [INFO]   Phase 3: Upload the Video File
[2026-06-01 09:10:15] [INFO] ========================================
[2026-06-01 09:10:15] [INFO] Exposing hidden file input...

[2026-06-01 09:10:16] [CMD] browseros-cli eval -p 314 document.querySelectorAll('input[type="file"]').forEach((i, idx) => { i.removeAttribute('aria-hidden'); i.style.display='block'; i.style.visibility='visible'; i.style.opacity='1'; i.style.position='static'; i.style.width='100px'; i.style.height='50px'; i.style.zIndex='999999'; i.title='Upload Video File'; });
[2026-06-01 09:10:16] [EXIT] 0
[2026-06-01 09:10:16] [OUT] ---
undefined
[2026-06-01 09:10:16] [OUT] ---
[2026-06-01 09:10:18] [INFO] Taking snapshot to find file input...

[2026-06-01 09:10:19] [CMD] browseros-cli snap -p 314
[2026-06-01 09:10:19] [EXIT] 0
[2026-06-01 09:10:19] [OUT] ---
[346] menuitem "Content"
[366] menuitem "Analytics"
[385] menuitem "Community"
[404] menuitem "Subtitles"
[423] menuitem "Content detection"
[442] menuitem "Earn"
[7] menuitem "Customization"
[479] menuitem "Audio library"
[504] button "Settings"
[517] button "Send feedback"
[565] tab "Inspiration"
[568] tab "Videos" (selected)
[570] tab "Shorts"
[573] tab "Live"
[576] tab "Posts"
[579] tab "Playlists"
[582] tab "Podcasts"
[585] tab "Promotions"
[591] tab "Collaborations"
[10] textbox "Filter"
[792] checkbox
[905] button "Sort by Date"
[942] button "Sort by Views"
[1492] button "Send Feedback"
[1504] button "Close"
[1537] button "Select files"
[1542] button "Choose Files"
[1546] link "Terms of Service"
[1547] link "Community Guidelines"
[1551] link "Learn more"
[546] clickable "Inspiration
        


  
      Videos
    


  
        Shorts
      


  
        Live
      


  "
[2026-06-01 09:10:19] [OUT] ---

[2026-06-01 09:10:20] [CMD] browseros-cli snap -p 314
[2026-06-01 09:10:20] [EXIT] 0
[2026-06-01 09:10:20] [OUT] ---
[346] menuitem "Content"
[366] menuitem "Analytics"
[385] menuitem "Community"
[404] menuitem "Subtitles"
[423] menuitem "Content detection"
[442] menuitem "Earn"
[7] menuitem "Customization"
[479] menuitem "Audio library"
[504] button "Settings"
[517] button "Send feedback"
[565] tab "Inspiration"
[568] tab "Videos" (selected)
[570] tab "Shorts"
[573] tab "Live"
[576] tab "Posts"
[579] tab "Playlists"
[582] tab "Podcasts"
[585] tab "Promotions"
[591] tab "Collaborations"
[10] textbox "Filter"
[792] checkbox
[905] button "Sort by Date"
[942] button "Sort by Views"
[1492] button "Send Feedback"
[1504] button "Close"
[1537] button "Select files"
[1542] button "Choose Files"
[1546] link "Terms of Service"
[1547] link "Community Guidelines"
[1551] link "Learn more"
[546] clickable "Inspiration
        


  
      Videos
    


  
        Shorts
      


  
        Live
      


  "
[2026-06-01 09:10:20] [OUT] ---

[2026-06-01 09:10:21] [CMD] browseros-cli snap -p 314
[2026-06-01 09:10:21] [EXIT] 0
[2026-06-01 09:10:21] [OUT] ---
[346] menuitem "Content"
[366] menuitem "Analytics"
[385] menuitem "Community"
[404] menuitem "Subtitles"
[423] menuitem "Content detection"
[442] menuitem "Earn"
[7] menuitem "Customization"
[479] menuitem "Audio library"
[504] button "Settings"
[517] button "Send feedback"
[565] tab "Inspiration"
[568] tab "Videos" (selected)
[570] tab "Shorts"
[573] tab "Live"
[576] tab "Posts"
[579] tab "Playlists"
[582] tab "Podcasts"
[585] tab "Promotions"
[591] tab "Collaborations"
[10] textbox "Filter"
[792] checkbox
[905] button "Sort by Date"
[942] button "Sort by Views"
[1492] button "Send Feedback"
[1504] button "Close"
[1537] button "Select files"
[1542] button "Choose Files"
[1546] link "Terms of Service"
[1547] link "Community Guidelines"
[1551] link "Learn more"
[546] clickable "Inspiration
        


  
      Videos
    


  
        Shorts
      


  
        Live
      


  "
[2026-06-01 09:10:21] [OUT] ---
[2026-06-01 09:10:21] [INFO] Attempting upload to ref: 1542...

[2026-06-01 09:10:22] [CMD] browseros-cli upload -p 314 1542 /Users/dsen/Projects/ai-post-maker/project-1/assets/33.mp4
[2026-06-01 09:10:22] [EXIT] 0
[2026-06-01 09:10:22] [OUT] ---
Set 1 file(s) on [1542]
[2026-06-01 09:10:22] [OUT] ---
[2026-06-01 09:10:27] [INFO] Waiting for 'Details' screen to appear...

[2026-06-01 09:10:28] [CMD] browseros-cli snap -p 314
[2026-06-01 09:10:28] [EXIT] 0
[2026-06-01 09:10:28] [OUT] ---
[1504] button "Close"
[2174] tab "Details" (selected)
[2185] tab "Video elements"
[2196] tab "Checks"
[2207] tab "Visibility"
[1971] button "Reuse details"
[2287] textbox "Add a title that describes your video (type @ to mention a channel)" value="33" (required)
[2514] button "Add all"
[2400] button "Options"
[2805] button "Personalized suggestion illustration #appetizer"
[2815] button "#strawberry"
[2825] button "Personalized suggestion illustration #baking"
[2030] textbox "Tell viewers about your video (type @ to mention a channel)"
[2250] link "Learn more about playlists"
[2256] button "Select playlists"
[2260] button "Select"
[2083] link "What's content made for kids?"
[2090] link "Learn more about video's audience settings"
[2093] radio "Yes, it's made for kids . Features like personalized ads and notifications won’t be available on videos made for kids. Videos that are set as made for kids by you are more likely to be recommended alongside other kids’ videos. Learn more"
[2097] link "Learn more"
[2098] radio "No, it's not made for kids"
[2015] button "Age restriction (advanced)"
[2171] button "Show advanced settings"
[2233] link "https://youtube.com/shorts/G3VgwvGUwUM"
[2236] button "Copy video link"
[1599] button "Next"
[546] clickable "Inspiration
        


  
      Videos
    


  
        Shorts
      


  
        Live
      


  "
[2403] clickable "The following suggestions were automatically generated based on your existing content. You can add
  and edit them to help viewers discover, understand, and engage with your content."
[2092] clickable "Yes, it's made for kids.
          Features like personalized ads and notifications won’t be availab"
[2026-06-01 09:10:28] [OUT] ---
[2026-06-01 09:10:28] [INFO] Video uploaded and Details screen reached
[2026-06-01 09:10:28] [INFO] ========================================
[2026-06-01 09:10:28] [INFO]   Phase 4: Fill Details
[2026-06-01 09:10:28] [INFO] ========================================
[2026-06-01 09:10:28] [INFO] Finding Title field...

[2026-06-01 09:10:29] [CMD] browseros-cli snap -p 314
[2026-06-01 09:10:29] [EXIT] 0
[2026-06-01 09:10:29] [OUT] ---
[1504] button "Close"
[2174] tab "Details" (selected)
[2185] tab "Video elements"
[2196] tab "Checks"
[2207] tab "Visibility"
[1971] button "Reuse details"
[2287] textbox "Add a title that describes your video (type @ to mention a channel)" value="33" (required)
[2514] button "Add all"
[2400] button "Options"
[2805] button "Personalized suggestion illustration #appetizer"
[2815] button "#strawberry"
[2825] button "Personalized suggestion illustration #baking"
[2030] textbox "Tell viewers about your video (type @ to mention a channel)"
[2250] link "Learn more about playlists"
[2256] button "Select playlists"
[2260] button "Select"
[2083] link "What's content made for kids?"
[2090] link "Learn more about video's audience settings"
[2093] radio "Yes, it's made for kids . Features like personalized ads and notifications won’t be available on videos made for kids. Videos that are set as made for kids by you are more likely to be recommended alongside other kids’ videos. Learn more"
[2097] link "Learn more"
[2098] radio "No, it's not made for kids"
[2015] button "Age restriction (advanced)"
[2171] button "Show advanced settings"
[2233] link "https://youtube.com/shorts/G3VgwvGUwUM"
[2236] button "Copy video link"
[1599] button "Next"
[546] clickable "Inspiration
        


  
      Videos
    


  
        Shorts
      


  
        Live
      


  "
[2403] clickable "The following suggestions were automatically generated based on your existing content. You can add
  and edit them to help viewers discover, understand, and engage with your content."
[2092] clickable "Yes, it's made for kids.
          Features like personalized ads and notifications won’t be availab"
[2026-06-01 09:10:29] [OUT] ---
[2026-06-01 09:10:29] [INFO] Filling Title...

[2026-06-01 09:10:30] [CMD] browseros-cli fill -p 314 2287 🍯 Classic Honey-Glazed Yeast Donuts 🍞
[2026-06-01 09:10:30] [EXIT] 0
[2026-06-01 09:10:30] [OUT] ---
Typed 39 characters into [2287] at (472, 229)
[2026-06-01 09:10:30] [OUT] ---
[2026-06-01 09:10:32] [INFO] Finding Description field...

[2026-06-01 09:10:33] [CMD] browseros-cli snap -p 314
[2026-06-01 09:10:33] [EXIT] 0
[2026-06-01 09:10:33] [OUT] ---
[1504] button "Close"
[2174] tab "Details" (selected)
[2185] tab "Video elements"
[2196] tab "Checks"
[2207] tab "Visibility"
[1971] button "Reuse details"
[2287] textbox "Add a title that describes your video (type @ to mention a channel)" value="🍯 Classic Honey-Glazed Yeast Donuts 🍞" (required)
[2514] button "Add all"
[2400] button "Options"
[2805] button "Personalized suggestion illustration #appetizer"
[2815] button "#strawberry"
[2825] button "Personalized suggestion illustration #baking"
[2030] textbox "Tell viewers about your video (type @ to mention a channel)"
[2250] link "Learn more about playlists"
[2256] button "Select playlists"
[2260] button "Select"
[2083] link "What's content made for kids?"
[2090] link "Learn more about video's audience settings"
[2093] radio "Yes, it's made for kids . Features like personalized ads and notifications won’t be available on videos made for kids. Videos that are set as made for kids by you are more likely to be recommended alongside other kids’ videos. Learn more"
[2097] link "Learn more"
[2098] radio "No, it's not made for kids"
[2015] button "Age restriction (advanced)"
[2171] button "Show advanced settings"
[2233] link "https://youtube.com/shorts/G3VgwvGUwUM"
[2236] button "Copy video link"
[1599] button "Next"
[546] clickable "Inspiration
        


  
      Videos
    


  
        Shorts
      


  
        Live
      


  "
[2403] clickable "The following suggestions were automatically generated based on your existing content. You can add
  and edit them to help viewers discover, understand, and engage with your content."
[2092] clickable "Yes, it's made for kids.
          Features like personalized ads and notifications won’t be availab"
[2026-06-01 09:10:33] [OUT] ---
[2026-06-01 09:10:33] [INFO] Filling Description...

[2026-06-01 09:10:36] [CMD] browseros-cli fill -p 314 2030 Recipe: 
Ingredients: 🥨 Yeast dough (flour, 🍞 yeast, 🥛 milk, 🍬 sugar, 🧈 butter), 🍬 2 cups powdered sugar, 🥛 1/4 cup milk, 🍦 1 tsp vanilla extract, 🍯 1 tbsp honey. 
Steps: 👨‍🍳 Prepare the dough and let it rise until doubled. 🥣 Roll out and cut into rings; let rise again for 30 mins. 🔥 Deep fry in 350°F oil for 60-90 seconds per side until golden. ⏲️ Whisk powdered sugar, milk, vanilla, and honey to make the glaze. 🍳 Dip the warm donuts into the glaze and let set on a wire rack.
#donut #pastry #sweet #baking #breakfast #dessert #glazeddonut #donuts 🌮🍱
[2026-06-01 09:10:36] [EXIT] 0
[2026-06-01 09:10:36] [OUT] ---
Typed 571 characters into [2030] at (472, 490)
[2026-06-01 09:10:36] [OUT] ---
[2026-06-01 09:10:38] [INFO] Selecting 'Not made for kids'...

[2026-06-01 09:10:39] [CMD] browseros-cli snap -p 314
[2026-06-01 09:10:39] [EXIT] 0
[2026-06-01 09:10:39] [OUT] ---
[905] button "Sort by Date"
[942] button "Sort by Views"
[1492] button "Send Feedback"
[1504] button "Close"
[2174] tab "Details" (selected)
[2185] tab "Video elements"
[2196] tab "Checks"
[2207] tab "Visibility"
[1971] button "Reuse details"
[2287] textbox "Add a title that describes your video (type @ to mention a channel)" value="🍯 Classic Honey-Glazed Yeast Donuts 🍞" (required)
[2030] textbox "Tell viewers about your video (type @ to mention a channel)" value="Recipe: 
Ingredients: 🥨 Yeast dough (flour, 🍞 yeast, 🥛 milk, 🍬 sugar, 🧈 butter), 🍬 2 cups powdered sugar, 🥛 1/4 cup milk, 🍦 1 tsp vanilla extract, 🍯 1 tbsp honey. 
Steps: 👨‍🍳 Prepare the dough and let it rise until doubled. 🥣 Roll out and cut into rings; let rise again for 30 mins. 🔥 Deep fry in 350°F oil for 60-90 seconds per side until golden. ⏲️ Whisk powdered sugar, milk, vanilla, and honey to make the glaze. 🍳 Dip the warm donuts into the glaze and let set on a wire rack.
#donut #pastry #sweet #baking #breakfast #dessert #glazeddonut #donuts 🌮🍱
"
[2250] link "Learn more about playlists"
[2256] button "Select playlists"
[2260] button "Select"
[2083] link "What's content made for kids?"
[2090] link "Learn more about video's audience settings"
[2093] radio "Yes, it's made for kids . Features like personalized ads and notifications won’t be available on videos made for kids. Videos that are set as made for kids by you are more likely to be recommended alongside other kids’ videos. Learn more"
[2097] link "Learn more"
[2098] radio "No, it's not made for kids"
[2015] button "Age restriction (advanced)"
[2171] button "Show advanced settings"
[2233] link "https://youtube.com/shorts/G3VgwvGUwUM"
[2236] button "Copy video link"
[1599] button "Next"
[546] clickable "Inspiration
        


  
      Videos
    


  
        Shorts
      


  
        Live
      


  "
[2092] clickable "Yes, it's made for kids.
          Features like personalized ads and notifications won’t be availab"
[2026-06-01 09:10:39] [OUT] ---

[2026-06-01 09:10:40] [CMD] browseros-cli click -p 314 2098
[2026-06-01 09:10:40] [EXIT] 0
[2026-06-01 09:10:40] [OUT] ---
Clicked [2098] at (303, 464)
[2026-06-01 09:10:40] [OUT] ---
[2026-06-01 09:10:40] [INFO] Selected 'Not made for kids'
[2026-06-01 09:10:42] [INFO] ========================================
[2026-06-01 09:10:42] [INFO]   Phase 5: Navigate to Visibility Screen
[2026-06-01 09:10:42] [INFO] ========================================

[2026-06-01 09:10:43] [CMD] browseros-cli snap -p 314
[2026-06-01 09:10:43] [EXIT] 0
[2026-06-01 09:10:43] [OUT] ---
[905] button "Sort by Date"
[942] button "Sort by Views"
[1492] button "Send Feedback"
[1504] button "Close"
[2174] tab "Details" (selected)
[2185] tab "Video elements"
[2196] tab "Checks"
[2207] tab "Visibility"
[1971] button "Reuse details"
[2287] textbox "Add a title that describes your video (type @ to mention a channel)" value="🍯 Classic Honey-Glazed Yeast Donuts 🍞" (required)
[2030] textbox "Tell viewers about your video (type @ to mention a channel)" value="Recipe: 
Ingredients: 🥨 Yeast dough (flour, 🍞 yeast, 🥛 milk, 🍬 sugar, 🧈 butter), 🍬 2 cups powdered sugar, 🥛 1/4 cup milk, 🍦 1 tsp vanilla extract, 🍯 1 tbsp honey. 
Steps: 👨‍🍳 Prepare the dough and let it rise until doubled. 🥣 Roll out and cut into rings; let rise again for 30 mins. 🔥 Deep fry in 350°F oil for 60-90 seconds per side until golden. ⏲️ Whisk powdered sugar, milk, vanilla, and honey to make the glaze. 🍳 Dip the warm donuts into the glaze and let set on a wire rack.
#donut #pastry #sweet #baking #breakfast #dessert #glazeddonut #donuts 🌮🍱
"
[2250] link "Learn more about playlists"
[2256] button "Select playlists"
[2260] button "Select"
[2083] link "What's content made for kids?"
[2090] link "Learn more about video's audience settings"
[2093] radio "Yes, it's made for kids . Features like personalized ads and notifications won’t be available on videos made for kids. Videos that are set as made for kids by you are more likely to be recommended alongside other kids’ videos. Learn more"
[2097] link "Learn more"
[2098] radio "No, it's not made for kids"
[2015] button "Age restriction (advanced)"
[2171] button "Show advanced settings"
[2233] link "https://youtube.com/shorts/G3VgwvGUwUM"
[2236] button "Copy video link"
[1599] button "Next"
[546] clickable "Inspiration
        


  
      Videos
    


  
        Shorts
      


  
        Live
      


  "
[2092] clickable "Yes, it's made for kids.
          Features like personalized ads and notifications won’t be availab"
[2026-06-01 09:10:43] [OUT] ---
[2026-06-01 09:10:43] [INFO] Clicking Next (1/3)...

[2026-06-01 09:10:44] [CMD] browseros-cli click -p 314 1599
[2026-06-01 09:10:44] [EXIT] 0
[2026-06-01 09:10:44] [OUT] ---
Clicked [1599] at (1061, 697)
[2026-06-01 09:10:44] [OUT] ---

[2026-06-01 09:10:48] [CMD] browseros-cli snap -p 314
[2026-06-01 09:10:48] [EXIT] 0
[2026-06-01 09:10:48] [OUT] ---
[423] menuitem "Content detection"
[442] menuitem "Earn"
[7] menuitem "Customization"
[479] menuitem "Audio library"
[504] button "Settings"
[517] button "Send feedback"
[565] tab "Inspiration"
[568] tab "Videos" (selected)
[570] tab "Shorts"
[573] tab "Live"
[576] tab "Posts"
[579] tab "Playlists"
[582] tab "Podcasts"
[585] tab "Promotions"
[591] tab "Collaborations"
[10] textbox "Filter"
[792] checkbox
[905] button "Sort by Date"
[942] button "Sort by Views"
[1492] button "Send Feedback"
[1504] button "Close"
[2174] tab "Details"
[2185] tab "Video elements" (selected)
[2196] tab "Checks"
[2207] tab "Visibility"
[10623] link "Learn more"
[10861] button "Add"
[10667] button "Add" (disabled)
[1592] button "Back"
[1599] button "Next"
[546] clickable "Inspiration
        


  
      Videos
    


  
        Shorts
      


  
        Live
      


  "
[2026-06-01 09:10:48] [OUT] ---

[2026-06-01 09:10:49] [CMD] browseros-cli snap -p 314
[2026-06-01 09:10:49] [EXIT] 0
[2026-06-01 09:10:49] [OUT] ---
[423] menuitem "Content detection"
[442] menuitem "Earn"
[7] menuitem "Customization"
[479] menuitem "Audio library"
[504] button "Settings"
[517] button "Send feedback"
[565] tab "Inspiration"
[568] tab "Videos" (selected)
[570] tab "Shorts"
[573] tab "Live"
[576] tab "Posts"
[579] tab "Playlists"
[582] tab "Podcasts"
[585] tab "Promotions"
[591] tab "Collaborations"
[10] textbox "Filter"
[792] checkbox
[905] button "Sort by Date"
[942] button "Sort by Views"
[1492] button "Send Feedback"
[1504] button "Close"
[2174] tab "Details"
[2185] tab "Video elements" (selected)
[2196] tab "Checks"
[2207] tab "Visibility"
[10623] link "Learn more"
[10861] button "Add"
[10667] button "Add" (disabled)
[1592] button "Back"
[1599] button "Next"
[546] clickable "Inspiration
        


  
      Videos
    


  
        Shorts
      


  
        Live
      


  "
[2026-06-01 09:10:49] [OUT] ---
[2026-06-01 09:10:49] [INFO] Clicking Next (2/3)...

[2026-06-01 09:10:50] [CMD] browseros-cli click -p 314 1599
[2026-06-01 09:10:50] [EXIT] 0
[2026-06-01 09:10:50] [OUT] ---
Clicked [1599] at (1061, 697)
[2026-06-01 09:10:50] [OUT] ---

[2026-06-01 09:10:54] [CMD] browseros-cli snap -p 314
[2026-06-01 09:10:54] [EXIT] 0
[2026-06-01 09:10:54] [OUT] ---
[7] menuitem "Customization"
[479] menuitem "Audio library"
[504] button "Settings"
[517] button "Send feedback"
[565] tab "Inspiration"
[568] tab "Videos" (selected)
[570] tab "Shorts"
[573] tab "Live"
[576] tab "Posts"
[579] tab "Playlists"
[582] tab "Podcasts"
[585] tab "Promotions"
[591] tab "Collaborations"
[10] textbox "Filter"
[792] checkbox
[905] button "Sort by Date"
[942] button "Sort by Views"
[1492] button "Send Feedback"
[1504] button "Close"
[2174] tab "Details"
[2185] tab "Video elements"
[2196] tab "Checks" (selected)
[2207] tab "Visibility"
[11073] link "Learn more"
[11118] link "Learn more"
[11085] button "Send feedback"
[1592] button "Back"
[1599] button "Next"
[546] clickable "Inspiration
        


  
      Videos
    


  
        Shorts
      


  
        Live
      


  "
[11084] clickable "Send feedback"
[11086] clickable "Send feedback"
[2026-06-01 09:10:54] [OUT] ---

[2026-06-01 09:10:55] [CMD] browseros-cli snap -p 314
[2026-06-01 09:10:55] [EXIT] 0
[2026-06-01 09:10:55] [OUT] ---
[7] menuitem "Customization"
[479] menuitem "Audio library"
[504] button "Settings"
[517] button "Send feedback"
[565] tab "Inspiration"
[568] tab "Videos" (selected)
[570] tab "Shorts"
[573] tab "Live"
[576] tab "Posts"
[579] tab "Playlists"
[582] tab "Podcasts"
[585] tab "Promotions"
[591] tab "Collaborations"
[10] textbox "Filter"
[792] checkbox
[905] button "Sort by Date"
[942] button "Sort by Views"
[1492] button "Send Feedback"
[1504] button "Close"
[2174] tab "Details"
[2185] tab "Video elements"
[2196] tab "Checks" (selected)
[2207] tab "Visibility"
[11073] link "Learn more"
[11118] link "Learn more"
[11085] button "Send feedback"
[1592] button "Back"
[1599] button "Next"
[546] clickable "Inspiration
        


  
      Videos
    


  
        Shorts
      


  
        Live
      


  "
[11084] clickable "Send feedback"
[11086] clickable "Send feedback"
[2026-06-01 09:10:55] [OUT] ---
[2026-06-01 09:10:55] [INFO] Clicking Next (3/3)...

[2026-06-01 09:10:56] [CMD] browseros-cli click -p 314 1599
[2026-06-01 09:10:56] [EXIT] 0
[2026-06-01 09:10:56] [OUT] ---
Clicked [1599] at (1061, 697)
[2026-06-01 09:10:56] [OUT] ---

[2026-06-01 09:11:00] [CMD] browseros-cli snap -p 314
[2026-06-01 09:11:00] [EXIT] 0
[2026-06-01 09:11:00] [OUT] ---
[1504] button "Close"
[2174] tab "Details"
[2185] tab "Video elements"
[2196] tab "Checks"
[2207] tab "Visibility" (selected)
[11268] radio "Private"
[11278] radio "Unlisted"
[11287] radio "Public"
[11214] button "Click to expand"
[11149] link "Learn more"
[11154] link "Learn more"
[11182] link "https://youtube.com/shorts/G3VgwvGUwUM"
[11185] button "Copy video link"
[1592] button "Back"
[1606] button "Save"
[546] clickable "Inspiration
        


  
      Videos
    


  
        Shorts
      


  
        Live
      


  "
[11225] clickable "Private
          

          
          
            
              Only you and people you choose "
[11208] clickable "Schedule
      
        
          Select a date to make your video public.
        
      
      
 "
[2026-06-01 09:11:00] [OUT] ---
[2026-06-01 09:11:00] [INFO] Reached Visibility screen
[2026-06-01 09:11:00] [INFO] ========================================
[2026-06-01 09:11:00] [INFO]   Phase 6: Open Scheduling Options
[2026-06-01 09:11:00] [INFO] ========================================
[2026-06-01 09:11:00] [INFO] Clicking 'Schedule' option...

[2026-06-01 09:11:01] [CMD] browseros-cli snap -p 314
[2026-06-01 09:11:01] [EXIT] 0
[2026-06-01 09:11:01] [OUT] ---
[1504] button "Close"
[2174] tab "Details"
[2185] tab "Video elements"
[2196] tab "Checks"
[2207] tab "Visibility" (selected)
[11268] radio "Private"
[11278] radio "Unlisted"
[11287] radio "Public"
[11214] button "Click to expand"
[11149] link "Learn more"
[11154] link "Learn more"
[11182] link "https://youtube.com/shorts/G3VgwvGUwUM"
[11185] button "Copy video link"
[1592] button "Back"
[1606] button "Save"
[546] clickable "Inspiration
        


  
      Videos
    


  
        Shorts
      


  
        Live
      


  "
[11225] clickable "Private
          

          
          
            
              Only you and people you choose "
[11208] clickable "Schedule
      
        
          Select a date to make your video public.
        
      
      
 "
[2026-06-01 09:11:01] [OUT] ---

[2026-06-01 09:11:02] [CMD] browseros-cli click -p 314 11208
[2026-06-01 09:11:02] [EXIT] 0
[2026-06-01 09:11:02] [OUT] ---
Clicked [11208] at (472, 574)
[2026-06-01 09:11:02] [OUT] ---
[2026-06-01 09:11:04] [INFO] ========================================
[2026-06-01 09:11:04] [INFO]   Phase 7: Fill Date and Time
[2026-06-01 09:11:04] [INFO] ========================================
[2026-06-01 09:11:04] [INFO] Setting date: Jun 18, 2026, time: 7:00 PM
[2026-06-01 09:11:04] [INFO] Opening date picker...

[2026-06-01 09:11:05] [CMD] browseros-cli snap -p 314
[2026-06-01 09:11:05] [EXIT] 0
[2026-06-01 09:11:05] [OUT] ---
[585] tab "Promotions"
[591] tab "Collaborations"
[10] textbox "Filter"
[792] checkbox
[905] button "Sort by Date"
[942] button "Sort by Views"
[1492] button "Send Feedback"
[1504] button "Close"
[2174] tab "Details"
[2185] tab "Video elements"
[2196] tab "Checks"
[2207] tab "Visibility" (selected)
[11200] button "Click to expand"
[11461] button "Jun 2, 2026"
[11465] button "Jun 2, 2026"
[11491] textbox value="12:00 AM"
[11574] button "Time zone"
[11149] link "Learn more"
[11154] link "Learn more"
[11182] link "https://youtube.com/shorts/G3VgwvGUwUM"
[11185] button "Copy video link"
[1592] button "Back"
[1606] button "Schedule"
[546] clickable "Inspiration
        


  
      Videos
    


  
        Shorts
      


  
        Live
      


  "
[11161] clickable "Save or publish
        
        
          Make your video public, unlisted, or private
        
  "
[11575] clickable "Default set to local time zone (GMT+0530)"
[2026-06-01 09:11:05] [OUT] ---

[2026-06-01 09:11:06] [CMD] browseros-cli click -p 314 11461
[2026-06-01 09:11:06] [EXIT] 0
[2026-06-01 09:11:06] [OUT] ---
Clicked [11461] at (310, 490)
[2026-06-01 09:11:06] [OUT] ---

[2026-06-01 09:11:09] [CMD] browseros-cli snap -p 314
[2026-06-01 09:11:09] [EXIT] 0
[2026-06-01 09:11:09] [OUT] ---
[11828] clickable "13"
[11829] clickable "14"
[11830] clickable "15"
[11831] clickable "16"
[11832] clickable "17"
[11833] clickable "18"
[11834] clickable "19"
[11835] clickable "20"
[11836] clickable "21"
[11837] clickable "22"
[11838] clickable "23"
[11839] clickable "24"
[11840] clickable "25"
[11841] clickable "26"
[11842] clickable "27"
[11843] clickable "28"
[11844] clickable "29"
[11845] clickable "30"
[11846] clickable "31"
[11854] clickable "1"
[11855] clickable "2"
[11856] clickable "3"
[11857] clickable "4"
[11858] clickable "5"
[11859] clickable "6"
[11860] clickable "7"
[11861] clickable "8"
[11862] clickable "9"
[11863] clickable "10"
[11864] clickable "11"
[11865] clickable "12"
[11866] clickable "13"
[11867] clickable "14"
[11868] clickable "15"
[11869] clickable "16"
[11870] clickable "17"
[11871] clickable "18"
[11872] clickable "19"
[11873] clickable "20"
[11874] clickable "21"
[11875] clickable "22"
[11876] clickable "23"
[11877] clickable "24"
[11878] clickable "25"
[11879] clickable "26"
[11880] clickable "27"
[11881] clickable "28"
[11882] clickable "29"
[11883] clickable "30"
[11884] clickable "31"
[2026-06-01 09:11:09] [OUT] ---

[2026-06-01 09:11:10] [CMD] browseros-cli fill -p 314 11668 Jun 18, 2026
[2026-06-01 09:11:10] [EXIT] 0
[2026-06-01 09:11:10] [OUT] ---
Typed 12 characters into [11668] at (327, 124)
[2026-06-01 09:11:10] [OUT] ---

[2026-06-01 09:11:12] [CMD] browseros-cli key -p 314 Enter
[2026-06-01 09:11:12] [EXIT] 0
[2026-06-01 09:11:12] [OUT] ---
Pressed Enter
[2026-06-01 09:11:12] [OUT] ---
[2026-06-01 09:11:14] [INFO] Setting time...

[2026-06-01 09:11:16] [CMD] browseros-cli snap -p 314
[2026-06-01 09:11:16] [EXIT] 0
[2026-06-01 09:11:16] [OUT] ---
[942] button "Sort by Views"
[1492] button "Send Feedback"
[1504] button "Close"
[2174] tab "Details"
[2185] tab "Video elements"
[2196] tab "Checks"
[2207] tab "Visibility" (selected)
[11200] button "Click to expand"
[11461] button "Jun 18, 2026"
[11465] button "Jun 18, 2026"
[11491] textbox value="12:00 AM"
[11574] button "Time zone"
[11149] link "Learn more"
[11154] link "Learn more"
[12183] button "Play"
[12186] button "Mute"
[12026] slider "volume"
[12190] button "Settings"
[12215] button "Full screen"
[11182] link "https://youtube.com/shorts/G3VgwvGUwUM"
[11185] button "Copy video link"
[1592] button "Back"
[1606] button "Schedule"
[546] clickable "Inspiration
        


  
      Videos
    


  
        Shorts
      


  
        Live
      


  "
[11161] clickable "Save or publish
        
        
          Make your video public, unlisted, or private
        
  "
[11575] clickable "Default set to local time zone (GMT+0530)"
[2026-06-01 09:11:16] [OUT] ---
[2026-06-01 09:11:16] [INFO] Clicking time input box to open dropdown...

[2026-06-01 09:11:17] [CMD] browseros-cli click -p 314 11491
[2026-06-01 09:11:17] [EXIT] 0
[2026-06-01 09:11:17] [OUT] ---
Clicked [11491] at (466, 490)
[2026-06-01 09:11:17] [OUT] ---

[2026-06-01 09:11:20] [CMD] browseros-cli snap -p 314
[2026-06-01 09:11:20] [EXIT] 0
[2026-06-01 09:11:20] [OUT] ---
[12784] option "6:15 PM"
[12785] option "6:30 PM"
[12786] option "6:45 PM"
[12787] option "7:00 PM"
[12788] option "7:15 PM"
[12789] option "7:30 PM"
[12790] option "7:45 PM"
[12791] option "8:00 PM"
[12792] option "8:15 PM"
[12793] option "8:30 PM"
[12794] option "8:45 PM"
[12795] option "9:00 PM"
[12796] option "9:15 PM"
[12797] option "9:30 PM"
[12798] option "9:45 PM"
[12799] option "10:00 PM"
[12800] option "10:15 PM"
[12801] option "10:30 PM"
[12802] option "10:45 PM"
[12803] option "11:00 PM"
[12804] option "11:15 PM"
[12805] option "11:30 PM"
[12806] option "11:45 PM"
[546] clickable "Inspiration
        


  
      Videos
    


  
        Shorts
      


  
        Live
      


  "
[11161] clickable "Save or publish
        
        
          Make your video public, unlisted, or private
        
  "
[11575] clickable "Default set to local time zone (GMT+0530)"
[2026-06-01 09:11:20] [OUT] ---
[2026-06-01 09:11:20] [INFO] Clicking time option ref: 12787 for 7:00 PM

[2026-06-01 09:11:21] [CMD] browseros-cli click -p 314 12787
[2026-06-01 09:11:21] [EXIT] 0
[2026-06-01 09:11:21] [OUT] ---
Clicked [12787] at (466, 316)
[2026-06-01 09:11:21] [OUT] ---
[2026-06-01 09:11:23] [INFO] Date and time filled successfully
[2026-06-01 09:11:23] [INFO] ========================================
[2026-06-01 09:11:23] [INFO]   Phase 8: User Verification
[2026-06-01 09:11:23] [INFO] ========================================
[2026-06-01 09:11:23] [INFO] 
[2026-06-01 09:11:23] [INFO] ============================================
[2026-06-01 09:11:23] [INFO]   SCHEDULED REEL REVIEW
[2026-06-01 09:11:23] [INFO] ============================================
[2026-06-01 09:11:23] [INFO]   Asset ID: 33
[2026-06-01 09:11:23] [INFO]   Project:  project-1
[2026-06-01 09:11:23] [INFO]   Date:     2026-06-18 (Thursday)
[2026-06-01 09:11:23] [INFO]   Time:     19:00:00
[2026-06-01 09:11:23] [INFO] ============================================
[2026-06-01 09:11:23] [INFO] 
[2026-06-01 09:11:23] [INFO] [YOLO] Finding 'Schedule' button...

[2026-06-01 09:11:24] [CMD] browseros-cli snap -p 314
[2026-06-01 09:11:24] [EXIT] 0
[2026-06-01 09:11:24] [OUT] ---
[942] button "Sort by Views"
[1492] button "Send Feedback"
[1504] button "Close"
[2174] tab "Details"
[2185] tab "Video elements"
[2196] tab "Checks"
[2207] tab "Visibility" (selected)
[11200] button "Click to expand"
[11461] button "Jun 18, 2026"
[11465] button "Jun 18, 2026"
[11491] textbox value="7:00 PM"
[11574] button "Time zone"
[11149] link "Learn more"
[11154] link "Learn more"
[12183] button "Play"
[12186] button "Mute"
[12026] slider "volume"
[12190] button "Settings"
[12215] button "Full screen"
[11182] link "https://youtube.com/shorts/G3VgwvGUwUM"
[11185] button "Copy video link"
[1592] button "Back"
[1606] button "Schedule"
[546] clickable "Inspiration
        


  
      Videos
    


  
        Shorts
      


  
        Live
      


  "
[11161] clickable "Save or publish
        
        
          Make your video public, unlisted, or private
        
  "
[11575] clickable "Default set to local time zone (GMT+0530)"
[2026-06-01 09:11:24] [OUT] ---
[2026-06-01 09:11:24] [INFO] Clicking 'Schedule' button (ref: 1606)...

[2026-06-01 09:11:25] [CMD] browseros-cli click -p 314 1606
[2026-06-01 09:11:25] [EXIT] 0
[2026-06-01 09:11:25] [OUT] ---
Clicked [1606] at (1047, 697)
[2026-06-01 09:11:25] [OUT] ---
[2026-06-01 09:11:35] [INFO] Marking asset 33 as uploaded for youtube...
[2026-06-01 09:11:35] [DEBUG] mark_uploaded output: {"success": true, "id": "33", "platform": "youtube"}
[2026-06-01 09:11:35] [INFO] Marking asset 33 as scheduled for youtube...
[2026-06-01 09:11:35] [DEBUG] mark_scheduled output: {"success": true, "id": "33", "platform": "youtube"}
[2026-06-01 09:11:35] [INFO] Tracker updated for asset 33
[2026-06-01 09:11:35] [INFO] ========================================
[2026-06-01 09:11:35] [INFO]   Phase 9: Close Browser Tab
[2026-06-01 09:11:35] [INFO] ========================================

[2026-06-01 09:11:36] [CMD] browseros-cli close -p 314
[2026-06-01 09:11:36] [EXIT] 0
[2026-06-01 09:11:36] [OUT] ---
Closed page 314
[2026-06-01 09:11:36] [OUT] ---
[2026-06-01 09:11:36] [INFO] Browser tab closed
[2026-06-01 09:11:36] [INFO] ========================================
[2026-06-01 09:11:36] [INFO]   Processing Schedule Entry 12 / 23
[2026-06-01 09:11:36] [INFO] ========================================
[2026-06-01 09:11:36] [INFO] Date: 2026-06-19, Day: Friday, Time: 10:00:00
[2026-06-01 09:11:36] [INFO] ========================================
[2026-06-01 09:11:36] [INFO]   Phase 1: Identify Project and Asset
[2026-06-01 09:11:36] [INFO] ========================================
[2026-06-01 09:11:36] [INFO] Fetching mapped post for project 1...
[2026-06-01 09:11:36] [DEBUG] get_mapped_post exit=0 output='ID: 34
Caption: 🍞 Thick-Cut Brioche French Toast 🍞
Recipe: 
Ingredients: 🍞 2 thick slices brioche bread, 🥚 2 eggs, 🥛 1/2 cup whole milk, 🪵 1 tsp cinnamon, 🍦 1 tsp vanilla, 🧈 1 tbsp butter, 🍓 fresh raspberries, 🍯 and maple syrup. 
Steps: 👨‍🍳 Whisk eggs, milk, cinnamon, and vanilla in a shallow dish. 🥣 Soak the brioche slices for 1 minute on each side. 🔥 Melt butter in a skillet over medium heat. ⏲️ Fry the bread for 3-4 minutes per side until golden brown and custardy in the middle. 🍳 Top with fresh berries, a dusting of powdered sugar, and warm syrup.
#frenchtoast #breakfast #brunch #brioche #sweet #morning #breakfastideas #frenchtoastlove 🌮🍱'
[2026-06-01 09:11:36] [INFO] Asset ID: 34
[2026-06-01 09:11:36] [INFO] Title length: 34 chars
[2026-06-01 09:11:36] [INFO] Description length: 599 chars
[2026-06-01 09:11:36] [INFO] Asset path: /Users/dsen/Projects/ai-post-maker/project-1/assets/34.mp4
[2026-06-01 09:11:36] [INFO] ========================================
[2026-06-01 09:11:36] [INFO]   Phase 2: Open YouTube Upload Page
[2026-06-01 09:11:36] [INFO] ========================================
[2026-06-01 09:11:36] [INFO] Opening new page: https://www.youtube.com/upload

[2026-06-01 09:11:37] [CMD] browseros-cli open https://www.youtube.com/upload --json
[2026-06-01 09:11:37] [EXIT] 0
[2026-06-01 09:11:37] [OUT] ---
{"background":false,"hidden":false,"pageId":316,"url":"https://www.youtube.com/upload"}
[2026-06-01 09:11:37] [OUT] ---
[2026-06-01 09:11:37] [INFO] Page opened with ID: 316
[2026-06-01 09:11:42] [INFO] Page loaded successfully
[2026-06-01 09:11:42] [INFO] ========================================
[2026-06-01 09:11:42] [INFO]   Phase 3: Upload the Video File
[2026-06-01 09:11:42] [INFO] ========================================
[2026-06-01 09:11:42] [INFO] Exposing hidden file input...

[2026-06-01 09:11:43] [CMD] browseros-cli eval -p 316 document.querySelectorAll('input[type="file"]').forEach((i, idx) => { i.removeAttribute('aria-hidden'); i.style.display='block'; i.style.visibility='visible'; i.style.opacity='1'; i.style.position='static'; i.style.width='100px'; i.style.height='50px'; i.style.zIndex='999999'; i.title='Upload Video File'; });
[2026-06-01 09:11:43] [EXIT] 0
[2026-06-01 09:11:43] [OUT] ---
undefined
[2026-06-01 09:11:43] [OUT] ---
[2026-06-01 09:11:45] [INFO] Taking snapshot to find file input...

[2026-06-01 09:11:46] [CMD] browseros-cli snap -p 316
[2026-06-01 09:11:46] [EXIT] 0
[2026-06-01 09:11:46] [OUT] ---
[345] menuitem "Content"
[365] menuitem "Analytics"
[384] menuitem "Community"
[403] menuitem "Subtitles"
[422] menuitem "Content detection"
[441] menuitem "Earn"
[460] menuitem "Customization"
[479] menuitem "Audio library"
[504] button "Settings"
[517] button "Send feedback"
[565] tab "Inspiration"
[568] tab "Videos" (selected)
[570] tab "Shorts"
[573] tab "Live"
[576] tab "Posts"
[579] tab "Playlists"
[582] tab "Podcasts"
[585] tab "Promotions"
[591] tab "Collaborations"
[11] textbox "Filter"
[792] checkbox
[905] button "Sort by Date"
[942] button "Sort by Views"
[1492] button "Send Feedback"
[1504] button "Close"
[1537] button "Select files"
[1542] button "Choose Files"
[1546] link "Terms of Service"
[1547] link "Community Guidelines"
[1551] link "Learn more"
[546] clickable "Inspiration
        


  
      Videos
    


  
        Shorts
      


  
        Live
      


  "
[2026-06-01 09:11:46] [OUT] ---

[2026-06-01 09:11:47] [CMD] browseros-cli snap -p 316
[2026-06-01 09:11:47] [EXIT] 0
[2026-06-01 09:11:47] [OUT] ---
[345] menuitem "Content"
[365] menuitem "Analytics"
[384] menuitem "Community"
[403] menuitem "Subtitles"
[422] menuitem "Content detection"
[441] menuitem "Earn"
[460] menuitem "Customization"
[479] menuitem "Audio library"
[504] button "Settings"
[517] button "Send feedback"
[565] tab "Inspiration"
[568] tab "Videos" (selected)
[570] tab "Shorts"
[573] tab "Live"
[576] tab "Posts"
[579] tab "Playlists"
[582] tab "Podcasts"
[585] tab "Promotions"
[591] tab "Collaborations"
[11] textbox "Filter"
[792] checkbox
[905] button "Sort by Date"
[942] button "Sort by Views"
[1492] button "Send Feedback"
[1504] button "Close"
[1537] button "Select files"
[1542] button "Choose Files"
[1546] link "Terms of Service"
[1547] link "Community Guidelines"
[1551] link "Learn more"
[546] clickable "Inspiration
        


  
      Videos
    


  
        Shorts
      


  
        Live
      


  "
[2026-06-01 09:11:47] [OUT] ---

[2026-06-01 09:11:48] [CMD] browseros-cli snap -p 316
[2026-06-01 09:11:48] [EXIT] 0
[2026-06-01 09:11:48] [OUT] ---
[345] menuitem "Content"
[365] menuitem "Analytics"
[384] menuitem "Community"
[403] menuitem "Subtitles"
[422] menuitem "Content detection"
[441] menuitem "Earn"
[460] menuitem "Customization"
[479] menuitem "Audio library"
[504] button "Settings"
[517] button "Send feedback"
[565] tab "Inspiration"
[568] tab "Videos" (selected)
[570] tab "Shorts"
[573] tab "Live"
[576] tab "Posts"
[579] tab "Playlists"
[582] tab "Podcasts"
[585] tab "Promotions"
[591] tab "Collaborations"
[11] textbox "Filter"
[792] checkbox
[905] button "Sort by Date"
[942] button "Sort by Views"
[1492] button "Send Feedback"
[1504] button "Close"
[1537] button "Select files"
[1542] button "Choose Files"
[1546] link "Terms of Service"
[1547] link "Community Guidelines"
[1551] link "Learn more"
[546] clickable "Inspiration
        


  
      Videos
    


  
        Shorts
      


  
        Live
      


  "
[2026-06-01 09:11:48] [OUT] ---
[2026-06-01 09:11:48] [INFO] Attempting upload to ref: 1542...

[2026-06-01 09:11:49] [CMD] browseros-cli upload -p 316 1542 /Users/dsen/Projects/ai-post-maker/project-1/assets/34.mp4
[2026-06-01 09:11:49] [EXIT] 0
[2026-06-01 09:11:49] [OUT] ---
Set 1 file(s) on [1542]
[2026-06-01 09:11:49] [OUT] ---
[2026-06-01 09:11:54] [INFO] Waiting for 'Details' screen to appear...

[2026-06-01 09:11:55] [CMD] browseros-cli snap -p 316
[2026-06-01 09:11:55] [EXIT] 0
[2026-06-01 09:11:55] [OUT] ---
[1504] button "Close"
[2149] tab "Details" (selected)
[2160] tab "Video elements"
[2171] tab "Checks"
[2182] tab "Visibility"
[1953] button "Reuse details"
[2262] textbox "Add a title that describes your video (type @ to mention a channel)" value="34" (required)
[2474] button "Add all"
[2375] button "Options"
[2805] button "Personalized suggestion illustration #appetizer"
[2815] button "#strawberry"
[2825] button "Personalized suggestion illustration #baking"
[2012] textbox "Tell viewers about your video (type @ to mention a channel)"
[2225] link "Learn more about playlists"
[2231] button "Select playlists"
[2235] button "Select"
[2058] link "What's content made for kids?"
[2065] link "Learn more about video's audience settings"
[2068] radio "Yes, it's made for kids . Features like personalized ads and notifications won’t be available on videos made for kids. Videos that are set as made for kids by you are more likely to be recommended alongside other kids’ videos. Learn more"
[2072] link "Learn more"
[2073] radio "No, it's not made for kids"
[1997] button "Age restriction (advanced)"
[2146] button "Show advanced settings"
[2208] link "https://youtube.com/shorts/mzHYq6SSdNw"
[2211] button "Copy video link"
[1599] button "Next"
[546] clickable "Inspiration
        


  
      Videos
    


  
        Shorts
      


  
        Live
      


  "
[2378] clickable "The following suggestions were automatically generated based on your existing content. You can add
  and edit them to help viewers discover, understand, and engage with your content."
[2067] clickable "Yes, it's made for kids.
          Features like personalized ads and notifications won’t be availab"
[2026-06-01 09:11:55] [OUT] ---
[2026-06-01 09:11:55] [INFO] Video uploaded and Details screen reached
[2026-06-01 09:11:55] [INFO] ========================================
[2026-06-01 09:11:55] [INFO]   Phase 4: Fill Details
[2026-06-01 09:11:55] [INFO] ========================================
[2026-06-01 09:11:55] [INFO] Finding Title field...

[2026-06-01 09:11:56] [CMD] browseros-cli snap -p 316
[2026-06-01 09:11:56] [EXIT] 0
[2026-06-01 09:11:56] [OUT] ---
[1504] button "Close"
[2149] tab "Details" (selected)
[2160] tab "Video elements"
[2171] tab "Checks"
[2182] tab "Visibility"
[1953] button "Reuse details"
[2262] textbox "Add a title that describes your video (type @ to mention a channel)" value="34" (required)
[2474] button "Add all"
[2375] button "Options"
[2805] button "Personalized suggestion illustration #appetizer"
[2815] button "#strawberry"
[2825] button "Personalized suggestion illustration #baking"
[2012] textbox "Tell viewers about your video (type @ to mention a channel)"
[2225] link "Learn more about playlists"
[2231] button "Select playlists"
[2235] button "Select"
[2058] link "What's content made for kids?"
[2065] link "Learn more about video's audience settings"
[2068] radio "Yes, it's made for kids . Features like personalized ads and notifications won’t be available on videos made for kids. Videos that are set as made for kids by you are more likely to be recommended alongside other kids’ videos. Learn more"
[2072] link "Learn more"
[2073] radio "No, it's not made for kids"
[1997] button "Age restriction (advanced)"
[2146] button "Show advanced settings"
[2208] link "https://youtube.com/shorts/mzHYq6SSdNw"
[2211] button "Copy video link"
[1599] button "Next"
[546] clickable "Inspiration
        


  
      Videos
    


  
        Shorts
      


  
        Live
      


  "
[2378] clickable "The following suggestions were automatically generated based on your existing content. You can add
  and edit them to help viewers discover, understand, and engage with your content."
[2067] clickable "Yes, it's made for kids.
          Features like personalized ads and notifications won’t be availab"
[2026-06-01 09:11:56] [OUT] ---
[2026-06-01 09:11:56] [INFO] Filling Title...

[2026-06-01 09:11:58] [CMD] browseros-cli fill -p 316 2262 🍞 Thick-Cut Brioche French Toast 🍞
[2026-06-01 09:11:58] [EXIT] 0
[2026-06-01 09:11:58] [OUT] ---
Typed 36 characters into [2262] at (472, 229)
[2026-06-01 09:11:58] [OUT] ---
[2026-06-01 09:12:00] [INFO] Finding Description field...

[2026-06-01 09:12:00] [CMD] browseros-cli snap -p 316
[2026-06-01 09:12:00] [EXIT] 0
[2026-06-01 09:12:00] [OUT] ---
[1504] button "Close"
[2149] tab "Details" (selected)
[2160] tab "Video elements"
[2171] tab "Checks"
[2182] tab "Visibility"
[1953] button "Reuse details"
[2262] textbox "Add a title that describes your video (type @ to mention a channel)" value="🍞 Thick-Cut Brioche French Toast 🍞" (required)
[2474] button "Add all"
[2375] button "Options"
[2805] button "Personalized suggestion illustration #appetizer"
[2815] button "#strawberry"
[2825] button "Personalized suggestion illustration #baking"
[2012] textbox "Tell viewers about your video (type @ to mention a channel)"
[2225] link "Learn more about playlists"
[2231] button "Select playlists"
[2235] button "Select"
[2058] link "What's content made for kids?"
[2065] link "Learn more about video's audience settings"
[2068] radio "Yes, it's made for kids . Features like personalized ads and notifications won’t be available on videos made for kids. Videos that are set as made for kids by you are more likely to be recommended alongside other kids’ videos. Learn more"
[2072] link "Learn more"
[2073] radio "No, it's not made for kids"
[1997] button "Age restriction (advanced)"
[2146] button "Show advanced settings"
[2208] link "https://youtube.com/shorts/mzHYq6SSdNw"
[2211] button "Copy video link"
[1599] button "Next"
[546] clickable "Inspiration
        


  
      Videos
    


  
        Shorts
      


  
        Live
      


  "
[2378] clickable "The following suggestions were automatically generated based on your existing content. You can add
  and edit them to help viewers discover, understand, and engage with your content."
[2067] clickable "Yes, it's made for kids.
          Features like personalized ads and notifications won’t be availab"
[2026-06-01 09:12:00] [OUT] ---
[2026-06-01 09:12:00] [INFO] Filling Description...

[2026-06-01 09:12:03] [CMD] browseros-cli fill -p 316 2012 Recipe: 
Ingredients: 🍞 2 thick slices brioche bread, 🥚 2 eggs, 🥛 1/2 cup whole milk, 🪵 1 tsp cinnamon, 🍦 1 tsp vanilla, 🧈 1 tbsp butter, 🍓 fresh raspberries, 🍯 and maple syrup. 
Steps: 👨‍🍳 Whisk eggs, milk, cinnamon, and vanilla in a shallow dish. 🥣 Soak the brioche slices for 1 minute on each side. 🔥 Melt butter in a skillet over medium heat. ⏲️ Fry the bread for 3-4 minutes per side until golden brown and custardy in the middle. 🍳 Top with fresh berries, a dusting of powdered sugar, and warm syrup.
#frenchtoast #breakfast #brunch #brioche #sweet #morning #breakfastideas #frenchtoastlove 🌮🍱
[2026-06-01 09:12:03] [EXIT] 0
[2026-06-01 09:12:03] [OUT] ---
Typed 614 characters into [2012] at (472, 490)
[2026-06-01 09:12:03] [OUT] ---
[2026-06-01 09:12:05] [INFO] Selecting 'Not made for kids'...

[2026-06-01 09:12:06] [CMD] browseros-cli snap -p 316
[2026-06-01 09:12:06] [EXIT] 0
[2026-06-01 09:12:06] [OUT] ---
[905] button "Sort by Date"
[942] button "Sort by Views"
[1492] button "Send Feedback"
[1504] button "Close"
[2149] tab "Details" (selected)
[2160] tab "Video elements"
[2171] tab "Checks"
[2182] tab "Visibility"
[1953] button "Reuse details"
[2262] textbox "Add a title that describes your video (type @ to mention a channel)" value="🍞 Thick-Cut Brioche French Toast 🍞" (required)
[2012] textbox "Tell viewers about your video (type @ to mention a channel)" value="Recipe: 
Ingredients: 🍞 2 thick slices brioche bread, 🥚 2 eggs, 🥛 1/2 cup whole milk, 🪵 1 tsp cinnamon, 🍦 1 tsp vanilla, 🧈 1 tbsp butter, 🍓 fresh raspberries, 🍯 and maple syrup. 
Steps: 👨‍🍳 Whisk eggs, milk, cinnamon, and vanilla in a shallow dish. 🥣 Soak the brioche slices for 1 minute on each side. 🔥 Melt butter in a skillet over medium heat. ⏲️ Fry the bread for 3-4 minutes per side until golden brown and custardy in the middle. 🍳 Top with fresh berries, a dusting of powdered sugar, and warm syrup.
#frenchtoast #breakfast #brunch #brioche #sweet #morning #breakfastideas #frenchtoastlove 🌮🍱
"
[2225] link "Learn more about playlists"
[2231] button "Select playlists"
[2235] button "Select"
[2058] link "What's content made for kids?"
[2065] link "Learn more about video's audience settings"
[2068] radio "Yes, it's made for kids . Features like personalized ads and notifications won’t be available on videos made for kids. Videos that are set as made for kids by you are more likely to be recommended alongside other kids’ videos. Learn more"
[2072] link "Learn more"
[2073] radio "No, it's not made for kids"
[1997] button "Age restriction (advanced)"
[2146] button "Show advanced settings"
[2208] link "https://youtube.com/shorts/mzHYq6SSdNw"
[2211] button "Copy video link"
[1599] button "Next"
[546] clickable "Inspiration
        


  
      Videos
    


  
        Shorts
      


  
        Live
      


  "
[2067] clickable "Yes, it's made for kids.
          Features like personalized ads and notifications won’t be availab"
[2026-06-01 09:12:06] [OUT] ---

[2026-06-01 09:12:07] [CMD] browseros-cli click -p 316 2073
[2026-06-01 09:12:07] [EXIT] 0
[2026-06-01 09:12:07] [OUT] ---
Clicked [2073] at (303, 464)
[2026-06-01 09:12:07] [OUT] ---
[2026-06-01 09:12:07] [INFO] Selected 'Not made for kids'
[2026-06-01 09:12:09] [INFO] ========================================
[2026-06-01 09:12:09] [INFO]   Phase 5: Navigate to Visibility Screen
[2026-06-01 09:12:09] [INFO] ========================================

[2026-06-01 09:12:10] [CMD] browseros-cli snap -p 316
[2026-06-01 09:12:10] [EXIT] 0
[2026-06-01 09:12:10] [OUT] ---
[905] button "Sort by Date"
[942] button "Sort by Views"
[1492] button "Send Feedback"
[1504] button "Close"
[2149] tab "Details" (selected)
[2160] tab "Video elements"
[2171] tab "Checks"
[2182] tab "Visibility"
[1953] button "Reuse details"
[2262] textbox "Add a title that describes your video (type @ to mention a channel)" value="🍞 Thick-Cut Brioche French Toast 🍞" (required)
[2012] textbox "Tell viewers about your video (type @ to mention a channel)" value="Recipe: 
Ingredients: 🍞 2 thick slices brioche bread, 🥚 2 eggs, 🥛 1/2 cup whole milk, 🪵 1 tsp cinnamon, 🍦 1 tsp vanilla, 🧈 1 tbsp butter, 🍓 fresh raspberries, 🍯 and maple syrup. 
Steps: 👨‍🍳 Whisk eggs, milk, cinnamon, and vanilla in a shallow dish. 🥣 Soak the brioche slices for 1 minute on each side. 🔥 Melt butter in a skillet over medium heat. ⏲️ Fry the bread for 3-4 minutes per side until golden brown and custardy in the middle. 🍳 Top with fresh berries, a dusting of powdered sugar, and warm syrup.
#frenchtoast #breakfast #brunch #brioche #sweet #morning #breakfastideas #frenchtoastlove 🌮🍱
"
[2225] link "Learn more about playlists"
[2231] button "Select playlists"
[2235] button "Select"
[2058] link "What's content made for kids?"
[2065] link "Learn more about video's audience settings"
[2068] radio "Yes, it's made for kids . Features like personalized ads and notifications won’t be available on videos made for kids. Videos that are set as made for kids by you are more likely to be recommended alongside other kids’ videos. Learn more"
[2072] link "Learn more"
[2073] radio "No, it's not made for kids"
[1997] button "Age restriction (advanced)"
[2146] button "Show advanced settings"
[2208] link "https://youtube.com/shorts/mzHYq6SSdNw"
[2211] button "Copy video link"
[1599] button "Next"
[546] clickable "Inspiration
        


  
      Videos
    


  
        Shorts
      


  
        Live
      


  "
[2067] clickable "Yes, it's made for kids.
          Features like personalized ads and notifications won’t be availab"
[2026-06-01 09:12:10] [OUT] ---
[2026-06-01 09:12:10] [INFO] Clicking Next (1/3)...

[2026-06-01 09:12:11] [CMD] browseros-cli click -p 316 1599
[2026-06-01 09:12:11] [EXIT] 0
[2026-06-01 09:12:11] [OUT] ---
Clicked [1599] at (1061, 697)
[2026-06-01 09:12:11] [OUT] ---

[2026-06-01 09:12:16] [CMD] browseros-cli snap -p 316
[2026-06-01 09:12:16] [EXIT] 0
[2026-06-01 09:12:16] [OUT] ---
[422] menuitem "Content detection"
[441] menuitem "Earn"
[460] menuitem "Customization"
[479] menuitem "Audio library"
[504] button "Settings"
[517] button "Send feedback"
[565] tab "Inspiration"
[568] tab "Videos" (selected)
[570] tab "Shorts"
[573] tab "Live"
[576] tab "Posts"
[579] tab "Playlists"
[582] tab "Podcasts"
[585] tab "Promotions"
[591] tab "Collaborations"
[11] textbox "Filter"
[792] checkbox
[905] button "Sort by Date"
[942] button "Sort by Views"
[1492] button "Send Feedback"
[1504] button "Close"
[2149] tab "Details"
[2160] tab "Video elements" (selected)
[2171] tab "Checks"
[2182] tab "Visibility"
[11016] link "Learn more"
[11254] button "Add"
[11060] button "Add" (disabled)
[1592] button "Back"
[1599] button "Next"
[546] clickable "Inspiration
        


  
      Videos
    


  
        Shorts
      


  
        Live
      


  "
[2026-06-01 09:12:16] [OUT] ---

[2026-06-01 09:12:17] [CMD] browseros-cli snap -p 316
[2026-06-01 09:12:17] [EXIT] 0
[2026-06-01 09:12:17] [OUT] ---
[422] menuitem "Content detection"
[441] menuitem "Earn"
[460] menuitem "Customization"
[479] menuitem "Audio library"
[504] button "Settings"
[517] button "Send feedback"
[565] tab "Inspiration"
[568] tab "Videos" (selected)
[570] tab "Shorts"
[573] tab "Live"
[576] tab "Posts"
[579] tab "Playlists"
[582] tab "Podcasts"
[585] tab "Promotions"
[591] tab "Collaborations"
[11] textbox "Filter"
[792] checkbox
[905] button "Sort by Date"
[942] button "Sort by Views"
[1492] button "Send Feedback"
[1504] button "Close"
[2149] tab "Details"
[2160] tab "Video elements" (selected)
[2171] tab "Checks"
[2182] tab "Visibility"
[11016] link "Learn more"
[11254] button "Add"
[11060] button "Add" (disabled)
[1592] button "Back"
[1599] button "Next"
[546] clickable "Inspiration
        


  
      Videos
    


  
        Shorts
      


  
        Live
      


  "
[2026-06-01 09:12:17] [OUT] ---
[2026-06-01 09:12:17] [INFO] Clicking Next (2/3)...

[2026-06-01 09:12:18] [CMD] browseros-cli click -p 316 1599
[2026-06-01 09:12:18] [EXIT] 0
[2026-06-01 09:12:18] [OUT] ---
Clicked [1599] at (1061, 697)
[2026-06-01 09:12:18] [OUT] ---

[2026-06-01 09:12:22] [CMD] browseros-cli snap -p 316
[2026-06-01 09:12:22] [EXIT] 0
[2026-06-01 09:12:22] [OUT] ---
[460] menuitem "Customization"
[479] menuitem "Audio library"
[504] button "Settings"
[517] button "Send feedback"
[565] tab "Inspiration"
[568] tab "Videos" (selected)
[570] tab "Shorts"
[573] tab "Live"
[576] tab "Posts"
[579] tab "Playlists"
[582] tab "Podcasts"
[585] tab "Promotions"
[591] tab "Collaborations"
[11] textbox "Filter"
[792] checkbox
[905] button "Sort by Date"
[942] button "Sort by Views"
[1492] button "Send Feedback"
[1504] button "Close"
[2149] tab "Details"
[2160] tab "Video elements"
[2171] tab "Checks" (selected)
[2182] tab "Visibility"
[11466] link "Learn more"
[11511] link "Learn more"
[11478] button "Send feedback"
[1592] button "Back"
[1599] button "Next"
[546] clickable "Inspiration
        


  
      Videos
    


  
        Shorts
      


  
        Live
      


  "
[11477] clickable "Send feedback"
[11479] clickable "Send feedback"
[2026-06-01 09:12:22] [OUT] ---

[2026-06-01 09:12:23] [CMD] browseros-cli snap -p 316
[2026-06-01 09:12:23] [EXIT] 0
[2026-06-01 09:12:23] [OUT] ---
[460] menuitem "Customization"
[479] menuitem "Audio library"
[504] button "Settings"
[517] button "Send feedback"
[565] tab "Inspiration"
[568] tab "Videos" (selected)
[570] tab "Shorts"
[573] tab "Live"
[576] tab "Posts"
[579] tab "Playlists"
[582] tab "Podcasts"
[585] tab "Promotions"
[591] tab "Collaborations"
[11] textbox "Filter"
[792] checkbox
[905] button "Sort by Date"
[942] button "Sort by Views"
[1492] button "Send Feedback"
[1504] button "Close"
[2149] tab "Details"
[2160] tab "Video elements"
[2171] tab "Checks" (selected)
[2182] tab "Visibility"
[11466] link "Learn more"
[11511] link "Learn more"
[11478] button "Send feedback"
[1592] button "Back"
[1599] button "Next"
[546] clickable "Inspiration
        


  
      Videos
    


  
        Shorts
      


  
        Live
      


  "
[11477] clickable "Send feedback"
[11479] clickable "Send feedback"
[2026-06-01 09:12:23] [OUT] ---
[2026-06-01 09:12:23] [INFO] Clicking Next (3/3)...

[2026-06-01 09:12:24] [CMD] browseros-cli click -p 316 1599
[2026-06-01 09:12:24] [EXIT] 0
[2026-06-01 09:12:24] [OUT] ---
Clicked [1599] at (1061, 697)
[2026-06-01 09:12:24] [OUT] ---

[2026-06-01 09:12:28] [CMD] browseros-cli snap -p 316
[2026-06-01 09:12:28] [EXIT] 0
[2026-06-01 09:12:28] [OUT] ---
[11934] radio "Private"
[11944] radio "Unlisted"
[11953] radio "Public"
[11665] button "Click to expand"
[11600] link "Learn more"
[11605] link "Learn more"
[11887] button "Play"
[11890] button "Mute"
[11716] slider "volume"
[11894] button "Settings"
[11919] button "Full screen"
[11633] link "https://youtube.com/shorts/mzHYq6SSdNw"
[11636] button "Copy video link"
[1592] button "Back"
[1606] button "Save"
[546] clickable "Inspiration
        


  
      Videos
    


  
        Shorts
      


  
        Live
      


  "
[11676] clickable "Private
          

          
          
            
              Only you and people you choose "
[11659] clickable "Schedule
      
        
          Select a date to make your video public.
        
      
      
 "
[2026-06-01 09:12:28] [OUT] ---
[2026-06-01 09:12:28] [INFO] Reached Visibility screen
[2026-06-01 09:12:28] [INFO] ========================================
[2026-06-01 09:12:28] [INFO]   Phase 6: Open Scheduling Options
[2026-06-01 09:12:28] [INFO] ========================================
[2026-06-01 09:12:28] [INFO] Clicking 'Schedule' option...

[2026-06-01 09:12:29] [CMD] browseros-cli snap -p 316
[2026-06-01 09:12:29] [EXIT] 0
[2026-06-01 09:12:29] [OUT] ---
[11934] radio "Private"
[11944] radio "Unlisted"
[11953] radio "Public"
[11665] button "Click to expand"
[11600] link "Learn more"
[11605] link "Learn more"
[11887] button "Play"
[11890] button "Mute"
[11716] slider "volume"
[11894] button "Settings"
[11919] button "Full screen"
[11633] link "https://youtube.com/shorts/mzHYq6SSdNw"
[11636] button "Copy video link"
[1592] button "Back"
[1606] button "Save"
[546] clickable "Inspiration
        


  
      Videos
    


  
        Shorts
      


  
        Live
      


  "
[11676] clickable "Private
          

          
          
            
              Only you and people you choose "
[11659] clickable "Schedule
      
        
          Select a date to make your video public.
        
      
      
 "
[2026-06-01 09:12:29] [OUT] ---

[2026-06-01 09:12:30] [CMD] browseros-cli click -p 316 11659
[2026-06-01 09:12:30] [EXIT] 0
[2026-06-01 09:12:30] [OUT] ---
Clicked [11659] at (472, 574)
[2026-06-01 09:12:30] [OUT] ---
[2026-06-01 09:12:32] [INFO] ========================================
[2026-06-01 09:12:32] [INFO]   Phase 7: Fill Date and Time
[2026-06-01 09:12:32] [INFO] ========================================
[2026-06-01 09:12:32] [INFO] Setting date: Jun 19, 2026, time: 10:00 AM
[2026-06-01 09:12:32] [INFO] Opening date picker...

[2026-06-01 09:12:32] [CMD] browseros-cli snap -p 316
[2026-06-01 09:12:32] [EXIT] 0
[2026-06-01 09:12:32] [OUT] ---
[942] button "Sort by Views"
[1492] button "Send Feedback"
[1504] button "Close"
[2149] tab "Details"
[2160] tab "Video elements"
[2171] tab "Checks"
[2182] tab "Visibility" (selected)
[11651] button "Click to expand"
[12208] button "Jun 2, 2026"
[12212] button "Jun 2, 2026"
[12238] textbox value="12:00 AM"
[12321] button "Time zone"
[11600] link "Learn more"
[11605] link "Learn more"
[11887] button "Play"
[11890] button "Mute"
[11716] slider "volume"
[11894] button "Settings"
[11919] button "Full screen"
[11633] link "https://youtube.com/shorts/mzHYq6SSdNw"
[11636] button "Copy video link"
[1592] button "Back"
[1606] button "Schedule"
[546] clickable "Inspiration
        


  
      Videos
    


  
        Shorts
      


  
        Live
      


  "
[11612] clickable "Save or publish
        
        
          Make your video public, unlisted, or private
        
  "
[12322] clickable "Default set to local time zone (GMT+0530)"
[2026-06-01 09:12:32] [OUT] ---

[2026-06-01 09:12:34] [CMD] browseros-cli click -p 316 12208
[2026-06-01 09:12:34] [EXIT] 0
[2026-06-01 09:12:34] [OUT] ---
Clicked [12208] at (310, 490)
[2026-06-01 09:12:34] [OUT] ---

[2026-06-01 09:12:37] [CMD] browseros-cli snap -p 316
[2026-06-01 09:12:37] [EXIT] 0
[2026-06-01 09:12:37] [OUT] ---
[12577] clickable "13"
[12578] clickable "14"
[12579] clickable "15"
[12580] clickable "16"
[12581] clickable "17"
[12582] clickable "18"
[12583] clickable "19"
[12584] clickable "20"
[12585] clickable "21"
[12586] clickable "22"
[12587] clickable "23"
[12588] clickable "24"
[12589] clickable "25"
[12590] clickable "26"
[12591] clickable "27"
[12592] clickable "28"
[12593] clickable "29"
[12594] clickable "30"
[12595] clickable "31"
[12603] clickable "1"
[12604] clickable "2"
[12605] clickable "3"
[12606] clickable "4"
[12607] clickable "5"
[12608] clickable "6"
[12609] clickable "7"
[12610] clickable "8"
[12611] clickable "9"
[12612] clickable "10"
[12613] clickable "11"
[12614] clickable "12"
[12615] clickable "13"
[12616] clickable "14"
[12617] clickable "15"
[12618] clickable "16"
[12619] clickable "17"
[12620] clickable "18"
[12621] clickable "19"
[12622] clickable "20"
[12623] clickable "21"
[12624] clickable "22"
[12625] clickable "23"
[12626] clickable "24"
[12627] clickable "25"
[12628] clickable "26"
[12629] clickable "27"
[12630] clickable "28"
[12631] clickable "29"
[12632] clickable "30"
[12633] clickable "31"
[2026-06-01 09:12:37] [OUT] ---

[2026-06-01 09:12:38] [CMD] browseros-cli fill -p 316 12417 Jun 19, 2026
[2026-06-01 09:12:38] [EXIT] 0
[2026-06-01 09:12:38] [OUT] ---
Typed 12 characters into [12417] at (327, 124)
[2026-06-01 09:12:38] [OUT] ---

[2026-06-01 09:12:40] [CMD] browseros-cli key -p 316 Enter
[2026-06-01 09:12:40] [EXIT] 0
[2026-06-01 09:12:40] [OUT] ---
Pressed Enter
[2026-06-01 09:12:40] [OUT] ---
[2026-06-01 09:12:42] [INFO] Setting time...

[2026-06-01 09:12:43] [CMD] browseros-cli snap -p 316
[2026-06-01 09:12:43] [EXIT] 0
[2026-06-01 09:12:43] [OUT] ---
[942] button "Sort by Views"
[1492] button "Send Feedback"
[1504] button "Close"
[2149] tab "Details"
[2160] tab "Video elements"
[2171] tab "Checks"
[2182] tab "Visibility" (selected)
[11651] button "Click to expand"
[12208] button "Jun 19, 2026"
[12212] button "Jun 19, 2026"
[12238] textbox value="12:00 AM"
[12321] button "Time zone"
[11600] link "Learn more"
[11605] link "Learn more"
[11887] button "Play"
[11890] button "Mute"
[11716] slider "volume"
[11894] button "Settings"
[11919] button "Full screen"
[11633] link "https://youtube.com/shorts/mzHYq6SSdNw"
[11636] button "Copy video link"
[1592] button "Back"
[1606] button "Schedule"
[546] clickable "Inspiration
        


  
      Videos
    


  
        Shorts
      


  
        Live
      


  "
[11612] clickable "Save or publish
        
        
          Make your video public, unlisted, or private
        
  "
[12322] clickable "Default set to local time zone (GMT+0530)"
[2026-06-01 09:12:43] [OUT] ---
[2026-06-01 09:12:43] [INFO] Clicking time input box to open dropdown...

[2026-06-01 09:12:44] [CMD] browseros-cli click -p 316 12238
[2026-06-01 09:12:44] [EXIT] 0
[2026-06-01 09:12:44] [OUT] ---
Clicked [12238] at (466, 490)
[2026-06-01 09:12:44] [OUT] ---

[2026-06-01 09:12:47] [CMD] browseros-cli snap -p 316
[2026-06-01 09:12:47] [EXIT] 0
[2026-06-01 09:12:47] [OUT] ---
[13236] option "6:15 PM"
[13237] option "6:30 PM"
[13238] option "6:45 PM"
[13239] option "7:00 PM"
[13240] option "7:15 PM"
[13241] option "7:30 PM"
[13242] option "7:45 PM"
[13243] option "8:00 PM"
[13244] option "8:15 PM"
[13245] option "8:30 PM"
[13246] option "8:45 PM"
[13247] option "9:00 PM"
[13248] option "9:15 PM"
[13249] option "9:30 PM"
[13250] option "9:45 PM"
[13251] option "10:00 PM"
[13252] option "10:15 PM"
[13253] option "10:30 PM"
[13254] option "10:45 PM"
[13255] option "11:00 PM"
[13256] option "11:15 PM"
[13257] option "11:30 PM"
[13258] option "11:45 PM"
[546] clickable "Inspiration
        


  
      Videos
    


  
        Shorts
      


  
        Live
      


  "
[11612] clickable "Save or publish
        
        
          Make your video public, unlisted, or private
        
  "
[12322] clickable "Default set to local time zone (GMT+0530)"
[2026-06-01 09:12:47] [OUT] ---
[2026-06-01 09:12:47] [INFO] Clicking time option ref: 13203 for 10:00 AM

[2026-06-01 09:12:48] [CMD] browseros-cli click -p 316 13203
[2026-06-01 09:12:48] [EXIT] 0
[2026-06-01 09:12:48] [OUT] ---
Clicked [13203] at (466, 316)
[2026-06-01 09:12:48] [OUT] ---
[2026-06-01 09:12:50] [INFO] Date and time filled successfully
[2026-06-01 09:12:50] [INFO] ========================================
[2026-06-01 09:12:50] [INFO]   Phase 8: User Verification
[2026-06-01 09:12:50] [INFO] ========================================
[2026-06-01 09:12:50] [INFO] 
[2026-06-01 09:12:50] [INFO] ============================================
[2026-06-01 09:12:50] [INFO]   SCHEDULED REEL REVIEW
[2026-06-01 09:12:50] [INFO] ============================================
[2026-06-01 09:12:50] [INFO]   Asset ID: 34
[2026-06-01 09:12:50] [INFO]   Project:  project-1
[2026-06-01 09:12:50] [INFO]   Date:     2026-06-19 (Friday)
[2026-06-01 09:12:50] [INFO]   Time:     10:00:00
[2026-06-01 09:12:50] [INFO] ============================================
[2026-06-01 09:12:50] [INFO] 
[2026-06-01 09:12:50] [INFO] [YOLO] Finding 'Schedule' button...

[2026-06-01 09:12:51] [CMD] browseros-cli snap -p 316
[2026-06-01 09:12:51] [EXIT] 0
[2026-06-01 09:12:51] [OUT] ---
[942] button "Sort by Views"
[1492] button "Send Feedback"
[1504] button "Close"
[2149] tab "Details"
[2160] tab "Video elements"
[2171] tab "Checks"
[2182] tab "Visibility" (selected)
[11651] button "Click to expand"
[12208] button "Jun 19, 2026"
[12212] button "Jun 19, 2026"
[12238] textbox value="10:00 AM"
[12321] button "Time zone"
[11600] link "Learn more"
[11605] link "Learn more"
[11887] button "Play"
[11890] button "Mute"
[11716] slider "volume"
[11894] button "Settings"
[11919] button "Full screen"
[11633] link "https://youtube.com/shorts/mzHYq6SSdNw"
[11636] button "Copy video link"
[1592] button "Back"
[1606] button "Schedule"
[546] clickable "Inspiration
        


  
      Videos
    


  
        Shorts
      


  
        Live
      


  "
[11612] clickable "Save or publish
        
        
          Make your video public, unlisted, or private
        
  "
[12322] clickable "Default set to local time zone (GMT+0530)"
[2026-06-01 09:12:51] [OUT] ---
[2026-06-01 09:12:51] [INFO] Clicking 'Schedule' button (ref: 1606)...

[2026-06-01 09:12:52] [CMD] browseros-cli click -p 316 1606
[2026-06-01 09:12:52] [EXIT] 0
[2026-06-01 09:12:52] [OUT] ---
Clicked [1606] at (1047, 697)
[2026-06-01 09:12:52] [OUT] ---
[2026-06-01 09:13:02] [INFO] Marking asset 34 as uploaded for youtube...
[2026-06-01 09:13:02] [DEBUG] mark_uploaded output: {"success": true, "id": "34", "platform": "youtube"}
[2026-06-01 09:13:02] [INFO] Marking asset 34 as scheduled for youtube...
[2026-06-01 09:13:02] [DEBUG] mark_scheduled output: {"success": true, "id": "34", "platform": "youtube"}
[2026-06-01 09:13:02] [INFO] Tracker updated for asset 34
[2026-06-01 09:13:02] [INFO] ========================================
[2026-06-01 09:13:02] [INFO]   Phase 9: Close Browser Tab
[2026-06-01 09:13:02] [INFO] ========================================

[2026-06-01 09:13:03] [CMD] browseros-cli close -p 316
[2026-06-01 09:13:03] [EXIT] 0
[2026-06-01 09:13:03] [OUT] ---
Closed page 316
[2026-06-01 09:13:03] [OUT] ---
[2026-06-01 09:13:03] [INFO] Browser tab closed
[2026-06-01 09:13:03] [INFO] ========================================
[2026-06-01 09:13:03] [INFO]   Processing Schedule Entry 13 / 23
[2026-06-01 09:13:03] [INFO] ========================================
[2026-06-01 09:13:03] [INFO] Date: 2026-06-20, Day: Saturday, Time: 08:30:00
[2026-06-01 09:13:03] [INFO] ========================================
[2026-06-01 09:13:03] [INFO]   Phase 1: Identify Project and Asset
[2026-06-01 09:13:03] [INFO] ========================================
[2026-06-01 09:13:03] [INFO] Fetching mapped post for project 1...
[2026-06-01 09:13:03] [DEBUG] get_mapped_post exit=0 output='ID: 35
Caption: 🧅 Classic French Onion Soup Gratinée 🥣
Recipe: 
Ingredients: 🧅 4 large yellow onions (thinly sliced), 🧈 4 tbsp butter, 🥩 6 cups rich beef stock, 🍷 1/2 cup dry sherry, 🌿 thyme, baguette slices, 🧀 and 1.5 cups Gruyère cheese. 
Steps: 👨‍🍳 Caramelize onions in butter on low heat for at least 45 minutes until deep brown. 🥣 Deglaze with sherry. 🔥 Add stock and thyme; simmer for 20 mins. ⏲️ Pour into oven-safe crocks. 🍳 Top each with a toasted baguette slice and a thick layer of Gruyère. 🔪 Broil until the cheese is bubbling and has dark brown spots.
#frenchonionsoup #soup #frenchcuisine #cheese #comfortfood #dinner #gruyere #souptime 🌮🍱'
[2026-06-01 09:13:03] [INFO] Asset ID: 35
[2026-06-01 09:13:03] [INFO] Title length: 38 chars
[2026-06-01 09:13:03] [INFO] Description length: 598 chars
[2026-06-01 09:13:03] [INFO] Asset path: /Users/dsen/Projects/ai-post-maker/project-1/assets/35.mp4
[2026-06-01 09:13:03] [INFO] ========================================
[2026-06-01 09:13:03] [INFO]   Phase 2: Open YouTube Upload Page
[2026-06-01 09:13:03] [INFO] ========================================
[2026-06-01 09:13:03] [INFO] Opening new page: https://www.youtube.com/upload

[2026-06-01 09:13:04] [CMD] browseros-cli open https://www.youtube.com/upload --json
[2026-06-01 09:13:04] [EXIT] 0
[2026-06-01 09:13:04] [OUT] ---
{"background":false,"hidden":false,"pageId":318,"url":"https://www.youtube.com/upload"}
[2026-06-01 09:13:04] [OUT] ---
[2026-06-01 09:13:04] [INFO] Page opened with ID: 318
[2026-06-01 09:13:09] [INFO] Page loaded successfully
[2026-06-01 09:13:09] [INFO] ========================================
[2026-06-01 09:13:09] [INFO]   Phase 3: Upload the Video File
[2026-06-01 09:13:09] [INFO] ========================================
[2026-06-01 09:13:09] [INFO] Exposing hidden file input...

[2026-06-01 09:13:10] [CMD] browseros-cli eval -p 318 document.querySelectorAll('input[type="file"]').forEach((i, idx) => { i.removeAttribute('aria-hidden'); i.style.display='block'; i.style.visibility='visible'; i.style.opacity='1'; i.style.position='static'; i.style.width='100px'; i.style.height='50px'; i.style.zIndex='999999'; i.title='Upload Video File'; });
[2026-06-01 09:13:10] [EXIT] 0
[2026-06-01 09:13:10] [OUT] ---
undefined
[2026-06-01 09:13:10] [OUT] ---
[2026-06-01 09:13:12] [INFO] Taking snapshot to find file input...

[2026-06-01 09:13:13] [CMD] browseros-cli snap -p 318
[2026-06-01 09:13:13] [EXIT] 0
[2026-06-01 09:13:13] [OUT] ---
[345] menuitem "Content"
[365] menuitem "Analytics"
[384] menuitem "Community"
[403] menuitem "Subtitles"
[422] menuitem "Content detection"
[441] menuitem "Earn"
[460] menuitem "Customization"
[479] menuitem "Audio library"
[504] button "Settings"
[517] button "Send feedback"
[565] tab "Inspiration"
[568] tab "Videos" (selected)
[570] tab "Shorts"
[573] tab "Live"
[576] tab "Posts"
[579] tab "Playlists"
[582] tab "Podcasts"
[585] tab "Promotions"
[591] tab "Collaborations"
[11] textbox "Filter"
[792] checkbox
[905] button "Sort by Date"
[942] button "Sort by Views"
[1492] button "Send Feedback"
[1504] button "Close"
[1537] button "Select files"
[1542] button "Choose Files"
[1546] link "Terms of Service"
[1547] link "Community Guidelines"
[1551] link "Learn more"
[546] clickable "Inspiration
        


  
      Videos
    


  
        Shorts
      


  
        Live
      


  "
[2026-06-01 09:13:13] [OUT] ---

[2026-06-01 09:13:14] [CMD] browseros-cli snap -p 318
[2026-06-01 09:13:14] [EXIT] 0
[2026-06-01 09:13:14] [OUT] ---
[345] menuitem "Content"
[365] menuitem "Analytics"
[384] menuitem "Community"
[403] menuitem "Subtitles"
[422] menuitem "Content detection"
[441] menuitem "Earn"
[460] menuitem "Customization"
[479] menuitem "Audio library"
[504] button "Settings"
[517] button "Send feedback"
[565] tab "Inspiration"
[568] tab "Videos" (selected)
[570] tab "Shorts"
[573] tab "Live"
[576] tab "Posts"
[579] tab "Playlists"
[582] tab "Podcasts"
[585] tab "Promotions"
[591] tab "Collaborations"
[11] textbox "Filter"
[792] checkbox
[905] button "Sort by Date"
[942] button "Sort by Views"
[1492] button "Send Feedback"
[1504] button "Close"
[1537] button "Select files"
[1542] button "Choose Files"
[1546] link "Terms of Service"
[1547] link "Community Guidelines"
[1551] link "Learn more"
[546] clickable "Inspiration
        


  
      Videos
    


  
        Shorts
      


  
        Live
      


  "
[2026-06-01 09:13:14] [OUT] ---

[2026-06-01 09:13:15] [CMD] browseros-cli snap -p 318
[2026-06-01 09:13:15] [EXIT] 0
[2026-06-01 09:13:15] [OUT] ---
[345] menuitem "Content"
[365] menuitem "Analytics"
[384] menuitem "Community"
[403] menuitem "Subtitles"
[422] menuitem "Content detection"
[441] menuitem "Earn"
[460] menuitem "Customization"
[479] menuitem "Audio library"
[504] button "Settings"
[517] button "Send feedback"
[565] tab "Inspiration"
[568] tab "Videos" (selected)
[570] tab "Shorts"
[573] tab "Live"
[576] tab "Posts"
[579] tab "Playlists"
[582] tab "Podcasts"
[585] tab "Promotions"
[591] tab "Collaborations"
[11] textbox "Filter"
[792] checkbox
[905] button "Sort by Date"
[942] button "Sort by Views"
[1492] button "Send Feedback"
[1504] button "Close"
[1537] button "Select files"
[1542] button "Choose Files"
[1546] link "Terms of Service"
[1547] link "Community Guidelines"
[1551] link "Learn more"
[546] clickable "Inspiration
        


  
      Videos
    


  
        Shorts
      


  
        Live
      


  "
[2026-06-01 09:13:15] [OUT] ---
[2026-06-01 09:13:15] [INFO] Attempting upload to ref: 1542...

[2026-06-01 09:13:16] [CMD] browseros-cli upload -p 318 1542 /Users/dsen/Projects/ai-post-maker/project-1/assets/35.mp4
[2026-06-01 09:13:16] [EXIT] 0
[2026-06-01 09:13:16] [OUT] ---
Set 1 file(s) on [1542]
[2026-06-01 09:13:16] [OUT] ---
[2026-06-01 09:13:21] [INFO] Waiting for 'Details' screen to appear...

[2026-06-01 09:13:22] [CMD] browseros-cli snap -p 318
[2026-06-01 09:13:22] [EXIT] 0
[2026-06-01 09:13:22] [OUT] ---
[1504] button "Close"
[2176] tab "Details" (selected)
[2187] tab "Video elements"
[2198] tab "Checks"
[2209] tab "Visibility"
[1973] button "Reuse details"
[2289] textbox "Add a title that describes your video (type @ to mention a channel)" value="35" (required)
[2516] button "Add all"
[2402] button "Options"
[2808] button "Personalized suggestion illustration #appetizer"
[2818] button "#strawberry"
[2828] button "Personalized suggestion illustration #baking"
[2032] textbox "Tell viewers about your video (type @ to mention a channel)"
[2252] link "Learn more about playlists"
[2258] button "Select playlists"
[2262] button "Select"
[2085] link "What's content made for kids?"
[2092] link "Learn more about video's audience settings"
[2095] radio "Yes, it's made for kids . Features like personalized ads and notifications won’t be available on videos made for kids. Videos that are set as made for kids by you are more likely to be recommended alongside other kids’ videos. Learn more"
[2099] link "Learn more"
[2100] radio "No, it's not made for kids"
[2017] button "Age restriction (advanced)"
[2173] button "Show advanced settings"
[2235] link "https://youtube.com/shorts/ZPE2Yx5NoRk"
[2238] button "Copy video link"
[1599] button "Next"
[546] clickable "Inspiration
        


  
      Videos
    


  
        Shorts
      


  
        Live
      


  "
[2405] clickable "The following suggestions were automatically generated based on your existing content. You can add
  and edit them to help viewers discover, understand, and engage with your content."
[2094] clickable "Yes, it's made for kids.
          Features like personalized ads and notifications won’t be availab"
[2026-06-01 09:13:22] [OUT] ---
[2026-06-01 09:13:22] [INFO] Video uploaded and Details screen reached
[2026-06-01 09:13:22] [INFO] ========================================
[2026-06-01 09:13:22] [INFO]   Phase 4: Fill Details
[2026-06-01 09:13:22] [INFO] ========================================
[2026-06-01 09:13:22] [INFO] Finding Title field...

[2026-06-01 09:13:23] [CMD] browseros-cli snap -p 318
[2026-06-01 09:13:23] [EXIT] 0
[2026-06-01 09:13:23] [OUT] ---
[1504] button "Close"
[2176] tab "Details" (selected)
[2187] tab "Video elements"
[2198] tab "Checks"
[2209] tab "Visibility"
[1973] button "Reuse details"
[2289] textbox "Add a title that describes your video (type @ to mention a channel)" value="35" (required)
[2516] button "Add all"
[2402] button "Options"
[2808] button "Personalized suggestion illustration #appetizer"
[2818] button "#strawberry"
[2828] button "Personalized suggestion illustration #baking"
[2032] textbox "Tell viewers about your video (type @ to mention a channel)"
[2252] link "Learn more about playlists"
[2258] button "Select playlists"
[2262] button "Select"
[2085] link "What's content made for kids?"
[2092] link "Learn more about video's audience settings"
[2095] radio "Yes, it's made for kids . Features like personalized ads and notifications won’t be available on videos made for kids. Videos that are set as made for kids by you are more likely to be recommended alongside other kids’ videos. Learn more"
[2099] link "Learn more"
[2100] radio "No, it's not made for kids"
[2017] button "Age restriction (advanced)"
[2173] button "Show advanced settings"
[2235] link "https://youtube.com/shorts/ZPE2Yx5NoRk"
[2238] button "Copy video link"
[1599] button "Next"
[546] clickable "Inspiration
        


  
      Videos
    


  
        Shorts
      


  
        Live
      


  "
[2405] clickable "The following suggestions were automatically generated based on your existing content. You can add
  and edit them to help viewers discover, understand, and engage with your content."
[2094] clickable "Yes, it's made for kids.
          Features like personalized ads and notifications won’t be availab"
[2026-06-01 09:13:23] [OUT] ---
[2026-06-01 09:13:23] [INFO] Filling Title...

[2026-06-01 09:13:25] [CMD] browseros-cli fill -p 318 2289 🧅 Classic French Onion Soup Gratinée 🥣
[2026-06-01 09:13:25] [EXIT] 0
[2026-06-01 09:13:25] [OUT] ---
Typed 40 characters into [2289] at (472, 229)
[2026-06-01 09:13:25] [OUT] ---
[2026-06-01 09:13:27] [INFO] Finding Description field...

[2026-06-01 09:13:28] [CMD] browseros-cli snap -p 318
[2026-06-01 09:13:28] [EXIT] 0
[2026-06-01 09:13:28] [OUT] ---
[1504] button "Close"
[2176] tab "Details" (selected)
[2187] tab "Video elements"
[2198] tab "Checks"
[2209] tab "Visibility"
[1973] button "Reuse details"
[2289] textbox "Add a title that describes your video (type @ to mention a channel)" value="🧅 Classic French Onion Soup Gratinée 🥣" (required)
[2516] button "Add all"
[2402] button "Options"
[2808] button "Personalized suggestion illustration #appetizer"
[2818] button "#strawberry"
[2828] button "Personalized suggestion illustration #baking"
[2032] textbox "Tell viewers about your video (type @ to mention a channel)"
[2252] link "Learn more about playlists"
[2258] button "Select playlists"
[2262] button "Select"
[2085] link "What's content made for kids?"
[2092] link "Learn more about video's audience settings"
[2095] radio "Yes, it's made for kids . Features like personalized ads and notifications won’t be available on videos made for kids. Videos that are set as made for kids by you are more likely to be recommended alongside other kids’ videos. Learn more"
[2099] link "Learn more"
[2100] radio "No, it's not made for kids"
[2017] button "Age restriction (advanced)"
[2173] button "Show advanced settings"
[2235] link "https://youtube.com/shorts/ZPE2Yx5NoRk"
[2238] button "Copy video link"
[1599] button "Next"
[546] clickable "Inspiration
        


  
      Videos
    


  
        Shorts
      


  
        Live
      


  "
[2405] clickable "The following suggestions were automatically generated based on your existing content. You can add
  and edit them to help viewers discover, understand, and engage with your content."
[2094] clickable "Yes, it's made for kids.
          Features like personalized ads and notifications won’t be availab"
[2026-06-01 09:13:28] [OUT] ---
[2026-06-01 09:13:28] [INFO] Filling Description...

[2026-06-01 09:13:31] [CMD] browseros-cli fill -p 318 2032 Recipe: 
Ingredients: 🧅 4 large yellow onions (thinly sliced), 🧈 4 tbsp butter, 🥩 6 cups rich beef stock, 🍷 1/2 cup dry sherry, 🌿 thyme, baguette slices, 🧀 and 1.5 cups Gruyère cheese. 
Steps: 👨‍🍳 Caramelize onions in butter on low heat for at least 45 minutes until deep brown. 🥣 Deglaze with sherry. 🔥 Add stock and thyme; simmer for 20 mins. ⏲️ Pour into oven-safe crocks. 🍳 Top each with a toasted baguette slice and a thick layer of Gruyère. 🔪 Broil until the cheese is bubbling and has dark brown spots.
#frenchonionsoup #soup #frenchcuisine #cheese #comfortfood #dinner #gruyere #souptime 🌮🍱
[2026-06-01 09:13:31] [EXIT] 0
[2026-06-01 09:13:31] [OUT] ---
Typed 612 characters into [2032] at (472, 490)
[2026-06-01 09:13:31] [OUT] ---
[2026-06-01 09:13:33] [INFO] Selecting 'Not made for kids'...

[2026-06-01 09:13:34] [CMD] browseros-cli snap -p 318
[2026-06-01 09:13:34] [EXIT] 0
[2026-06-01 09:13:34] [OUT] ---
[905] button "Sort by Date"
[942] button "Sort by Views"
[1492] button "Send Feedback"
[1504] button "Close"
[2176] tab "Details" (selected)
[2187] tab "Video elements"
[2198] tab "Checks"
[2209] tab "Visibility"
[1973] button "Reuse details"
[2289] textbox "Add a title that describes your video (type @ to mention a channel)" value="🧅 Classic French Onion Soup Gratinée 🥣" (required)
[2032] textbox "Tell viewers about your video (type @ to mention a channel)" value="Recipe: 
Ingredients: 🧅 4 large yellow onions (thinly sliced), 🧈 4 tbsp butter, 🥩 6 cups rich beef stock, 🍷 1/2 cup dry sherry, 🌿 thyme, baguette slices, 🧀 and 1.5 cups Gruyère cheese. 
Steps: 👨‍🍳 Caramelize onions in butter on low heat for at least 45 minutes until deep brown. 🥣 Deglaze with sherry. 🔥 Add stock and thyme; simmer for 20 mins. ⏲️ Pour into oven-safe crocks. 🍳 Top each with a toasted baguette slice and a thick layer of Gruyère. 🔪 Broil until the cheese is bubbling and has dark brown spots.
#frenchonionsoup #soup #frenchcuisine #cheese #comfortfood #dinner #gruyere #souptime 🌮🍱
"
[2252] link "Learn more about playlists"
[2258] button "Select playlists"
[2262] button "Select"
[2085] link "What's content made for kids?"
[2092] link "Learn more about video's audience settings"
[2095] radio "Yes, it's made for kids . Features like personalized ads and notifications won’t be available on videos made for kids. Videos that are set as made for kids by you are more likely to be recommended alongside other kids’ videos. Learn more"
[2099] link "Learn more"
[2100] radio "No, it's not made for kids"
[2017] button "Age restriction (advanced)"
[2173] button "Show advanced settings"
[2235] link "https://youtube.com/shorts/ZPE2Yx5NoRk"
[2238] button "Copy video link"
[1599] button "Next"
[546] clickable "Inspiration
        


  
      Videos
    


  
        Shorts
      


  
        Live
      


  "
[2094] clickable "Yes, it's made for kids.
          Features like personalized ads and notifications won’t be availab"
[2026-06-01 09:13:34] [OUT] ---

[2026-06-01 09:13:35] [CMD] browseros-cli click -p 318 2100
[2026-06-01 09:13:35] [EXIT] 0
[2026-06-01 09:13:35] [OUT] ---
Clicked [2100] at (303, 464)
[2026-06-01 09:13:35] [OUT] ---
[2026-06-01 09:13:35] [INFO] Selected 'Not made for kids'
[2026-06-01 09:13:37] [INFO] ========================================
[2026-06-01 09:13:37] [INFO]   Phase 5: Navigate to Visibility Screen
[2026-06-01 09:13:37] [INFO] ========================================

[2026-06-01 09:13:38] [CMD] browseros-cli snap -p 318
[2026-06-01 09:13:38] [EXIT] 0
[2026-06-01 09:13:38] [OUT] ---
[905] button "Sort by Date"
[942] button "Sort by Views"
[1492] button "Send Feedback"
[1504] button "Close"
[2176] tab "Details" (selected)
[2187] tab "Video elements"
[2198] tab "Checks"
[2209] tab "Visibility"
[1973] button "Reuse details"
[2289] textbox "Add a title that describes your video (type @ to mention a channel)" value="🧅 Classic French Onion Soup Gratinée 🥣" (required)
[2032] textbox "Tell viewers about your video (type @ to mention a channel)" value="Recipe: 
Ingredients: 🧅 4 large yellow onions (thinly sliced), 🧈 4 tbsp butter, 🥩 6 cups rich beef stock, 🍷 1/2 cup dry sherry, 🌿 thyme, baguette slices, 🧀 and 1.5 cups Gruyère cheese. 
Steps: 👨‍🍳 Caramelize onions in butter on low heat for at least 45 minutes until deep brown. 🥣 Deglaze with sherry. 🔥 Add stock and thyme; simmer for 20 mins. ⏲️ Pour into oven-safe crocks. 🍳 Top each with a toasted baguette slice and a thick layer of Gruyère. 🔪 Broil until the cheese is bubbling and has dark brown spots.
#frenchonionsoup #soup #frenchcuisine #cheese #comfortfood #dinner #gruyere #souptime 🌮🍱
"
[2252] link "Learn more about playlists"
[2258] button "Select playlists"
[2262] button "Select"
[2085] link "What's content made for kids?"
[2092] link "Learn more about video's audience settings"
[2095] radio "Yes, it's made for kids . Features like personalized ads and notifications won’t be available on videos made for kids. Videos that are set as made for kids by you are more likely to be recommended alongside other kids’ videos. Learn more"
[2099] link "Learn more"
[2100] radio "No, it's not made for kids"
[2017] button "Age restriction (advanced)"
[2173] button "Show advanced settings"
[2235] link "https://youtube.com/shorts/ZPE2Yx5NoRk"
[2238] button "Copy video link"
[1599] button "Next"
[546] clickable "Inspiration
        


  
      Videos
    


  
        Shorts
      


  
        Live
      


  "
[2094] clickable "Yes, it's made for kids.
          Features like personalized ads and notifications won’t be availab"
[2026-06-01 09:13:38] [OUT] ---
[2026-06-01 09:13:38] [INFO] Clicking Next (1/3)...

[2026-06-01 09:13:39] [CMD] browseros-cli click -p 318 1599
[2026-06-01 09:13:39] [EXIT] 0
[2026-06-01 09:13:39] [OUT] ---
Clicked [1599] at (1061, 697)
[2026-06-01 09:13:39] [OUT] ---

[2026-06-01 09:13:43] [CMD] browseros-cli snap -p 318
[2026-06-01 09:13:43] [EXIT] 0
[2026-06-01 09:13:43] [OUT] ---
[422] menuitem "Content detection"
[441] menuitem "Earn"
[460] menuitem "Customization"
[479] menuitem "Audio library"
[504] button "Settings"
[517] button "Send feedback"
[565] tab "Inspiration"
[568] tab "Videos" (selected)
[570] tab "Shorts"
[573] tab "Live"
[576] tab "Posts"
[579] tab "Playlists"
[582] tab "Podcasts"
[585] tab "Promotions"
[591] tab "Collaborations"
[11] textbox "Filter"
[792] checkbox
[905] button "Sort by Date"
[942] button "Sort by Views"
[1492] button "Send Feedback"
[1504] button "Close"
[2176] tab "Details"
[2187] tab "Video elements" (selected)
[2198] tab "Checks"
[2209] tab "Visibility"
[11070] link "Learn more"
[11308] button "Add"
[11114] button "Add" (disabled)
[1592] button "Back"
[1599] button "Next"
[546] clickable "Inspiration
        


  
      Videos
    


  
        Shorts
      


  
        Live
      


  "
[2026-06-01 09:13:43] [OUT] ---

[2026-06-01 09:13:44] [CMD] browseros-cli snap -p 318
[2026-06-01 09:13:44] [EXIT] 0
[2026-06-01 09:13:44] [OUT] ---
[422] menuitem "Content detection"
[441] menuitem "Earn"
[460] menuitem "Customization"
[479] menuitem "Audio library"
[504] button "Settings"
[517] button "Send feedback"
[565] tab "Inspiration"
[568] tab "Videos" (selected)
[570] tab "Shorts"
[573] tab "Live"
[576] tab "Posts"
[579] tab "Playlists"
[582] tab "Podcasts"
[585] tab "Promotions"
[591] tab "Collaborations"
[11] textbox "Filter"
[792] checkbox
[905] button "Sort by Date"
[942] button "Sort by Views"
[1492] button "Send Feedback"
[1504] button "Close"
[2176] tab "Details"
[2187] tab "Video elements" (selected)
[2198] tab "Checks"
[2209] tab "Visibility"
[11070] link "Learn more"
[11308] button "Add"
[11114] button "Add" (disabled)
[1592] button "Back"
[1599] button "Next"
[546] clickable "Inspiration
        


  
      Videos
    


  
        Shorts
      


  
        Live
      


  "
[2026-06-01 09:13:44] [OUT] ---
[2026-06-01 09:13:44] [INFO] Clicking Next (2/3)...

[2026-06-01 09:13:45] [CMD] browseros-cli click -p 318 1599
[2026-06-01 09:13:45] [EXIT] 0
[2026-06-01 09:13:45] [OUT] ---
Clicked [1599] at (1061, 697)
[2026-06-01 09:13:45] [OUT] ---

[2026-06-01 09:13:49] [CMD] browseros-cli snap -p 318
[2026-06-01 09:13:49] [EXIT] 0
[2026-06-01 09:13:49] [OUT] ---
[460] menuitem "Customization"
[479] menuitem "Audio library"
[504] button "Settings"
[517] button "Send feedback"
[565] tab "Inspiration"
[568] tab "Videos" (selected)
[570] tab "Shorts"
[573] tab "Live"
[576] tab "Posts"
[579] tab "Playlists"
[582] tab "Podcasts"
[585] tab "Promotions"
[591] tab "Collaborations"
[11] textbox "Filter"
[792] checkbox
[905] button "Sort by Date"
[942] button "Sort by Views"
[1492] button "Send Feedback"
[1504] button "Close"
[2176] tab "Details"
[2187] tab "Video elements"
[2198] tab "Checks" (selected)
[2209] tab "Visibility"
[11452] link "Learn more"
[11497] link "Learn more"
[11464] button "Send feedback"
[1592] button "Back"
[1599] button "Next"
[546] clickable "Inspiration
        


  
      Videos
    


  
        Shorts
      


  
        Live
      


  "
[11463] clickable "Send feedback"
[11465] clickable "Send feedback"
[2026-06-01 09:13:49] [OUT] ---

[2026-06-01 09:13:50] [CMD] browseros-cli snap -p 318
[2026-06-01 09:13:50] [EXIT] 0
[2026-06-01 09:13:50] [OUT] ---
[460] menuitem "Customization"
[479] menuitem "Audio library"
[504] button "Settings"
[517] button "Send feedback"
[565] tab "Inspiration"
[568] tab "Videos" (selected)
[570] tab "Shorts"
[573] tab "Live"
[576] tab "Posts"
[579] tab "Playlists"
[582] tab "Podcasts"
[585] tab "Promotions"
[591] tab "Collaborations"
[11] textbox "Filter"
[792] checkbox
[905] button "Sort by Date"
[942] button "Sort by Views"
[1492] button "Send Feedback"
[1504] button "Close"
[2176] tab "Details"
[2187] tab "Video elements"
[2198] tab "Checks" (selected)
[2209] tab "Visibility"
[11452] link "Learn more"
[11497] link "Learn more"
[11464] button "Send feedback"
[1592] button "Back"
[1599] button "Next"
[546] clickable "Inspiration
        


  
      Videos
    


  
        Shorts
      


  
        Live
      


  "
[11463] clickable "Send feedback"
[11465] clickable "Send feedback"
[2026-06-01 09:13:50] [OUT] ---
[2026-06-01 09:13:50] [INFO] Clicking Next (3/3)...

[2026-06-01 09:13:51] [CMD] browseros-cli click -p 318 1599
[2026-06-01 09:13:51] [EXIT] 0
[2026-06-01 09:13:51] [OUT] ---
Clicked [1599] at (1061, 697)
[2026-06-01 09:13:51] [OUT] ---

[2026-06-01 09:13:55] [CMD] browseros-cli snap -p 318
[2026-06-01 09:13:55] [EXIT] 0
[2026-06-01 09:13:55] [OUT] ---
[11905] radio "Private"
[11915] radio "Unlisted"
[11924] radio "Public"
[11632] button "Click to expand"
[11567] link "Learn more"
[11572] link "Learn more"
[11858] button "Play"
[11861] button "Mute"
[11683] slider "volume"
[11865] button "Settings"
[11890] button "Full screen"
[11600] link "https://youtube.com/shorts/ZPE2Yx5NoRk"
[11603] button "Copy video link"
[1592] button "Back"
[1606] button "Save"
[546] clickable "Inspiration
        


  
      Videos
    


  
        Shorts
      


  
        Live
      


  "
[11643] clickable "Private
          

          
          
            
              Only you and people you choose "
[11626] clickable "Schedule
      
        
          Select a date to make your video public.
        
      
      
 "
[2026-06-01 09:13:55] [OUT] ---
[2026-06-01 09:13:55] [INFO] Reached Visibility screen
[2026-06-01 09:13:55] [INFO] ========================================
[2026-06-01 09:13:55] [INFO]   Phase 6: Open Scheduling Options
[2026-06-01 09:13:55] [INFO] ========================================
[2026-06-01 09:13:55] [INFO] Clicking 'Schedule' option...

[2026-06-01 09:13:56] [CMD] browseros-cli snap -p 318
[2026-06-01 09:13:56] [EXIT] 0
[2026-06-01 09:13:56] [OUT] ---
[11905] radio "Private"
[11915] radio "Unlisted"
[11924] radio "Public"
[11632] button "Click to expand"
[11567] link "Learn more"
[11572] link "Learn more"
[11858] button "Play"
[11861] button "Mute"
[11683] slider "volume"
[11865] button "Settings"
[11890] button "Full screen"
[11600] link "https://youtube.com/shorts/ZPE2Yx5NoRk"
[11603] button "Copy video link"
[1592] button "Back"
[1606] button "Save"
[546] clickable "Inspiration
        


  
      Videos
    


  
        Shorts
      


  
        Live
      


  "
[11643] clickable "Private
          

          
          
            
              Only you and people you choose "
[11626] clickable "Schedule
      
        
          Select a date to make your video public.
        
      
      
 "
[2026-06-01 09:13:56] [OUT] ---

[2026-06-01 09:13:57] [CMD] browseros-cli click -p 318 11626
[2026-06-01 09:13:57] [EXIT] 0
[2026-06-01 09:13:57] [OUT] ---
Clicked [11626] at (472, 574)
[2026-06-01 09:13:57] [OUT] ---
[2026-06-01 09:13:59] [INFO] ========================================
[2026-06-01 09:13:59] [INFO]   Phase 7: Fill Date and Time
[2026-06-01 09:13:59] [INFO] ========================================
[2026-06-01 09:13:59] [INFO] Setting date: Jun 20, 2026, time: 8:30 AM
[2026-06-01 09:13:59] [INFO] Opening date picker...

[2026-06-01 09:14:00] [CMD] browseros-cli snap -p 318
[2026-06-01 09:14:00] [EXIT] 0
[2026-06-01 09:14:00] [OUT] ---
[942] button "Sort by Views"
[1492] button "Send Feedback"
[1504] button "Close"
[2176] tab "Details"
[2187] tab "Video elements"
[2198] tab "Checks"
[2209] tab "Visibility" (selected)
[11618] button "Click to expand"
[12154] button "Jun 2, 2026"
[12158] button "Jun 2, 2026"
[12184] textbox value="12:00 AM"
[12267] button "Time zone"
[11567] link "Learn more"
[11572] link "Learn more"
[11858] button "Play"
[11861] button "Mute"
[11683] slider "volume"
[11865] button "Settings"
[11890] button "Full screen"
[11600] link "https://youtube.com/shorts/ZPE2Yx5NoRk"
[11603] button "Copy video link"
[1592] button "Back"
[1606] button "Schedule"
[546] clickable "Inspiration
        


  
      Videos
    


  
        Shorts
      


  
        Live
      


  "
[11579] clickable "Save or publish
        
        
          Make your video public, unlisted, or private
        
  "
[12268] clickable "Default set to local time zone (GMT+0530)"
[2026-06-01 09:14:00] [OUT] ---

[2026-06-01 09:14:01] [CMD] browseros-cli click -p 318 12154
[2026-06-01 09:14:01] [EXIT] 0
[2026-06-01 09:14:01] [OUT] ---
Clicked [12154] at (310, 490)
[2026-06-01 09:14:01] [OUT] ---

[2026-06-01 09:14:04] [CMD] browseros-cli snap -p 318
[2026-06-01 09:14:04] [EXIT] 0
[2026-06-01 09:14:04] [OUT] ---
[12521] clickable "13"
[12522] clickable "14"
[12523] clickable "15"
[12524] clickable "16"
[12525] clickable "17"
[12526] clickable "18"
[12527] clickable "19"
[12528] clickable "20"
[12529] clickable "21"
[12530] clickable "22"
[12531] clickable "23"
[12532] clickable "24"
[12533] clickable "25"
[12534] clickable "26"
[12535] clickable "27"
[12536] clickable "28"
[12537] clickable "29"
[12538] clickable "30"
[12539] clickable "31"
[12547] clickable "1"
[12548] clickable "2"
[12549] clickable "3"
[12550] clickable "4"
[12551] clickable "5"
[12552] clickable "6"
[12553] clickable "7"
[12554] clickable "8"
[12555] clickable "9"
[12556] clickable "10"
[12557] clickable "11"
[12558] clickable "12"
[12559] clickable "13"
[12560] clickable "14"
[12561] clickable "15"
[12562] clickable "16"
[12563] clickable "17"
[12564] clickable "18"
[12565] clickable "19"
[12566] clickable "20"
[12567] clickable "21"
[12568] clickable "22"
[12569] clickable "23"
[12570] clickable "24"
[12571] clickable "25"
[12572] clickable "26"
[12573] clickable "27"
[12574] clickable "28"
[12575] clickable "29"
[12576] clickable "30"
[12577] clickable "31"
[2026-06-01 09:14:04] [OUT] ---

[2026-06-01 09:14:05] [CMD] browseros-cli fill -p 318 12361 Jun 20, 2026
[2026-06-01 09:14:05] [EXIT] 0
[2026-06-01 09:14:05] [OUT] ---
Typed 12 characters into [12361] at (327, 124)
[2026-06-01 09:14:05] [OUT] ---

[2026-06-01 09:14:07] [CMD] browseros-cli key -p 318 Enter
[2026-06-01 09:14:07] [EXIT] 0
[2026-06-01 09:14:07] [OUT] ---
Pressed Enter
[2026-06-01 09:14:07] [OUT] ---
[2026-06-01 09:14:09] [INFO] Setting time...

[2026-06-01 09:14:10] [CMD] browseros-cli snap -p 318
[2026-06-01 09:14:10] [EXIT] 0
[2026-06-01 09:14:10] [OUT] ---
[942] button "Sort by Views"
[1492] button "Send Feedback"
[1504] button "Close"
[2176] tab "Details"
[2187] tab "Video elements"
[2198] tab "Checks"
[2209] tab "Visibility" (selected)
[11618] button "Click to expand"
[12154] button "Jun 20, 2026"
[12158] button "Jun 20, 2026"
[12184] textbox value="12:00 AM"
[12267] button "Time zone"
[11567] link "Learn more"
[11572] link "Learn more"
[11858] button "Play"
[11861] button "Mute"
[11683] slider "volume"
[11865] button "Settings"
[11890] button "Full screen"
[11600] link "https://youtube.com/shorts/ZPE2Yx5NoRk"
[11603] button "Copy video link"
[1592] button "Back"
[1606] button "Schedule"
[546] clickable "Inspiration
        


  
      Videos
    


  
        Shorts
      


  
        Live
      


  "
[11579] clickable "Save or publish
        
        
          Make your video public, unlisted, or private
        
  "
[12268] clickable "Default set to local time zone (GMT+0530)"
[2026-06-01 09:14:10] [OUT] ---
[2026-06-01 09:14:10] [INFO] Clicking time input box to open dropdown...

[2026-06-01 09:14:11] [CMD] browseros-cli click -p 318 12184
[2026-06-01 09:14:11] [EXIT] 0
[2026-06-01 09:14:11] [OUT] ---
Clicked [12184] at (466, 490)
[2026-06-01 09:14:11] [OUT] ---

[2026-06-01 09:14:14] [CMD] browseros-cli snap -p 318
[2026-06-01 09:14:14] [EXIT] 0
[2026-06-01 09:14:14] [OUT] ---
[13176] option "6:15 PM"
[13177] option "6:30 PM"
[13178] option "6:45 PM"
[13179] option "7:00 PM"
[13180] option "7:15 PM"
[13181] option "7:30 PM"
[13182] option "7:45 PM"
[13183] option "8:00 PM"
[13184] option "8:15 PM"
[13185] option "8:30 PM"
[13186] option "8:45 PM"
[13187] option "9:00 PM"
[13188] option "9:15 PM"
[13189] option "9:30 PM"
[13190] option "9:45 PM"
[13191] option "10:00 PM"
[13192] option "10:15 PM"
[13193] option "10:30 PM"
[13194] option "10:45 PM"
[13195] option "11:00 PM"
[13196] option "11:15 PM"
[13197] option "11:30 PM"
[13198] option "11:45 PM"
[546] clickable "Inspiration
        


  
      Videos
    


  
        Shorts
      


  
        Live
      


  "
[11579] clickable "Save or publish
        
        
          Make your video public, unlisted, or private
        
  "
[12268] clickable "Default set to local time zone (GMT+0530)"
[2026-06-01 09:14:14] [OUT] ---
[2026-06-01 09:14:14] [INFO] Clicking time option ref: 13137 for 8:30 AM

[2026-06-01 09:14:15] [CMD] browseros-cli click -p 318 13137
[2026-06-01 09:14:15] [EXIT] 0
[2026-06-01 09:14:15] [OUT] ---
Clicked [13137] at (466, 316)
[2026-06-01 09:14:15] [OUT] ---
[2026-06-01 09:14:17] [INFO] Date and time filled successfully
[2026-06-01 09:14:17] [INFO] ========================================
[2026-06-01 09:14:17] [INFO]   Phase 8: User Verification
[2026-06-01 09:14:17] [INFO] ========================================
[2026-06-01 09:14:17] [INFO] 
[2026-06-01 09:14:17] [INFO] ============================================
[2026-06-01 09:14:17] [INFO]   SCHEDULED REEL REVIEW
[2026-06-01 09:14:17] [INFO] ============================================
[2026-06-01 09:14:17] [INFO]   Asset ID: 35
[2026-06-01 09:14:17] [INFO]   Project:  project-1
[2026-06-01 09:14:17] [INFO]   Date:     2026-06-20 (Saturday)
[2026-06-01 09:14:17] [INFO]   Time:     08:30:00
[2026-06-01 09:14:17] [INFO] ============================================
[2026-06-01 09:14:17] [INFO] 
[2026-06-01 09:14:17] [INFO] [YOLO] Finding 'Schedule' button...

[2026-06-01 09:14:19] [CMD] browseros-cli snap -p 318
[2026-06-01 09:14:19] [EXIT] 0
[2026-06-01 09:14:19] [OUT] ---
[942] button "Sort by Views"
[1492] button "Send Feedback"
[1504] button "Close"
[2176] tab "Details"
[2187] tab "Video elements"
[2198] tab "Checks"
[2209] tab "Visibility" (selected)
[11618] button "Click to expand"
[12154] button "Jun 20, 2026"
[12158] button "Jun 20, 2026"
[12184] textbox value="8:30 AM"
[12267] button "Time zone"
[11567] link "Learn more"
[11572] link "Learn more"
[11858] button "Play"
[11861] button "Mute"
[11683] slider "volume"
[11865] button "Settings"
[11890] button "Full screen"
[11600] link "https://youtube.com/shorts/ZPE2Yx5NoRk"
[11603] button "Copy video link"
[1592] button "Back"
[1606] button "Schedule"
[546] clickable "Inspiration
        


  
      Videos
    


  
        Shorts
      


  
        Live
      


  "
[11579] clickable "Save or publish
        
        
          Make your video public, unlisted, or private
        
  "
[12268] clickable "Default set to local time zone (GMT+0530)"
[2026-06-01 09:14:19] [OUT] ---
[2026-06-01 09:14:19] [INFO] Clicking 'Schedule' button (ref: 1606)...

[2026-06-01 09:14:20] [CMD] browseros-cli click -p 318 1606
[2026-06-01 09:14:20] [EXIT] 0
[2026-06-01 09:14:20] [OUT] ---
Clicked [1606] at (1047, 697)
[2026-06-01 09:14:20] [OUT] ---
[2026-06-01 09:14:30] [INFO] Marking asset 35 as uploaded for youtube...
[2026-06-01 09:14:30] [DEBUG] mark_uploaded output: {"success": true, "id": "35", "platform": "youtube"}
[2026-06-01 09:14:30] [INFO] Marking asset 35 as scheduled for youtube...
[2026-06-01 09:14:30] [DEBUG] mark_scheduled output: {"success": true, "id": "35", "platform": "youtube"}
[2026-06-01 09:14:30] [INFO] Tracker updated for asset 35
[2026-06-01 09:14:30] [INFO] ========================================
[2026-06-01 09:14:30] [INFO]   Phase 9: Close Browser Tab
[2026-06-01 09:14:30] [INFO] ========================================

[2026-06-01 09:14:31] [CMD] browseros-cli close -p 318
[2026-06-01 09:14:31] [EXIT] 0
[2026-06-01 09:14:31] [OUT] ---
Closed page 318
[2026-06-01 09:14:31] [OUT] ---
[2026-06-01 09:14:31] [INFO] Browser tab closed
[2026-06-01 09:14:31] [INFO] ========================================
[2026-06-01 09:14:31] [INFO]   Processing Schedule Entry 14 / 23
[2026-06-01 09:14:31] [INFO] ========================================
[2026-06-01 09:14:31] [INFO] Date: 2026-06-20, Day: Saturday, Time: 11:15:00
[2026-06-01 09:14:31] [INFO] ========================================
[2026-06-01 09:14:31] [INFO]   Phase 1: Identify Project and Asset
[2026-06-01 09:14:31] [INFO] ========================================
[2026-06-01 09:14:31] [INFO] Fetching mapped post for project 1...
[2026-06-01 09:14:31] [DEBUG] get_mapped_post exit=0 output='ID: 36
Caption: 🧄 Garlic & Rosemary Herb-Crusted Lamb Chops 🥩
Recipe: 
Ingredients: 🥩 4 lamb rib chops, 🧄 2 cloves minced garlic, 🌿 1 tbsp chopped fresh rosemary, 🌿 1 tsp thyme, 🫒 2 tbsp olive oil, 🧂 salt and pepper. 
Steps: 👨‍🍳 Rub the chops with oil, garlic, and herbs; let marinate for 30 mins. 🥣 Heat a heavy skillet until smoking. 🔥 Sear the chops for 3-4 mins per side for medium-rare. ⏲️ Make sure to sear the fat cap on the side until crispy. 🍳 Let the meat rest for 5 minutes before serving with a squeeze of lemon or a red wine reduction.
#lambchops #meat #dinner #cooking #finedining #rosemary #gourmet #lamb 🌮🍱'
[2026-06-01 09:14:31] [INFO] Asset ID: 36
[2026-06-01 09:14:31] [INFO] Title length: 45 chars
[2026-06-01 09:14:31] [INFO] Description length: 560 chars
[2026-06-01 09:14:31] [INFO] Asset path: /Users/dsen/Projects/ai-post-maker/project-1/assets/36.mp4
[2026-06-01 09:14:31] [INFO] ========================================
[2026-06-01 09:14:31] [INFO]   Phase 2: Open YouTube Upload Page
[2026-06-01 09:14:31] [INFO] ========================================
[2026-06-01 09:14:31] [INFO] Opening new page: https://www.youtube.com/upload

[2026-06-01 09:14:32] [CMD] browseros-cli open https://www.youtube.com/upload --json
[2026-06-01 09:14:32] [EXIT] 0
[2026-06-01 09:14:32] [OUT] ---
{"background":false,"hidden":false,"pageId":320,"url":"https://www.youtube.com/upload"}
[2026-06-01 09:14:32] [OUT] ---
[2026-06-01 09:14:32] [INFO] Page opened with ID: 320
[2026-06-01 09:14:37] [INFO] Page loaded successfully
[2026-06-01 09:14:37] [INFO] ========================================
[2026-06-01 09:14:37] [INFO]   Phase 3: Upload the Video File
[2026-06-01 09:14:37] [INFO] ========================================
[2026-06-01 09:14:37] [INFO] Exposing hidden file input...

[2026-06-01 09:14:38] [CMD] browseros-cli eval -p 320 document.querySelectorAll('input[type="file"]').forEach((i, idx) => { i.removeAttribute('aria-hidden'); i.style.display='block'; i.style.visibility='visible'; i.style.opacity='1'; i.style.position='static'; i.style.width='100px'; i.style.height='50px'; i.style.zIndex='999999'; i.title='Upload Video File'; });
[2026-06-01 09:14:38] [EXIT] 0
[2026-06-01 09:14:38] [OUT] ---
undefined
[2026-06-01 09:14:38] [OUT] ---
[2026-06-01 09:14:40] [INFO] Taking snapshot to find file input...

[2026-06-01 09:14:41] [CMD] browseros-cli snap -p 320
[2026-06-01 09:14:41] [EXIT] 0
[2026-06-01 09:14:41] [OUT] ---
[345] menuitem "Content"
[365] menuitem "Analytics"
[384] menuitem "Community"
[403] menuitem "Subtitles"
[422] menuitem "Content detection"
[441] menuitem "Earn"
[460] menuitem "Customization"
[479] menuitem "Audio library"
[504] button "Settings"
[517] button "Send feedback"
[565] tab "Inspiration"
[568] tab "Videos" (selected)
[570] tab "Shorts"
[573] tab "Live"
[576] tab "Posts"
[579] tab "Playlists"
[582] tab "Podcasts"
[585] tab "Promotions"
[591] tab "Collaborations"
[9] textbox "Filter"
[792] checkbox
[905] button "Sort by Date"
[942] button "Sort by Views"
[1492] button "Send Feedback"
[1504] button "Close"
[1537] button "Select files"
[1542] button "Choose Files"
[1546] link "Terms of Service"
[1547] link "Community Guidelines"
[1551] link "Learn more"
[546] clickable "Inspiration
        


  
      Videos
    


  
        Shorts
      


  
        Live
      


  "
[2026-06-01 09:14:41] [OUT] ---

[2026-06-01 09:14:42] [CMD] browseros-cli snap -p 320
[2026-06-01 09:14:42] [EXIT] 0
[2026-06-01 09:14:42] [OUT] ---
[345] menuitem "Content"
[365] menuitem "Analytics"
[384] menuitem "Community"
[403] menuitem "Subtitles"
[422] menuitem "Content detection"
[441] menuitem "Earn"
[460] menuitem "Customization"
[479] menuitem "Audio library"
[504] button "Settings"
[517] button "Send feedback"
[565] tab "Inspiration"
[568] tab "Videos" (selected)
[570] tab "Shorts"
[573] tab "Live"
[576] tab "Posts"
[579] tab "Playlists"
[582] tab "Podcasts"
[585] tab "Promotions"
[591] tab "Collaborations"
[9] textbox "Filter"
[792] checkbox
[905] button "Sort by Date"
[942] button "Sort by Views"
[1492] button "Send Feedback"
[1504] button "Close"
[1537] button "Select files"
[1542] button "Choose Files"
[1546] link "Terms of Service"
[1547] link "Community Guidelines"
[1551] link "Learn more"
[546] clickable "Inspiration
        


  
      Videos
    


  
        Shorts
      


  
        Live
      


  "
[2026-06-01 09:14:42] [OUT] ---

[2026-06-01 09:14:43] [CMD] browseros-cli snap -p 320
[2026-06-01 09:14:43] [EXIT] 0
[2026-06-01 09:14:43] [OUT] ---
[345] menuitem "Content"
[365] menuitem "Analytics"
[384] menuitem "Community"
[403] menuitem "Subtitles"
[422] menuitem "Content detection"
[441] menuitem "Earn"
[460] menuitem "Customization"
[479] menuitem "Audio library"
[504] button "Settings"
[517] button "Send feedback"
[565] tab "Inspiration"
[568] tab "Videos" (selected)
[570] tab "Shorts"
[573] tab "Live"
[576] tab "Posts"
[579] tab "Playlists"
[582] tab "Podcasts"
[585] tab "Promotions"
[591] tab "Collaborations"
[9] textbox "Filter"
[792] checkbox
[905] button "Sort by Date"
[942] button "Sort by Views"
[1492] button "Send Feedback"
[1504] button "Close"
[1537] button "Select files"
[1542] button "Choose Files"
[1546] link "Terms of Service"
[1547] link "Community Guidelines"
[1551] link "Learn more"
[546] clickable "Inspiration
        


  
      Videos
    


  
        Shorts
      


  
        Live
      


  "
[2026-06-01 09:14:43] [OUT] ---
[2026-06-01 09:14:43] [INFO] Attempting upload to ref: 1542...

[2026-06-01 09:14:44] [CMD] browseros-cli upload -p 320 1542 /Users/dsen/Projects/ai-post-maker/project-1/assets/36.mp4
[2026-06-01 09:14:44] [EXIT] 0
[2026-06-01 09:14:44] [OUT] ---
Set 1 file(s) on [1542]
[2026-06-01 09:14:44] [OUT] ---
[2026-06-01 09:14:49] [INFO] Waiting for 'Details' screen to appear...

[2026-06-01 09:14:50] [CMD] browseros-cli snap -p 320
[2026-06-01 09:14:50] [EXIT] 0
[2026-06-01 09:14:50] [OUT] ---
[1504] button "Close"
[2176] tab "Details" (selected)
[2187] tab "Video elements"
[2198] tab "Checks"
[2209] tab "Visibility"
[1973] button "Reuse details"
[2289] textbox "Add a title that describes your video (type @ to mention a channel)" value="36" (required)
[2516] button "Add all"
[2402] button "Options"
[2806] button "Personalized suggestion illustration #appetizer"
[2816] button "#strawberry"
[2826] button "Personalized suggestion illustration #baking"
[2032] textbox "Tell viewers about your video (type @ to mention a channel)"
[2252] link "Learn more about playlists"
[2258] button "Select playlists"
[2262] button "Select"
[2085] link "What's content made for kids?"
[2092] link "Learn more about video's audience settings"
[2095] radio "Yes, it's made for kids . Features like personalized ads and notifications won’t be available on videos made for kids. Videos that are set as made for kids by you are more likely to be recommended alongside other kids’ videos. Learn more"
[2099] link "Learn more"
[2100] radio "No, it's not made for kids"
[2017] button "Age restriction (advanced)"
[2173] button "Show advanced settings"
[2235] link "https://youtube.com/shorts/3_stJnSZ3UY"
[2238] button "Copy video link"
[1599] button "Next"
[546] clickable "Inspiration
        


  
      Videos
    


  
        Shorts
      


  
        Live
      


  "
[2405] clickable "The following suggestions were automatically generated based on your existing content. You can add
  and edit them to help viewers discover, understand, and engage with your content."
[2094] clickable "Yes, it's made for kids.
          Features like personalized ads and notifications won’t be availab"
[2026-06-01 09:14:50] [OUT] ---
[2026-06-01 09:14:50] [INFO] Video uploaded and Details screen reached
[2026-06-01 09:14:50] [INFO] ========================================
[2026-06-01 09:14:50] [INFO]   Phase 4: Fill Details
[2026-06-01 09:14:50] [INFO] ========================================
[2026-06-01 09:14:50] [INFO] Finding Title field...

[2026-06-01 09:14:51] [CMD] browseros-cli snap -p 320
[2026-06-01 09:14:51] [EXIT] 0
[2026-06-01 09:14:51] [OUT] ---
[1504] button "Close"
[2176] tab "Details" (selected)
[2187] tab "Video elements"
[2198] tab "Checks"
[2209] tab "Visibility"
[1973] button "Reuse details"
[2289] textbox "Add a title that describes your video (type @ to mention a channel)" value="36" (required)
[2516] button "Add all"
[2402] button "Options"
[2806] button "Personalized suggestion illustration #appetizer"
[2816] button "#strawberry"
[2826] button "Personalized suggestion illustration #baking"
[2032] textbox "Tell viewers about your video (type @ to mention a channel)"
[2252] link "Learn more about playlists"
[2258] button "Select playlists"
[2262] button "Select"
[2085] link "What's content made for kids?"
[2092] link "Learn more about video's audience settings"
[2095] radio "Yes, it's made for kids . Features like personalized ads and notifications won’t be available on videos made for kids. Videos that are set as made for kids by you are more likely to be recommended alongside other kids’ videos. Learn more"
[2099] link "Learn more"
[2100] radio "No, it's not made for kids"
[2017] button "Age restriction (advanced)"
[2173] button "Show advanced settings"
[2235] link "https://youtube.com/shorts/3_stJnSZ3UY"
[2238] button "Copy video link"
[1599] button "Next"
[546] clickable "Inspiration
        


  
      Videos
    


  
        Shorts
      


  
        Live
      


  "
[2405] clickable "The following suggestions were automatically generated based on your existing content. You can add
  and edit them to help viewers discover, understand, and engage with your content."
[2094] clickable "Yes, it's made for kids.
          Features like personalized ads and notifications won’t be availab"
[2026-06-01 09:14:51] [OUT] ---
[2026-06-01 09:14:51] [INFO] Filling Title...

[2026-06-01 09:14:52] [CMD] browseros-cli fill -p 320 2289 🧄 Garlic & Rosemary Herb-Crusted Lamb Chops 🥩
[2026-06-01 09:14:52] [EXIT] 0
[2026-06-01 09:14:52] [OUT] ---
Typed 47 characters into [2289] at (472, 229)
[2026-06-01 09:14:52] [OUT] ---
[2026-06-01 09:14:54] [INFO] Finding Description field...

[2026-06-01 09:14:55] [CMD] browseros-cli snap -p 320
[2026-06-01 09:14:55] [EXIT] 0
[2026-06-01 09:14:55] [OUT] ---
[1504] button "Close"
[2176] tab "Details" (selected)
[2187] tab "Video elements"
[2198] tab "Checks"
[2209] tab "Visibility"
[1973] button "Reuse details"
[2289] textbox "Add a title that describes your video (type @ to mention a channel)" value="🧄 Garlic & Rosemary Herb-Crusted Lamb Chops 🥩" (required)
[2516] button "Add all"
[2402] button "Options"
[2806] button "Personalized suggestion illustration #appetizer"
[2816] button "#strawberry"
[2826] button "Personalized suggestion illustration #baking"
[2032] textbox "Tell viewers about your video (type @ to mention a channel)"
[2252] link "Learn more about playlists"
[2258] button "Select playlists"
[2262] button "Select"
[2085] link "What's content made for kids?"
[2092] link "Learn more about video's audience settings"
[2095] radio "Yes, it's made for kids . Features like personalized ads and notifications won’t be available on videos made for kids. Videos that are set as made for kids by you are more likely to be recommended alongside other kids’ videos. Learn more"
[2099] link "Learn more"
[2100] radio "No, it's not made for kids"
[2017] button "Age restriction (advanced)"
[2173] button "Show advanced settings"
[2235] link "https://youtube.com/shorts/3_stJnSZ3UY"
[2238] button "Copy video link"
[1599] button "Next"
[546] clickable "Inspiration
        


  
      Videos
    


  
        Shorts
      


  
        Live
      


  "
[2405] clickable "The following suggestions were automatically generated based on your existing content. You can add
  and edit them to help viewers discover, understand, and engage with your content."
[2094] clickable "Yes, it's made for kids.
          Features like personalized ads and notifications won’t be availab"
[2026-06-01 09:14:55] [OUT] ---
[2026-06-01 09:14:55] [INFO] Filling Description...

[2026-06-01 09:14:58] [CMD] browseros-cli fill -p 320 2032 Recipe: 
Ingredients: 🥩 4 lamb rib chops, 🧄 2 cloves minced garlic, 🌿 1 tbsp chopped fresh rosemary, 🌿 1 tsp thyme, 🫒 2 tbsp olive oil, 🧂 salt and pepper. 
Steps: 👨‍🍳 Rub the chops with oil, garlic, and herbs; let marinate for 30 mins. 🥣 Heat a heavy skillet until smoking. 🔥 Sear the chops for 3-4 mins per side for medium-rare. ⏲️ Make sure to sear the fat cap on the side until crispy. 🍳 Let the meat rest for 5 minutes before serving with a squeeze of lemon or a red wine reduction.
#lambchops #meat #dinner #cooking #finedining #rosemary #gourmet #lamb 🌮🍱
[2026-06-01 09:14:58] [EXIT] 0
[2026-06-01 09:14:58] [OUT] ---
Typed 573 characters into [2032] at (472, 490)
[2026-06-01 09:14:58] [OUT] ---
[2026-06-01 09:15:00] [INFO] Selecting 'Not made for kids'...

[2026-06-01 09:15:01] [CMD] browseros-cli snap -p 320
[2026-06-01 09:15:01] [EXIT] 0
[2026-06-01 09:15:01] [OUT] ---
[905] button "Sort by Date"
[942] button "Sort by Views"
[1492] button "Send Feedback"
[1504] button "Close"
[2176] tab "Details" (selected)
[2187] tab "Video elements"
[2198] tab "Checks"
[2209] tab "Visibility"
[1973] button "Reuse details"
[2289] textbox "Add a title that describes your video (type @ to mention a channel)" value="🧄 Garlic & Rosemary Herb-Crusted Lamb Chops 🥩" (required)
[2032] textbox "Tell viewers about your video (type @ to mention a channel)" value="Recipe: 
Ingredients: 🥩 4 lamb rib chops, 🧄 2 cloves minced garlic, 🌿 1 tbsp chopped fresh rosemary, 🌿 1 tsp thyme, 🫒 2 tbsp olive oil, 🧂 salt and pepper. 
Steps: 👨‍🍳 Rub the chops with oil, garlic, and herbs; let marinate for 30 mins. 🥣 Heat a heavy skillet until smoking. 🔥 Sear the chops for 3-4 mins per side for medium-rare. ⏲️ Make sure to sear the fat cap on the side until crispy. 🍳 Let the meat rest for 5 minutes before serving with a squeeze of lemon or a red wine reduction.
#lambchops #meat #dinner #cooking #finedining #rosemary #gourmet #lamb 🌮🍱
"
[2252] link "Learn more about playlists"
[2258] button "Select playlists"
[2262] button "Select"
[2085] link "What's content made for kids?"
[2092] link "Learn more about video's audience settings"
[2095] radio "Yes, it's made for kids . Features like personalized ads and notifications won’t be available on videos made for kids. Videos that are set as made for kids by you are more likely to be recommended alongside other kids’ videos. Learn more"
[2099] link "Learn more"
[2100] radio "No, it's not made for kids"
[2017] button "Age restriction (advanced)"
[2173] button "Show advanced settings"
[2235] link "https://youtube.com/shorts/3_stJnSZ3UY"
[2238] button "Copy video link"
[1599] button "Next"
[546] clickable "Inspiration
        


  
      Videos
    


  
        Shorts
      


  
        Live
      


  "
[2094] clickable "Yes, it's made for kids.
          Features like personalized ads and notifications won’t be availab"
[2026-06-01 09:15:01] [OUT] ---

[2026-06-01 09:15:02] [CMD] browseros-cli click -p 320 2100
[2026-06-01 09:15:02] [EXIT] 0
[2026-06-01 09:15:02] [OUT] ---
Clicked [2100] at (303, 464)
[2026-06-01 09:15:02] [OUT] ---
[2026-06-01 09:15:02] [INFO] Selected 'Not made for kids'
[2026-06-01 09:15:04] [INFO] ========================================
[2026-06-01 09:15:04] [INFO]   Phase 5: Navigate to Visibility Screen
[2026-06-01 09:15:04] [INFO] ========================================

[2026-06-01 09:15:05] [CMD] browseros-cli snap -p 320
[2026-06-01 09:15:05] [EXIT] 0
[2026-06-01 09:15:05] [OUT] ---
[905] button "Sort by Date"
[942] button "Sort by Views"
[1492] button "Send Feedback"
[1504] button "Close"
[2176] tab "Details" (selected)
[2187] tab "Video elements"
[2198] tab "Checks"
[2209] tab "Visibility"
[1973] button "Reuse details"
[2289] textbox "Add a title that describes your video (type @ to mention a channel)" value="🧄 Garlic & Rosemary Herb-Crusted Lamb Chops 🥩" (required)
[2032] textbox "Tell viewers about your video (type @ to mention a channel)" value="Recipe: 
Ingredients: 🥩 4 lamb rib chops, 🧄 2 cloves minced garlic, 🌿 1 tbsp chopped fresh rosemary, 🌿 1 tsp thyme, 🫒 2 tbsp olive oil, 🧂 salt and pepper. 
Steps: 👨‍🍳 Rub the chops with oil, garlic, and herbs; let marinate for 30 mins. 🥣 Heat a heavy skillet until smoking. 🔥 Sear the chops for 3-4 mins per side for medium-rare. ⏲️ Make sure to sear the fat cap on the side until crispy. 🍳 Let the meat rest for 5 minutes before serving with a squeeze of lemon or a red wine reduction.
#lambchops #meat #dinner #cooking #finedining #rosemary #gourmet #lamb 🌮🍱
"
[2252] link "Learn more about playlists"
[2258] button "Select playlists"
[2262] button "Select"
[2085] link "What's content made for kids?"
[2092] link "Learn more about video's audience settings"
[2095] radio "Yes, it's made for kids . Features like personalized ads and notifications won’t be available on videos made for kids. Videos that are set as made for kids by you are more likely to be recommended alongside other kids’ videos. Learn more"
[2099] link "Learn more"
[2100] radio "No, it's not made for kids"
[2017] button "Age restriction (advanced)"
[2173] button "Show advanced settings"
[2235] link "https://youtube.com/shorts/3_stJnSZ3UY"
[2238] button "Copy video link"
[1599] button "Next"
[546] clickable "Inspiration
        


  
      Videos
    


  
        Shorts
      


  
        Live
      


  "
[2094] clickable "Yes, it's made for kids.
          Features like personalized ads and notifications won’t be availab"
[2026-06-01 09:15:05] [OUT] ---
[2026-06-01 09:15:05] [INFO] Clicking Next (1/3)...

[2026-06-01 09:15:06] [CMD] browseros-cli click -p 320 1599
[2026-06-01 09:15:06] [EXIT] 0
[2026-06-01 09:15:06] [OUT] ---
Clicked [1599] at (1061, 697)
[2026-06-01 09:15:06] [OUT] ---

[2026-06-01 09:15:10] [CMD] browseros-cli snap -p 320
[2026-06-01 09:15:10] [EXIT] 0
[2026-06-01 09:15:10] [OUT] ---
[422] menuitem "Content detection"
[441] menuitem "Earn"
[460] menuitem "Customization"
[479] menuitem "Audio library"
[504] button "Settings"
[517] button "Send feedback"
[565] tab "Inspiration"
[568] tab "Videos" (selected)
[570] tab "Shorts"
[573] tab "Live"
[576] tab "Posts"
[579] tab "Playlists"
[582] tab "Podcasts"
[585] tab "Promotions"
[591] tab "Collaborations"
[9] textbox "Filter"
[792] checkbox
[905] button "Sort by Date"
[942] button "Sort by Views"
[1492] button "Send Feedback"
[1504] button "Close"
[2176] tab "Details"
[2187] tab "Video elements" (selected)
[2198] tab "Checks"
[2209] tab "Visibility"
[10790] link "Learn more"
[11028] button "Add"
[10834] button "Add" (disabled)
[1592] button "Back"
[1599] button "Next"
[546] clickable "Inspiration
        


  
      Videos
    


  
        Shorts
      


  
        Live
      


  "
[2026-06-01 09:15:10] [OUT] ---

[2026-06-01 09:15:11] [CMD] browseros-cli snap -p 320
[2026-06-01 09:15:11] [EXIT] 0
[2026-06-01 09:15:11] [OUT] ---
[422] menuitem "Content detection"
[441] menuitem "Earn"
[460] menuitem "Customization"
[479] menuitem "Audio library"
[504] button "Settings"
[517] button "Send feedback"
[565] tab "Inspiration"
[568] tab "Videos" (selected)
[570] tab "Shorts"
[573] tab "Live"
[576] tab "Posts"
[579] tab "Playlists"
[582] tab "Podcasts"
[585] tab "Promotions"
[591] tab "Collaborations"
[9] textbox "Filter"
[792] checkbox
[905] button "Sort by Date"
[942] button "Sort by Views"
[1492] button "Send Feedback"
[1504] button "Close"
[2176] tab "Details"
[2187] tab "Video elements" (selected)
[2198] tab "Checks"
[2209] tab "Visibility"
[10790] link "Learn more"
[11028] button "Add"
[10834] button "Add" (disabled)
[1592] button "Back"
[1599] button "Next"
[546] clickable "Inspiration
        


  
      Videos
    


  
        Shorts
      


  
        Live
      


  "
[2026-06-01 09:15:11] [OUT] ---
[2026-06-01 09:15:11] [INFO] Clicking Next (2/3)...

[2026-06-01 09:15:12] [CMD] browseros-cli click -p 320 1599
[2026-06-01 09:15:12] [EXIT] 0
[2026-06-01 09:15:12] [OUT] ---
Clicked [1599] at (1061, 697)
[2026-06-01 09:15:12] [OUT] ---

[2026-06-01 09:15:16] [CMD] browseros-cli snap -p 320
[2026-06-01 09:15:16] [EXIT] 0
[2026-06-01 09:15:16] [OUT] ---
[460] menuitem "Customization"
[479] menuitem "Audio library"
[504] button "Settings"
[517] button "Send feedback"
[565] tab "Inspiration"
[568] tab "Videos" (selected)
[570] tab "Shorts"
[573] tab "Live"
[576] tab "Posts"
[579] tab "Playlists"
[582] tab "Podcasts"
[585] tab "Promotions"
[591] tab "Collaborations"
[9] textbox "Filter"
[792] checkbox
[905] button "Sort by Date"
[942] button "Sort by Views"
[1492] button "Send Feedback"
[1504] button "Close"
[2176] tab "Details"
[2187] tab "Video elements"
[2198] tab "Checks" (selected)
[2209] tab "Visibility"
[11197] link "Learn more"
[11241] link "Learn more"
[11209] button "Send feedback"
[1592] button "Back"
[1599] button "Next"
[546] clickable "Inspiration
        


  
      Videos
    


  
        Shorts
      


  
        Live
      


  "
[11208] clickable "Send feedback"
[11210] clickable "Send feedback"
[2026-06-01 09:15:16] [OUT] ---

[2026-06-01 09:15:17] [CMD] browseros-cli snap -p 320
[2026-06-01 09:15:17] [EXIT] 0
[2026-06-01 09:15:17] [OUT] ---
[460] menuitem "Customization"
[479] menuitem "Audio library"
[504] button "Settings"
[517] button "Send feedback"
[565] tab "Inspiration"
[568] tab "Videos" (selected)
[570] tab "Shorts"
[573] tab "Live"
[576] tab "Posts"
[579] tab "Playlists"
[582] tab "Podcasts"
[585] tab "Promotions"
[591] tab "Collaborations"
[9] textbox "Filter"
[792] checkbox
[905] button "Sort by Date"
[942] button "Sort by Views"
[1492] button "Send Feedback"
[1504] button "Close"
[2176] tab "Details"
[2187] tab "Video elements"
[2198] tab "Checks" (selected)
[2209] tab "Visibility"
[11197] link "Learn more"
[11241] link "Learn more"
[11209] button "Send feedback"
[1592] button "Back"
[1599] button "Next"
[546] clickable "Inspiration
        


  
      Videos
    


  
        Shorts
      


  
        Live
      


  "
[11208] clickable "Send feedback"
[11210] clickable "Send feedback"
[2026-06-01 09:15:17] [OUT] ---
[2026-06-01 09:15:17] [INFO] Clicking Next (3/3)...

[2026-06-01 09:15:18] [CMD] browseros-cli click -p 320 1599
[2026-06-01 09:15:18] [EXIT] 0
[2026-06-01 09:15:18] [OUT] ---
Clicked [1599] at (1061, 697)
[2026-06-01 09:15:18] [OUT] ---

[2026-06-01 09:15:22] [CMD] browseros-cli snap -p 320
[2026-06-01 09:15:22] [EXIT] 0
[2026-06-01 09:15:22] [OUT] ---
[11616] radio "Private"
[11626] radio "Unlisted"
[11635] radio "Public"
[11347] button "Click to expand"
[11282] link "Learn more"
[11287] link "Learn more"
[11569] button "Play"
[11572] button "Mute"
[11398] slider "volume"
[11576] button "Settings"
[11601] button "Full screen"
[11315] link "https://youtube.com/shorts/3_stJnSZ3UY"
[11318] button "Copy video link"
[1592] button "Back"
[1606] button "Save"
[546] clickable "Inspiration
        


  
      Videos
    


  
        Shorts
      


  
        Live
      


  "
[11358] clickable "Private
          

          
          
            
              Only you and people you choose "
[11341] clickable "Schedule
      
        
          Select a date to make your video public.
        
      
      
 "
[2026-06-01 09:15:22] [OUT] ---
[2026-06-01 09:15:22] [INFO] Reached Visibility screen
[2026-06-01 09:15:22] [INFO] ========================================
[2026-06-01 09:15:22] [INFO]   Phase 6: Open Scheduling Options
[2026-06-01 09:15:22] [INFO] ========================================
[2026-06-01 09:15:22] [INFO] Clicking 'Schedule' option...

[2026-06-01 09:15:23] [CMD] browseros-cli snap -p 320
[2026-06-01 09:15:23] [EXIT] 0
[2026-06-01 09:15:23] [OUT] ---
[11616] radio "Private"
[11626] radio "Unlisted"
[11635] radio "Public"
[11347] button "Click to expand"
[11282] link "Learn more"
[11287] link "Learn more"
[11569] button "Play"
[11572] button "Mute"
[11398] slider "volume"
[11576] button "Settings"
[11601] button "Full screen"
[11315] link "https://youtube.com/shorts/3_stJnSZ3UY"
[11318] button "Copy video link"
[1592] button "Back"
[1606] button "Save"
[546] clickable "Inspiration
        


  
      Videos
    


  
        Shorts
      


  
        Live
      


  "
[11358] clickable "Private
          

          
          
            
              Only you and people you choose "
[11341] clickable "Schedule
      
        
          Select a date to make your video public.
        
      
      
 "
[2026-06-01 09:15:23] [OUT] ---

[2026-06-01 09:15:24] [CMD] browseros-cli click -p 320 11341
[2026-06-01 09:15:24] [EXIT] 0
[2026-06-01 09:15:24] [OUT] ---
Clicked [11341] at (472, 574)
[2026-06-01 09:15:24] [OUT] ---
[2026-06-01 09:15:26] [INFO] ========================================
[2026-06-01 09:15:26] [INFO]   Phase 7: Fill Date and Time
[2026-06-01 09:15:26] [INFO] ========================================
[2026-06-01 09:15:26] [INFO] Setting date: Jun 20, 2026, time: 11:15 AM
[2026-06-01 09:15:26] [INFO] Opening date picker...

[2026-06-01 09:15:27] [CMD] browseros-cli snap -p 320
[2026-06-01 09:15:27] [EXIT] 0
[2026-06-01 09:15:27] [OUT] ---
[942] button "Sort by Views"
[1492] button "Send Feedback"
[1504] button "Close"
[2176] tab "Details"
[2187] tab "Video elements"
[2198] tab "Checks"
[2209] tab "Visibility" (selected)
[11333] button "Click to expand"
[11867] button "Jun 2, 2026"
[11871] button "Jun 2, 2026"
[11897] textbox value="12:00 AM"
[11980] button "Time zone"
[11282] link "Learn more"
[11287] link "Learn more"
[11569] button "Play"
[11572] button "Mute"
[11398] slider "volume"
[11576] button "Settings"
[11601] button "Full screen"
[11315] link "https://youtube.com/shorts/3_stJnSZ3UY"
[11318] button "Copy video link"
[1592] button "Back"
[1606] button "Schedule"
[546] clickable "Inspiration
        


  
      Videos
    


  
        Shorts
      


  
        Live
      


  "
[11294] clickable "Save or publish
        
        
          Make your video public, unlisted, or private
        
  "
[11981] clickable "Default set to local time zone (GMT+0530)"
[2026-06-01 09:15:27] [OUT] ---

[2026-06-01 09:15:28] [CMD] browseros-cli click -p 320 11867
[2026-06-01 09:15:28] [EXIT] 0
[2026-06-01 09:15:28] [OUT] ---
Clicked [11867] at (310, 490)
[2026-06-01 09:15:28] [OUT] ---

[2026-06-01 09:15:31] [CMD] browseros-cli snap -p 320
[2026-06-01 09:15:31] [EXIT] 0
[2026-06-01 09:15:31] [OUT] ---
[12236] clickable "13"
[12237] clickable "14"
[12238] clickable "15"
[12239] clickable "16"
[12240] clickable "17"
[12241] clickable "18"
[12242] clickable "19"
[12243] clickable "20"
[12244] clickable "21"
[12245] clickable "22"
[12246] clickable "23"
[12247] clickable "24"
[12248] clickable "25"
[12249] clickable "26"
[12250] clickable "27"
[12251] clickable "28"
[12252] clickable "29"
[12253] clickable "30"
[12254] clickable "31"
[12262] clickable "1"
[12263] clickable "2"
[12264] clickable "3"
[12265] clickable "4"
[12266] clickable "5"
[12267] clickable "6"
[12268] clickable "7"
[12269] clickable "8"
[12270] clickable "9"
[12271] clickable "10"
[12272] clickable "11"
[12273] clickable "12"
[12274] clickable "13"
[12275] clickable "14"
[12276] clickable "15"
[12277] clickable "16"
[12278] clickable "17"
[12279] clickable "18"
[12280] clickable "19"
[12281] clickable "20"
[12282] clickable "21"
[12283] clickable "22"
[12284] clickable "23"
[12285] clickable "24"
[12286] clickable "25"
[12287] clickable "26"
[12288] clickable "27"
[12289] clickable "28"
[12290] clickable "29"
[12291] clickable "30"
[12292] clickable "31"
[2026-06-01 09:15:31] [OUT] ---

[2026-06-01 09:15:32] [CMD] browseros-cli fill -p 320 12076 Jun 20, 2026
[2026-06-01 09:15:32] [EXIT] 0
[2026-06-01 09:15:32] [OUT] ---
Typed 12 characters into [12076] at (327, 124)
[2026-06-01 09:15:32] [OUT] ---

[2026-06-01 09:15:34] [CMD] browseros-cli key -p 320 Enter
[2026-06-01 09:15:34] [EXIT] 0
[2026-06-01 09:15:34] [OUT] ---
Pressed Enter
[2026-06-01 09:15:34] [OUT] ---
[2026-06-01 09:15:36] [INFO] Setting time...

[2026-06-01 09:15:37] [CMD] browseros-cli snap -p 320
[2026-06-01 09:15:37] [EXIT] 0
[2026-06-01 09:15:37] [OUT] ---
[942] button "Sort by Views"
[1492] button "Send Feedback"
[1504] button "Close"
[2176] tab "Details"
[2187] tab "Video elements"
[2198] tab "Checks"
[2209] tab "Visibility" (selected)
[11333] button "Click to expand"
[11867] button "Jun 20, 2026"
[11871] button "Jun 20, 2026"
[11897] textbox value="12:00 AM"
[11980] button "Time zone"
[11282] link "Learn more"
[11287] link "Learn more"
[11569] button "Play"
[11572] button "Mute"
[11398] slider "volume"
[11576] button "Settings"
[11601] button "Full screen"
[11315] link "https://youtube.com/shorts/3_stJnSZ3UY"
[11318] button "Copy video link"
[1592] button "Back"
[1606] button "Schedule"
[546] clickable "Inspiration
        


  
      Videos
    


  
        Shorts
      


  
        Live
      


  "
[11294] clickable "Save or publish
        
        
          Make your video public, unlisted, or private
        
  "
[11981] clickable "Default set to local time zone (GMT+0530)"
[2026-06-01 09:15:37] [OUT] ---
[2026-06-01 09:15:37] [INFO] Clicking time input box to open dropdown...

[2026-06-01 09:15:38] [CMD] browseros-cli click -p 320 11897
[2026-06-01 09:15:38] [EXIT] 0
[2026-06-01 09:15:38] [OUT] ---
Clicked [11897] at (466, 490)
[2026-06-01 09:15:38] [OUT] ---

[2026-06-01 09:15:41] [CMD] browseros-cli snap -p 320
[2026-06-01 09:15:41] [EXIT] 0
[2026-06-01 09:15:41] [OUT] ---
[12896] option "6:15 PM"
[12897] option "6:30 PM"
[12898] option "6:45 PM"
[12899] option "7:00 PM"
[12900] option "7:15 PM"
[12901] option "7:30 PM"
[12902] option "7:45 PM"
[12903] option "8:00 PM"
[12904] option "8:15 PM"
[12905] option "8:30 PM"
[12906] option "8:45 PM"
[12907] option "9:00 PM"
[12908] option "9:15 PM"
[12909] option "9:30 PM"
[12910] option "9:45 PM"
[12911] option "10:00 PM"
[12912] option "10:15 PM"
[12913] option "10:30 PM"
[12914] option "10:45 PM"
[12915] option "11:00 PM"
[12916] option "11:15 PM"
[12917] option "11:30 PM"
[12918] option "11:45 PM"
[546] clickable "Inspiration
        


  
      Videos
    


  
        Shorts
      


  
        Live
      


  "
[11294] clickable "Save or publish
        
        
          Make your video public, unlisted, or private
        
  "
[11981] clickable "Default set to local time zone (GMT+0530)"
[2026-06-01 09:15:41] [OUT] ---
[2026-06-01 09:15:41] [INFO] Clicking time option ref: 12868 for 11:15 AM

[2026-06-01 09:15:42] [CMD] browseros-cli click -p 320 12868
[2026-06-01 09:15:42] [EXIT] 0
[2026-06-01 09:15:42] [OUT] ---
Clicked [12868] at (466, 316)
[2026-06-01 09:15:42] [OUT] ---
[2026-06-01 09:15:44] [INFO] Date and time filled successfully
[2026-06-01 09:15:44] [INFO] ========================================
[2026-06-01 09:15:44] [INFO]   Phase 8: User Verification
[2026-06-01 09:15:44] [INFO] ========================================
[2026-06-01 09:15:44] [INFO] 
[2026-06-01 09:15:44] [INFO] ============================================
[2026-06-01 09:15:44] [INFO]   SCHEDULED REEL REVIEW
[2026-06-01 09:15:44] [INFO] ============================================
[2026-06-01 09:15:44] [INFO]   Asset ID: 36
[2026-06-01 09:15:44] [INFO]   Project:  project-1
[2026-06-01 09:15:44] [INFO]   Date:     2026-06-20 (Saturday)
[2026-06-01 09:15:44] [INFO]   Time:     11:15:00
[2026-06-01 09:15:44] [INFO] ============================================
[2026-06-01 09:15:44] [INFO] 
[2026-06-01 09:15:44] [INFO] [YOLO] Finding 'Schedule' button...

[2026-06-01 09:15:45] [CMD] browseros-cli snap -p 320
[2026-06-01 09:15:45] [EXIT] 0
[2026-06-01 09:15:45] [OUT] ---
[942] button "Sort by Views"
[1492] button "Send Feedback"
[1504] button "Close"
[2176] tab "Details"
[2187] tab "Video elements"
[2198] tab "Checks"
[2209] tab "Visibility" (selected)
[11333] button "Click to expand"
[11867] button "Jun 20, 2026"
[11871] button "Jun 20, 2026"
[11897] textbox value="11:15 AM"
[11980] button "Time zone"
[11282] link "Learn more"
[11287] link "Learn more"
[11569] button "Play"
[11572] button "Mute"
[11398] slider "volume"
[11576] button "Settings"
[11601] button "Full screen"
[11315] link "https://youtube.com/shorts/3_stJnSZ3UY"
[11318] button "Copy video link"
[1592] button "Back"
[1606] button "Schedule"
[546] clickable "Inspiration
        


  
      Videos
    


  
        Shorts
      


  
        Live
      


  "
[11294] clickable "Save or publish
        
        
          Make your video public, unlisted, or private
        
  "
[11981] clickable "Default set to local time zone (GMT+0530)"
[2026-06-01 09:15:45] [OUT] ---
[2026-06-01 09:15:45] [INFO] Clicking 'Schedule' button (ref: 1606)...

[2026-06-01 09:15:46] [CMD] browseros-cli click -p 320 1606
[2026-06-01 09:15:46] [EXIT] 0
[2026-06-01 09:15:46] [OUT] ---
Clicked [1606] at (1047, 697)
[2026-06-01 09:15:46] [OUT] ---
[2026-06-01 09:15:56] [INFO] Marking asset 36 as uploaded for youtube...
[2026-06-01 09:15:56] [DEBUG] mark_uploaded output: {"success": true, "id": "36", "platform": "youtube"}
[2026-06-01 09:15:56] [INFO] Marking asset 36 as scheduled for youtube...
[2026-06-01 09:15:56] [DEBUG] mark_scheduled output: {"success": true, "id": "36", "platform": "youtube"}
[2026-06-01 09:15:56] [INFO] Tracker updated for asset 36
[2026-06-01 09:15:56] [INFO] ========================================
[2026-06-01 09:15:56] [INFO]   Phase 9: Close Browser Tab
[2026-06-01 09:15:56] [INFO] ========================================

[2026-06-01 09:15:57] [CMD] browseros-cli close -p 320
[2026-06-01 09:15:57] [EXIT] 0
[2026-06-01 09:15:57] [OUT] ---
Closed page 320
[2026-06-01 09:15:57] [OUT] ---
[2026-06-01 09:15:57] [INFO] Browser tab closed
[2026-06-01 09:15:57] [INFO] ========================================
[2026-06-01 09:15:57] [INFO]   Processing Schedule Entry 15 / 23
[2026-06-01 09:15:57] [INFO] ========================================
[2026-06-01 09:15:57] [INFO] Date: 2026-06-21, Day: Sunday, Time: 12:15:00
[2026-06-01 09:15:57] [INFO] ========================================
[2026-06-01 09:15:57] [INFO]   Phase 1: Identify Project and Asset
[2026-06-01 09:15:57] [INFO] ========================================
[2026-06-01 09:15:57] [INFO] Fetching mapped post for project 1...
[2026-06-01 09:15:57] [DEBUG] get_mapped_post exit=0 output='ID: 37
Caption: 🥟 Crispy Punjabi Vegetable Samosas 🥟
Recipe: 
Ingredients: 🥨 Pastry dough (flour, 🫒 oil, carom seeds), 🥔 2 large boiled potatoes, 🫛 1/2 cup peas, 🥄 cumin, coriander, garam masala, amchur (mango powder), 🌶️ and green chilies. 
Steps: 👨‍🍳 Sauté mashed potatoes with peas and all spices. 🥣 Let cool. 🔥 Fold dough into cones, fill with the potato mixture, and seal the edges with water. ⏲️ Deep fry on low-medium heat (this is key for a bubbly crust) for 10-12 mins until deep golden. 🍳 Serve with sweet tamarind and spicy mint chutneys.
#samosa #indianfood #streetfood #snack #vegetarian #spicy #appetizer #punjabifood 🌮🍱'
[2026-06-01 09:15:57] [INFO] Asset ID: 37
[2026-06-01 09:15:57] [INFO] Title length: 36 chars
[2026-06-01 09:15:57] [INFO] Description length: 581 chars
[2026-06-01 09:15:57] [INFO] Asset path: /Users/dsen/Projects/ai-post-maker/project-1/assets/37.mp4
[2026-06-01 09:15:57] [INFO] ========================================
[2026-06-01 09:15:57] [INFO]   Phase 2: Open YouTube Upload Page
[2026-06-01 09:15:57] [INFO] ========================================
[2026-06-01 09:15:57] [INFO] Opening new page: https://www.youtube.com/upload

[2026-06-01 09:15:58] [CMD] browseros-cli open https://www.youtube.com/upload --json
[2026-06-01 09:15:58] [EXIT] 0
[2026-06-01 09:15:58] [OUT] ---
{"background":false,"hidden":false,"pageId":322,"url":"https://www.youtube.com/upload"}
[2026-06-01 09:15:58] [OUT] ---
[2026-06-01 09:15:58] [INFO] Page opened with ID: 322
[2026-06-01 09:16:03] [INFO] Page loaded successfully
[2026-06-01 09:16:03] [INFO] ========================================
[2026-06-01 09:16:03] [INFO]   Phase 3: Upload the Video File
[2026-06-01 09:16:03] [INFO] ========================================
[2026-06-01 09:16:03] [INFO] Exposing hidden file input...

[2026-06-01 09:16:04] [CMD] browseros-cli eval -p 322 document.querySelectorAll('input[type="file"]').forEach((i, idx) => { i.removeAttribute('aria-hidden'); i.style.display='block'; i.style.visibility='visible'; i.style.opacity='1'; i.style.position='static'; i.style.width='100px'; i.style.height='50px'; i.style.zIndex='999999'; i.title='Upload Video File'; });
[2026-06-01 09:16:04] [EXIT] 0
[2026-06-01 09:16:04] [OUT] ---
undefined
[2026-06-01 09:16:04] [OUT] ---
[2026-06-01 09:16:06] [INFO] Taking snapshot to find file input...

[2026-06-01 09:16:07] [CMD] browseros-cli snap -p 322
[2026-06-01 09:16:07] [EXIT] 0
[2026-06-01 09:16:07] [OUT] ---
[345] menuitem "Content"
[365] menuitem "Analytics"
[384] menuitem "Community"
[403] menuitem "Subtitles"
[422] menuitem "Content detection"
[441] menuitem "Earn"
[460] menuitem "Customization"
[479] menuitem "Audio library"
[504] button "Settings"
[517] button "Send feedback"
[565] tab "Inspiration"
[568] tab "Videos" (selected)
[570] tab "Shorts"
[573] tab "Live"
[576] tab "Posts"
[579] tab "Playlists"
[582] tab "Podcasts"
[585] tab "Promotions"
[591] tab "Collaborations"
[11] textbox "Filter"
[792] checkbox
[905] button "Sort by Date"
[942] button "Sort by Views"
[1492] button "Send Feedback"
[1504] button "Close"
[1537] button "Select files"
[1542] button "Choose Files"
[1546] link "Terms of Service"
[1547] link "Community Guidelines"
[1551] link "Learn more"
[546] clickable "Inspiration
        


  
      Videos
    


  
        Shorts
      


  
        Live
      


  "
[2026-06-01 09:16:07] [OUT] ---

[2026-06-01 09:16:08] [CMD] browseros-cli snap -p 322
[2026-06-01 09:16:08] [EXIT] 0
[2026-06-01 09:16:08] [OUT] ---
[345] menuitem "Content"
[365] menuitem "Analytics"
[384] menuitem "Community"
[403] menuitem "Subtitles"
[422] menuitem "Content detection"
[441] menuitem "Earn"
[460] menuitem "Customization"
[479] menuitem "Audio library"
[504] button "Settings"
[517] button "Send feedback"
[565] tab "Inspiration"
[568] tab "Videos" (selected)
[570] tab "Shorts"
[573] tab "Live"
[576] tab "Posts"
[579] tab "Playlists"
[582] tab "Podcasts"
[585] tab "Promotions"
[591] tab "Collaborations"
[11] textbox "Filter"
[792] checkbox
[905] button "Sort by Date"
[942] button "Sort by Views"
[1492] button "Send Feedback"
[1504] button "Close"
[1537] button "Select files"
[1542] button "Choose Files"
[1546] link "Terms of Service"
[1547] link "Community Guidelines"
[1551] link "Learn more"
[546] clickable "Inspiration
        


  
      Videos
    


  
        Shorts
      


  
        Live
      


  "
[2026-06-01 09:16:08] [OUT] ---

[2026-06-01 09:16:09] [CMD] browseros-cli snap -p 322
[2026-06-01 09:16:09] [EXIT] 0
[2026-06-01 09:16:09] [OUT] ---
[345] menuitem "Content"
[365] menuitem "Analytics"
[384] menuitem "Community"
[403] menuitem "Subtitles"
[422] menuitem "Content detection"
[441] menuitem "Earn"
[460] menuitem "Customization"
[479] menuitem "Audio library"
[504] button "Settings"
[517] button "Send feedback"
[565] tab "Inspiration"
[568] tab "Videos" (selected)
[570] tab "Shorts"
[573] tab "Live"
[576] tab "Posts"
[579] tab "Playlists"
[582] tab "Podcasts"
[585] tab "Promotions"
[591] tab "Collaborations"
[11] textbox "Filter"
[792] checkbox
[905] button "Sort by Date"
[942] button "Sort by Views"
[1492] button "Send Feedback"
[1504] button "Close"
[1537] button "Select files"
[1542] button "Choose Files"
[1546] link "Terms of Service"
[1547] link "Community Guidelines"
[1551] link "Learn more"
[546] clickable "Inspiration
        


  
      Videos
    


  
        Shorts
      


  
        Live
      


  "
[2026-06-01 09:16:09] [OUT] ---
[2026-06-01 09:16:09] [INFO] Attempting upload to ref: 1542...

[2026-06-01 09:16:10] [CMD] browseros-cli upload -p 322 1542 /Users/dsen/Projects/ai-post-maker/project-1/assets/37.mp4
[2026-06-01 09:16:10] [EXIT] 0
[2026-06-01 09:16:10] [OUT] ---
Set 1 file(s) on [1542]
[2026-06-01 09:16:10] [OUT] ---
[2026-06-01 09:16:15] [INFO] Waiting for 'Details' screen to appear...

[2026-06-01 09:16:16] [CMD] browseros-cli snap -p 322
[2026-06-01 09:16:16] [EXIT] 0
[2026-06-01 09:16:16] [OUT] ---
[1504] button "Close"
[2177] tab "Details" (selected)
[2188] tab "Video elements"
[2199] tab "Checks"
[2210] tab "Visibility"
[1974] button "Reuse details"
[2290] textbox "Add a title that describes your video (type @ to mention a channel)" value="37" (required)
[2517] button "Add all"
[2403] button "Options"
[2810] button "Personalized suggestion illustration #appetizer"
[2820] button "#strawberry"
[2830] button "Personalized suggestion illustration #baking"
[2033] textbox "Tell viewers about your video (type @ to mention a channel)"
[2253] link "Learn more about playlists"
[2259] button "Select playlists"
[2263] button "Select"
[2086] link "What's content made for kids?"
[2093] link "Learn more about video's audience settings"
[2096] radio "Yes, it's made for kids . Features like personalized ads and notifications won’t be available on videos made for kids. Videos that are set as made for kids by you are more likely to be recommended alongside other kids’ videos. Learn more"
[2100] link "Learn more"
[2101] radio "No, it's not made for kids"
[2018] button "Age restriction (advanced)"
[2174] button "Show advanced settings"
[2236] link "https://youtube.com/shorts/S6AHbPp3ems"
[2239] button "Copy video link"
[1599] button "Next"
[546] clickable "Inspiration
        


  
      Videos
    


  
        Shorts
      


  
        Live
      


  "
[2406] clickable "The following suggestions were automatically generated based on your existing content. You can add
  and edit them to help viewers discover, understand, and engage with your content."
[2095] clickable "Yes, it's made for kids.
          Features like personalized ads and notifications won’t be availab"
[2026-06-01 09:16:16] [OUT] ---
[2026-06-01 09:16:16] [INFO] Video uploaded and Details screen reached
[2026-06-01 09:16:16] [INFO] ========================================
[2026-06-01 09:16:16] [INFO]   Phase 4: Fill Details
[2026-06-01 09:16:16] [INFO] ========================================
[2026-06-01 09:16:16] [INFO] Finding Title field...

[2026-06-01 09:16:17] [CMD] browseros-cli snap -p 322
[2026-06-01 09:16:17] [EXIT] 0
[2026-06-01 09:16:17] [OUT] ---
[1504] button "Close"
[2177] tab "Details" (selected)
[2188] tab "Video elements"
[2199] tab "Checks"
[2210] tab "Visibility"
[1974] button "Reuse details"
[2290] textbox "Add a title that describes your video (type @ to mention a channel)" value="37" (required)
[2517] button "Add all"
[2403] button "Options"
[2810] button "Personalized suggestion illustration #appetizer"
[2820] button "#strawberry"
[2830] button "Personalized suggestion illustration #baking"
[2033] textbox "Tell viewers about your video (type @ to mention a channel)"
[2253] link "Learn more about playlists"
[2259] button "Select playlists"
[2263] button "Select"
[2086] link "What's content made for kids?"
[2093] link "Learn more about video's audience settings"
[2096] radio "Yes, it's made for kids . Features like personalized ads and notifications won’t be available on videos made for kids. Videos that are set as made for kids by you are more likely to be recommended alongside other kids’ videos. Learn more"
[2100] link "Learn more"
[2101] radio "No, it's not made for kids"
[2018] button "Age restriction (advanced)"
[2174] button "Show advanced settings"
[2236] link "https://youtube.com/shorts/S6AHbPp3ems"
[2239] button "Copy video link"
[1599] button "Next"
[546] clickable "Inspiration
        


  
      Videos
    


  
        Shorts
      


  
        Live
      


  "
[2406] clickable "The following suggestions were automatically generated based on your existing content. You can add
  and edit them to help viewers discover, understand, and engage with your content."
[2095] clickable "Yes, it's made for kids.
          Features like personalized ads and notifications won’t be availab"
[2026-06-01 09:16:17] [OUT] ---
[2026-06-01 09:16:17] [INFO] Filling Title...

[2026-06-01 09:16:18] [CMD] browseros-cli fill -p 322 2290 🥟 Crispy Punjabi Vegetable Samosas 🥟
[2026-06-01 09:16:18] [EXIT] 0
[2026-06-01 09:16:18] [OUT] ---
Typed 38 characters into [2290] at (472, 229)
[2026-06-01 09:16:18] [OUT] ---
[2026-06-01 09:16:20] [INFO] Finding Description field...

[2026-06-01 09:16:21] [CMD] browseros-cli snap -p 322
[2026-06-01 09:16:21] [EXIT] 0
[2026-06-01 09:16:21] [OUT] ---
[1504] button "Close"
[2177] tab "Details" (selected)
[2188] tab "Video elements"
[2199] tab "Checks"
[2210] tab "Visibility"
[1974] button "Reuse details"
[2290] textbox "Add a title that describes your video (type @ to mention a channel)" value="🥟 Crispy Punjabi Vegetable Samosas 🥟" (required)
[2517] button "Add all"
[2403] button "Options"
[2810] button "Personalized suggestion illustration #appetizer"
[2820] button "#strawberry"
[2830] button "Personalized suggestion illustration #baking"
[2033] textbox "Tell viewers about your video (type @ to mention a channel)"
[2253] link "Learn more about playlists"
[2259] button "Select playlists"
[2263] button "Select"
[2086] link "What's content made for kids?"
[2093] link "Learn more about video's audience settings"
[2096] radio "Yes, it's made for kids . Features like personalized ads and notifications won’t be available on videos made for kids. Videos that are set as made for kids by you are more likely to be recommended alongside other kids’ videos. Learn more"
[2100] link "Learn more"
[2101] radio "No, it's not made for kids"
[2018] button "Age restriction (advanced)"
[2174] button "Show advanced settings"
[2236] link "https://youtube.com/shorts/S6AHbPp3ems"
[2239] button "Copy video link"
[1599] button "Next"
[546] clickable "Inspiration
        


  
      Videos
    


  
        Shorts
      


  
        Live
      


  "
[2406] clickable "The following suggestions were automatically generated based on your existing content. You can add
  and edit them to help viewers discover, understand, and engage with your content."
[2095] clickable "Yes, it's made for kids.
          Features like personalized ads and notifications won’t be availab"
[2026-06-01 09:16:21] [OUT] ---
[2026-06-01 09:16:21] [INFO] Filling Description...

[2026-06-01 09:16:24] [CMD] browseros-cli fill -p 322 2033 Recipe: 
Ingredients: 🥨 Pastry dough (flour, 🫒 oil, carom seeds), 🥔 2 large boiled potatoes, 🫛 1/2 cup peas, 🥄 cumin, coriander, garam masala, amchur (mango powder), 🌶️ and green chilies. 
Steps: 👨‍🍳 Sauté mashed potatoes with peas and all spices. 🥣 Let cool. 🔥 Fold dough into cones, fill with the potato mixture, and seal the edges with water. ⏲️ Deep fry on low-medium heat (this is key for a bubbly crust) for 10-12 mins until deep golden. 🍳 Serve with sweet tamarind and spicy mint chutneys.
#samosa #indianfood #streetfood #snack #vegetarian #spicy #appetizer #punjabifood 🌮🍱
[2026-06-01 09:16:24] [EXIT] 0
[2026-06-01 09:16:24] [OUT] ---
Typed 594 characters into [2033] at (472, 490)
[2026-06-01 09:16:24] [OUT] ---
[2026-06-01 09:16:26] [INFO] Selecting 'Not made for kids'...

[2026-06-01 09:16:27] [CMD] browseros-cli snap -p 322
[2026-06-01 09:16:27] [EXIT] 0
[2026-06-01 09:16:27] [OUT] ---
[905] button "Sort by Date"
[942] button "Sort by Views"
[1492] button "Send Feedback"
[1504] button "Close"
[2177] tab "Details" (selected)
[2188] tab "Video elements"
[2199] tab "Checks"
[2210] tab "Visibility"
[1974] button "Reuse details"
[2290] textbox "Add a title that describes your video (type @ to mention a channel)" value="🥟 Crispy Punjabi Vegetable Samosas 🥟" (required)
[2033] textbox "Tell viewers about your video (type @ to mention a channel)" value="Recipe: 
Ingredients: 🥨 Pastry dough (flour, 🫒 oil, carom seeds), 🥔 2 large boiled potatoes, 🫛 1/2 cup peas, 🥄 cumin, coriander, garam masala, amchur (mango powder), 🌶️ and green chilies. 
Steps: 👨‍🍳 Sauté mashed potatoes with peas and all spices. 🥣 Let cool. 🔥 Fold dough into cones, fill with the potato mixture, and seal the edges with water. ⏲️ Deep fry on low-medium heat (this is key for a bubbly crust) for 10-12 mins until deep golden. 🍳 Serve with sweet tamarind and spicy mint chutneys.
#samosa #indianfood #streetfood #snack #vegetarian #spicy #appetizer #punjabifood 🌮🍱
"
[2253] link "Learn more about playlists"
[2259] button "Select playlists"
[2263] button "Select"
[2086] link "What's content made for kids?"
[2093] link "Learn more about video's audience settings"
[2096] radio "Yes, it's made for kids . Features like personalized ads and notifications won’t be available on videos made for kids. Videos that are set as made for kids by you are more likely to be recommended alongside other kids’ videos. Learn more"
[2100] link "Learn more"
[2101] radio "No, it's not made for kids"
[2018] button "Age restriction (advanced)"
[2174] button "Show advanced settings"
[2236] link "https://youtube.com/shorts/S6AHbPp3ems"
[2239] button "Copy video link"
[1599] button "Next"
[546] clickable "Inspiration
        


  
      Videos
    


  
        Shorts
      


  
        Live
      


  "
[2095] clickable "Yes, it's made for kids.
          Features like personalized ads and notifications won’t be availab"
[2026-06-01 09:16:27] [OUT] ---

[2026-06-01 09:16:28] [CMD] browseros-cli click -p 322 2101
[2026-06-01 09:16:28] [EXIT] 0
[2026-06-01 09:16:28] [OUT] ---
Clicked [2101] at (303, 464)
[2026-06-01 09:16:28] [OUT] ---
[2026-06-01 09:16:28] [INFO] Selected 'Not made for kids'
[2026-06-01 09:16:30] [INFO] ========================================
[2026-06-01 09:16:30] [INFO]   Phase 5: Navigate to Visibility Screen
[2026-06-01 09:16:30] [INFO] ========================================

[2026-06-01 09:16:31] [CMD] browseros-cli snap -p 322
[2026-06-01 09:16:31] [EXIT] 0
[2026-06-01 09:16:31] [OUT] ---
[905] button "Sort by Date"
[942] button "Sort by Views"
[1492] button "Send Feedback"
[1504] button "Close"
[2177] tab "Details" (selected)
[2188] tab "Video elements"
[2199] tab "Checks"
[2210] tab "Visibility"
[1974] button "Reuse details"
[2290] textbox "Add a title that describes your video (type @ to mention a channel)" value="🥟 Crispy Punjabi Vegetable Samosas 🥟" (required)
[2033] textbox "Tell viewers about your video (type @ to mention a channel)" value="Recipe: 
Ingredients: 🥨 Pastry dough (flour, 🫒 oil, carom seeds), 🥔 2 large boiled potatoes, 🫛 1/2 cup peas, 🥄 cumin, coriander, garam masala, amchur (mango powder), 🌶️ and green chilies. 
Steps: 👨‍🍳 Sauté mashed potatoes with peas and all spices. 🥣 Let cool. 🔥 Fold dough into cones, fill with the potato mixture, and seal the edges with water. ⏲️ Deep fry on low-medium heat (this is key for a bubbly crust) for 10-12 mins until deep golden. 🍳 Serve with sweet tamarind and spicy mint chutneys.
#samosa #indianfood #streetfood #snack #vegetarian #spicy #appetizer #punjabifood 🌮🍱
"
[2253] link "Learn more about playlists"
[2259] button "Select playlists"
[2263] button "Select"
[2086] link "What's content made for kids?"
[2093] link "Learn more about video's audience settings"
[2096] radio "Yes, it's made for kids . Features like personalized ads and notifications won’t be available on videos made for kids. Videos that are set as made for kids by you are more likely to be recommended alongside other kids’ videos. Learn more"
[2100] link "Learn more"
[2101] radio "No, it's not made for kids"
[2018] button "Age restriction (advanced)"
[2174] button "Show advanced settings"
[2236] link "https://youtube.com/shorts/S6AHbPp3ems"
[2239] button "Copy video link"
[1599] button "Next"
[546] clickable "Inspiration
        


  
      Videos
    


  
        Shorts
      


  
        Live
      


  "
[2095] clickable "Yes, it's made for kids.
          Features like personalized ads and notifications won’t be availab"
[2026-06-01 09:16:31] [OUT] ---
[2026-06-01 09:16:31] [INFO] Clicking Next (1/3)...

[2026-06-01 09:16:32] [CMD] browseros-cli click -p 322 1599
[2026-06-01 09:16:32] [EXIT] 0
[2026-06-01 09:16:32] [OUT] ---
Clicked [1599] at (1061, 697)
[2026-06-01 09:16:32] [OUT] ---

[2026-06-01 09:16:36] [CMD] browseros-cli snap -p 322
[2026-06-01 09:16:36] [EXIT] 0
[2026-06-01 09:16:36] [OUT] ---
[422] menuitem "Content detection"
[441] menuitem "Earn"
[460] menuitem "Customization"
[479] menuitem "Audio library"
[504] button "Settings"
[517] button "Send feedback"
[565] tab "Inspiration"
[568] tab "Videos" (selected)
[570] tab "Shorts"
[573] tab "Live"
[576] tab "Posts"
[579] tab "Playlists"
[582] tab "Podcasts"
[585] tab "Promotions"
[591] tab "Collaborations"
[11] textbox "Filter"
[792] checkbox
[905] button "Sort by Date"
[942] button "Sort by Views"
[1492] button "Send Feedback"
[1504] button "Close"
[2177] tab "Details"
[2188] tab "Video elements" (selected)
[2199] tab "Checks"
[2210] tab "Visibility"
[10892] link "Learn more"
[11130] button "Add"
[10936] button "Add" (disabled)
[1592] button "Back"
[1599] button "Next"
[546] clickable "Inspiration
        


  
      Videos
    


  
        Shorts
      


  
        Live
      


  "
[2026-06-01 09:16:36] [OUT] ---

[2026-06-01 09:16:37] [CMD] browseros-cli snap -p 322
[2026-06-01 09:16:37] [EXIT] 0
[2026-06-01 09:16:37] [OUT] ---
[422] menuitem "Content detection"
[441] menuitem "Earn"
[460] menuitem "Customization"
[479] menuitem "Audio library"
[504] button "Settings"
[517] button "Send feedback"
[565] tab "Inspiration"
[568] tab "Videos" (selected)
[570] tab "Shorts"
[573] tab "Live"
[576] tab "Posts"
[579] tab "Playlists"
[582] tab "Podcasts"
[585] tab "Promotions"
[591] tab "Collaborations"
[11] textbox "Filter"
[792] checkbox
[905] button "Sort by Date"
[942] button "Sort by Views"
[1492] button "Send Feedback"
[1504] button "Close"
[2177] tab "Details"
[2188] tab "Video elements" (selected)
[2199] tab "Checks"
[2210] tab "Visibility"
[10892] link "Learn more"
[11130] button "Add"
[10936] button "Add" (disabled)
[1592] button "Back"
[1599] button "Next"
[546] clickable "Inspiration
        


  
      Videos
    


  
        Shorts
      


  
        Live
      


  "
[2026-06-01 09:16:37] [OUT] ---
[2026-06-01 09:16:37] [INFO] Clicking Next (2/3)...

[2026-06-01 09:16:38] [CMD] browseros-cli click -p 322 1599
[2026-06-01 09:16:38] [EXIT] 0
[2026-06-01 09:16:38] [OUT] ---
Clicked [1599] at (1061, 697)
[2026-06-01 09:16:38] [OUT] ---

[2026-06-01 09:16:42] [CMD] browseros-cli snap -p 322
[2026-06-01 09:16:42] [EXIT] 0
[2026-06-01 09:16:42] [OUT] ---
[460] menuitem "Customization"
[479] menuitem "Audio library"
[504] button "Settings"
[517] button "Send feedback"
[565] tab "Inspiration"
[568] tab "Videos" (selected)
[570] tab "Shorts"
[573] tab "Live"
[576] tab "Posts"
[579] tab "Playlists"
[582] tab "Podcasts"
[585] tab "Promotions"
[591] tab "Collaborations"
[11] textbox "Filter"
[792] checkbox
[905] button "Sort by Date"
[942] button "Sort by Views"
[1492] button "Send Feedback"
[1504] button "Close"
[2177] tab "Details"
[2188] tab "Video elements"
[2199] tab "Checks" (selected)
[2210] tab "Visibility"
[11302] link "Learn more"
[11346] link "Learn more"
[11314] button "Send feedback"
[1592] button "Back"
[1599] button "Next"
[546] clickable "Inspiration
        


  
      Videos
    


  
        Shorts
      


  
        Live
      


  "
[11313] clickable "Send feedback"
[11315] clickable "Send feedback"
[2026-06-01 09:16:42] [OUT] ---

[2026-06-01 09:16:43] [CMD] browseros-cli snap -p 322
[2026-06-01 09:16:43] [EXIT] 0
[2026-06-01 09:16:43] [OUT] ---
[460] menuitem "Customization"
[479] menuitem "Audio library"
[504] button "Settings"
[517] button "Send feedback"
[565] tab "Inspiration"
[568] tab "Videos" (selected)
[570] tab "Shorts"
[573] tab "Live"
[576] tab "Posts"
[579] tab "Playlists"
[582] tab "Podcasts"
[585] tab "Promotions"
[591] tab "Collaborations"
[11] textbox "Filter"
[792] checkbox
[905] button "Sort by Date"
[942] button "Sort by Views"
[1492] button "Send Feedback"
[1504] button "Close"
[2177] tab "Details"
[2188] tab "Video elements"
[2199] tab "Checks" (selected)
[2210] tab "Visibility"
[11302] link "Learn more"
[11346] link "Learn more"
[11314] button "Send feedback"
[1592] button "Back"
[1599] button "Next"
[546] clickable "Inspiration
        


  
      Videos
    


  
        Shorts
      


  
        Live
      


  "
[11313] clickable "Send feedback"
[11315] clickable "Send feedback"
[2026-06-01 09:16:43] [OUT] ---
[2026-06-01 09:16:43] [INFO] Clicking Next (3/3)...

[2026-06-01 09:16:44] [CMD] browseros-cli click -p 322 1599
[2026-06-01 09:16:44] [EXIT] 0
[2026-06-01 09:16:44] [OUT] ---
Clicked [1599] at (1061, 697)
[2026-06-01 09:16:44] [OUT] ---

[2026-06-01 09:16:48] [CMD] browseros-cli snap -p 322
[2026-06-01 09:16:48] [EXIT] 0
[2026-06-01 09:16:48] [OUT] ---
[11721] radio "Private"
[11731] radio "Unlisted"
[11740] radio "Public"
[11452] button "Click to expand"
[11387] link "Learn more"
[11392] link "Learn more"
[11674] button "Play"
[11677] button "Mute"
[11503] slider "volume"
[11681] button "Settings"
[11706] button "Full screen"
[11420] link "https://youtube.com/shorts/S6AHbPp3ems"
[11423] button "Copy video link"
[1592] button "Back"
[1606] button "Save"
[546] clickable "Inspiration
        


  
      Videos
    


  
        Shorts
      


  
        Live
      


  "
[11463] clickable "Private
          

          
          
            
              Only you and people you choose "
[11446] clickable "Schedule
      
        
          Select a date to make your video public.
        
      
      
 "
[2026-06-01 09:16:48] [OUT] ---
[2026-06-01 09:16:48] [INFO] Reached Visibility screen
[2026-06-01 09:16:48] [INFO] ========================================
[2026-06-01 09:16:48] [INFO]   Phase 6: Open Scheduling Options
[2026-06-01 09:16:48] [INFO] ========================================
[2026-06-01 09:16:48] [INFO] Clicking 'Schedule' option...

[2026-06-01 09:16:49] [CMD] browseros-cli snap -p 322
[2026-06-01 09:16:49] [EXIT] 0
[2026-06-01 09:16:49] [OUT] ---
[11721] radio "Private"
[11731] radio "Unlisted"
[11740] radio "Public"
[11452] button "Click to expand"
[11387] link "Learn more"
[11392] link "Learn more"
[11674] button "Play"
[11677] button "Mute"
[11503] slider "volume"
[11681] button "Settings"
[11706] button "Full screen"
[11420] link "https://youtube.com/shorts/S6AHbPp3ems"
[11423] button "Copy video link"
[1592] button "Back"
[1606] button "Save"
[546] clickable "Inspiration
        


  
      Videos
    


  
        Shorts
      


  
        Live
      


  "
[11463] clickable "Private
          

          
          
            
              Only you and people you choose "
[11446] clickable "Schedule
      
        
          Select a date to make your video public.
        
      
      
 "
[2026-06-01 09:16:49] [OUT] ---

[2026-06-01 09:16:50] [CMD] browseros-cli click -p 322 11446
[2026-06-01 09:16:50] [EXIT] 0
[2026-06-01 09:16:50] [OUT] ---
Clicked [11446] at (472, 574)
[2026-06-01 09:16:50] [OUT] ---
[2026-06-01 09:16:52] [INFO] ========================================
[2026-06-01 09:16:52] [INFO]   Phase 7: Fill Date and Time
[2026-06-01 09:16:52] [INFO] ========================================
[2026-06-01 09:16:52] [INFO] Setting date: Jun 21, 2026, time: 12:15 PM
[2026-06-01 09:16:52] [INFO] Opening date picker...

[2026-06-01 09:16:54] [CMD] browseros-cli snap -p 322
[2026-06-01 09:16:54] [EXIT] 0
[2026-06-01 09:16:54] [OUT] ---
[942] button "Sort by Views"
[1492] button "Send Feedback"
[1504] button "Close"
[2177] tab "Details"
[2188] tab "Video elements"
[2199] tab "Checks"
[2210] tab "Visibility" (selected)
[11438] button "Click to expand"
[11973] button "Jun 2, 2026"
[11977] button "Jun 2, 2026"
[12003] textbox value="12:00 AM"
[12086] button "Time zone"
[11387] link "Learn more"
[11392] link "Learn more"
[11674] button "Play"
[11677] button "Mute"
[11503] slider "volume"
[11681] button "Settings"
[11706] button "Full screen"
[11420] link "https://youtube.com/shorts/S6AHbPp3ems"
[11423] button "Copy video link"
[1592] button "Back"
[1606] button "Schedule"
[546] clickable "Inspiration
        


  
      Videos
    


  
        Shorts
      


  
        Live
      


  "
[11399] clickable "Save or publish
        
        
          Make your video public, unlisted, or private
        
  "
[12087] clickable "Default set to local time zone (GMT+0530)"
[2026-06-01 09:16:54] [OUT] ---

[2026-06-01 09:16:55] [CMD] browseros-cli click -p 322 11973
[2026-06-01 09:16:55] [EXIT] 0
[2026-06-01 09:16:55] [OUT] ---
Clicked [11973] at (310, 490)
[2026-06-01 09:16:55] [OUT] ---

[2026-06-01 09:16:58] [CMD] browseros-cli snap -p 322
[2026-06-01 09:16:58] [EXIT] 0
[2026-06-01 09:16:58] [OUT] ---
[12342] clickable "13"
[12343] clickable "14"
[12344] clickable "15"
[12345] clickable "16"
[12346] clickable "17"
[12347] clickable "18"
[12348] clickable "19"
[12349] clickable "20"
[12350] clickable "21"
[12351] clickable "22"
[12352] clickable "23"
[12353] clickable "24"
[12354] clickable "25"
[12355] clickable "26"
[12356] clickable "27"
[12357] clickable "28"
[12358] clickable "29"
[12359] clickable "30"
[12360] clickable "31"
[12368] clickable "1"
[12369] clickable "2"
[12370] clickable "3"
[12371] clickable "4"
[12372] clickable "5"
[12373] clickable "6"
[12374] clickable "7"
[12375] clickable "8"
[12376] clickable "9"
[12377] clickable "10"
[12378] clickable "11"
[12379] clickable "12"
[12380] clickable "13"
[12381] clickable "14"
[12382] clickable "15"
[12383] clickable "16"
[12384] clickable "17"
[12385] clickable "18"
[12386] clickable "19"
[12387] clickable "20"
[12388] clickable "21"
[12389] clickable "22"
[12390] clickable "23"
[12391] clickable "24"
[12392] clickable "25"
[12393] clickable "26"
[12394] clickable "27"
[12395] clickable "28"
[12396] clickable "29"
[12397] clickable "30"
[12398] clickable "31"
[2026-06-01 09:16:58] [OUT] ---

[2026-06-01 09:16:59] [CMD] browseros-cli fill -p 322 12182 Jun 21, 2026
[2026-06-01 09:16:59] [EXIT] 0
[2026-06-01 09:16:59] [OUT] ---
Typed 12 characters into [12182] at (327, 124)
[2026-06-01 09:16:59] [OUT] ---

[2026-06-01 09:17:01] [CMD] browseros-cli key -p 322 Enter
[2026-06-01 09:17:01] [EXIT] 0
[2026-06-01 09:17:01] [OUT] ---
Pressed Enter
[2026-06-01 09:17:01] [OUT] ---
[2026-06-01 09:17:03] [INFO] Setting time...

[2026-06-01 09:17:04] [CMD] browseros-cli snap -p 322
[2026-06-01 09:17:04] [EXIT] 0
[2026-06-01 09:17:04] [OUT] ---
[585] tab "Promotions"
[591] tab "Collaborations"
[11] textbox "Filter"
[792] checkbox
[905] button "Sort by Date"
[942] button "Sort by Views"
[1492] button "Send Feedback"
[1504] button "Close"
[2177] tab "Details"
[2188] tab "Video elements"
[2199] tab "Checks"
[2210] tab "Visibility" (selected)
[11438] button "Click to expand"
[11973] button "Jun 21, 2026"
[11977] button "Jun 21, 2026"
[12003] textbox value="12:00 AM"
[12086] button "Time zone"
[11387] link "Learn more"
[11392] link "Learn more"
[11420] link "https://youtube.com/shorts/S6AHbPp3ems"
[11423] button "Copy video link"
[1592] button "Back"
[1606] button "Schedule"
[546] clickable "Inspiration
        


  
      Videos
    


  
        Shorts
      


  
        Live
      


  "
[11399] clickable "Save or publish
        
        
          Make your video public, unlisted, or private
        
  "
[12087] clickable "Default set to local time zone (GMT+0530)"
[2026-06-01 09:17:04] [OUT] ---
[2026-06-01 09:17:04] [INFO] Clicking time input box to open dropdown...

[2026-06-01 09:17:05] [CMD] browseros-cli click -p 322 12003
[2026-06-01 09:17:05] [EXIT] 0
[2026-06-01 09:17:05] [OUT] ---
Clicked [12003] at (466, 490)
[2026-06-01 09:17:05] [OUT] ---

[2026-06-01 09:17:08] [CMD] browseros-cli snap -p 322
[2026-06-01 09:17:08] [EXIT] 0
[2026-06-01 09:17:08] [OUT] ---
[13019] option "6:15 PM"
[13020] option "6:30 PM"
[13021] option "6:45 PM"
[13022] option "7:00 PM"
[13023] option "7:15 PM"
[13024] option "7:30 PM"
[13025] option "7:45 PM"
[13026] option "8:00 PM"
[13027] option "8:15 PM"
[13028] option "8:30 PM"
[13029] option "8:45 PM"
[13030] option "9:00 PM"
[13031] option "9:15 PM"
[13032] option "9:30 PM"
[13033] option "9:45 PM"
[13034] option "10:00 PM"
[13035] option "10:15 PM"
[13036] option "10:30 PM"
[13037] option "10:45 PM"
[13038] option "11:00 PM"
[13039] option "11:15 PM"
[13040] option "11:30 PM"
[13041] option "11:45 PM"
[546] clickable "Inspiration
        


  
      Videos
    


  
        Shorts
      


  
        Live
      


  "
[11399] clickable "Save or publish
        
        
          Make your video public, unlisted, or private
        
  "
[12087] clickable "Default set to local time zone (GMT+0530)"
[2026-06-01 09:17:08] [OUT] ---
[2026-06-01 09:17:08] [INFO] Clicking time option ref: 12995 for 12:15 PM

[2026-06-01 09:17:09] [CMD] browseros-cli click -p 322 12995
[2026-06-01 09:17:09] [EXIT] 0
[2026-06-01 09:17:09] [OUT] ---
Clicked [12995] at (466, 316)
[2026-06-01 09:17:09] [OUT] ---
[2026-06-01 09:17:11] [INFO] Date and time filled successfully
[2026-06-01 09:17:11] [INFO] ========================================
[2026-06-01 09:17:11] [INFO]   Phase 8: User Verification
[2026-06-01 09:17:11] [INFO] ========================================
[2026-06-01 09:17:11] [INFO] 
[2026-06-01 09:17:11] [INFO] ============================================
[2026-06-01 09:17:11] [INFO]   SCHEDULED REEL REVIEW
[2026-06-01 09:17:11] [INFO] ============================================
[2026-06-01 09:17:11] [INFO]   Asset ID: 37
[2026-06-01 09:17:11] [INFO]   Project:  project-1
[2026-06-01 09:17:11] [INFO]   Date:     2026-06-21 (Sunday)
[2026-06-01 09:17:11] [INFO]   Time:     12:15:00
[2026-06-01 09:17:11] [INFO] ============================================
[2026-06-01 09:17:11] [INFO] 
[2026-06-01 09:17:11] [INFO] [YOLO] Finding 'Schedule' button...

[2026-06-01 09:17:12] [CMD] browseros-cli snap -p 322
[2026-06-01 09:17:12] [EXIT] 0
[2026-06-01 09:17:12] [OUT] ---
[942] button "Sort by Views"
[1492] button "Send Feedback"
[1504] button "Close"
[2177] tab "Details"
[2188] tab "Video elements"
[2199] tab "Checks"
[2210] tab "Visibility" (selected)
[11438] button "Click to expand"
[11973] button "Jun 21, 2026"
[11977] button "Jun 21, 2026"
[12003] textbox value="12:15 PM"
[12086] button "Time zone"
[11387] link "Learn more"
[11392] link "Learn more"
[11674] button "Play"
[11677] button "Mute"
[11503] slider "volume"
[11681] button "Settings"
[11706] button "Full screen"
[11420] link "https://youtube.com/shorts/S6AHbPp3ems"
[11423] button "Copy video link"
[1592] button "Back"
[1606] button "Schedule"
[546] clickable "Inspiration
        


  
      Videos
    


  
        Shorts
      


  
        Live
      


  "
[11399] clickable "Save or publish
        
        
          Make your video public, unlisted, or private
        
  "
[12087] clickable "Default set to local time zone (GMT+0530)"
[2026-06-01 09:17:12] [OUT] ---
[2026-06-01 09:17:12] [INFO] Clicking 'Schedule' button (ref: 1606)...

[2026-06-01 09:17:13] [CMD] browseros-cli click -p 322 1606
[2026-06-01 09:17:13] [EXIT] 0
[2026-06-01 09:17:13] [OUT] ---
Clicked [1606] at (1047, 697)
[2026-06-01 09:17:13] [OUT] ---
[2026-06-01 09:17:24] [INFO] Marking asset 37 as uploaded for youtube...
[2026-06-01 09:17:24] [DEBUG] mark_uploaded output: {"success": true, "id": "37", "platform": "youtube"}
[2026-06-01 09:17:24] [INFO] Marking asset 37 as scheduled for youtube...
[2026-06-01 09:17:24] [DEBUG] mark_scheduled output: {"success": true, "id": "37", "platform": "youtube"}
[2026-06-01 09:17:24] [INFO] Tracker updated for asset 37
[2026-06-01 09:17:24] [INFO] ========================================
[2026-06-01 09:17:24] [INFO]   Phase 9: Close Browser Tab
[2026-06-01 09:17:24] [INFO] ========================================

[2026-06-01 09:17:24] [CMD] browseros-cli close -p 322
[2026-06-01 09:17:24] [EXIT] 0
[2026-06-01 09:17:24] [OUT] ---
Closed page 322
[2026-06-01 09:17:24] [OUT] ---
[2026-06-01 09:17:25] [INFO] Browser tab closed
[2026-06-01 09:17:25] [INFO] ========================================
[2026-06-01 09:17:25] [INFO]   Processing Schedule Entry 16 / 23
[2026-06-01 09:17:25] [INFO] ========================================
[2026-06-01 09:17:25] [INFO] Date: 2026-06-22, Day: Monday, Time: 13:30:00
[2026-06-01 09:17:25] [INFO] ========================================
[2026-06-01 09:17:25] [INFO]   Phase 1: Identify Project and Asset
[2026-06-01 09:17:25] [INFO] ========================================
[2026-06-01 09:17:25] [INFO] Fetching mapped post for project 1...
[2026-06-01 09:17:25] [DEBUG] get_mapped_post exit=0 output='ID: 38
Caption: 🍝 Classic Fettuccine Alfredo 🍝
Recipe: 
Ingredients: 🍝 400g fettuccine pasta, 1 cup heavy cream, 🧈 1/2 cup unsalted butter, 🧀 1.5 cups freshly grated Parmesan cheese, 🧂 black pepper, 🌿 and fresh parsley. 
Steps: 👨‍🍳 Boil the pasta in salted water. 🥣 In a large skillet, melt butter into the cream over medium heat; simmer for 2 mins. 🔥 Slowly whisk in the parmesan until the sauce is smooth and thick. ⏲️ Add the cooked pasta and a splash of pasta water. 🍳 Toss vigorously to coat. 🔪 Finish with a heavy crack of black pepper and parsley.
#alfredo #pasta #italianfood #creamy #dinner #comfortfood #cheese #fettuccine 🌮🍱'
[2026-06-01 09:17:25] [INFO] Asset ID: 38
[2026-06-01 09:17:25] [INFO] Title length: 30 chars
[2026-06-01 09:17:25] [INFO] Description length: 588 chars
[2026-06-01 09:17:25] [INFO] Asset path: /Users/dsen/Projects/ai-post-maker/project-1/assets/38.mp4
[2026-06-01 09:17:25] [INFO] ========================================
[2026-06-01 09:17:25] [INFO]   Phase 2: Open YouTube Upload Page
[2026-06-01 09:17:25] [INFO] ========================================
[2026-06-01 09:17:25] [INFO] Opening new page: https://www.youtube.com/upload

[2026-06-01 09:17:26] [CMD] browseros-cli open https://www.youtube.com/upload --json
[2026-06-01 09:17:26] [EXIT] 0
[2026-06-01 09:17:26] [OUT] ---
{"background":false,"hidden":false,"pageId":324,"url":"https://www.youtube.com/upload"}
[2026-06-01 09:17:26] [OUT] ---
[2026-06-01 09:17:26] [INFO] Page opened with ID: 324
[2026-06-01 09:17:31] [INFO] Page loaded successfully
[2026-06-01 09:17:31] [INFO] ========================================
[2026-06-01 09:17:31] [INFO]   Phase 3: Upload the Video File
[2026-06-01 09:17:31] [INFO] ========================================
[2026-06-01 09:17:31] [INFO] Exposing hidden file input...

[2026-06-01 09:17:32] [CMD] browseros-cli eval -p 324 document.querySelectorAll('input[type="file"]').forEach((i, idx) => { i.removeAttribute('aria-hidden'); i.style.display='block'; i.style.visibility='visible'; i.style.opacity='1'; i.style.position='static'; i.style.width='100px'; i.style.height='50px'; i.style.zIndex='999999'; i.title='Upload Video File'; });
[2026-06-01 09:17:32] [EXIT] 0
[2026-06-01 09:17:32] [OUT] ---
undefined
[2026-06-01 09:17:32] [OUT] ---
[2026-06-01 09:17:34] [INFO] Taking snapshot to find file input...

[2026-06-01 09:17:35] [CMD] browseros-cli snap -p 324
[2026-06-01 09:17:35] [EXIT] 0
[2026-06-01 09:17:35] [OUT] ---
[345] menuitem "Content"
[365] menuitem "Analytics"
[384] menuitem "Community"
[403] menuitem "Subtitles"
[422] menuitem "Content detection"
[441] menuitem "Earn"
[460] menuitem "Customization"
[479] menuitem "Audio library"
[504] button "Settings"
[517] button "Send feedback"
[565] tab "Inspiration"
[568] tab "Videos" (selected)
[570] tab "Shorts"
[573] tab "Live"
[576] tab "Posts"
[579] tab "Playlists"
[582] tab "Podcasts"
[585] tab "Promotions"
[591] tab "Collaborations"
[11] textbox "Filter"
[792] checkbox
[905] button "Sort by Date"
[942] button "Sort by Views"
[1492] button "Send Feedback"
[1504] button "Close"
[1537] button "Select files"
[1542] button "Choose Files"
[1546] link "Terms of Service"
[1547] link "Community Guidelines"
[1551] link "Learn more"
[546] clickable "Inspiration
        


  
      Videos
    


  
        Shorts
      


  
        Live
      


  "
[2026-06-01 09:17:35] [OUT] ---

[2026-06-01 09:17:36] [CMD] browseros-cli snap -p 324
[2026-06-01 09:17:36] [EXIT] 0
[2026-06-01 09:17:36] [OUT] ---
[345] menuitem "Content"
[365] menuitem "Analytics"
[384] menuitem "Community"
[403] menuitem "Subtitles"
[422] menuitem "Content detection"
[441] menuitem "Earn"
[460] menuitem "Customization"
[479] menuitem "Audio library"
[504] button "Settings"
[517] button "Send feedback"
[565] tab "Inspiration"
[568] tab "Videos" (selected)
[570] tab "Shorts"
[573] tab "Live"
[576] tab "Posts"
[579] tab "Playlists"
[582] tab "Podcasts"
[585] tab "Promotions"
[591] tab "Collaborations"
[11] textbox "Filter"
[792] checkbox
[905] button "Sort by Date"
[942] button "Sort by Views"
[1492] button "Send Feedback"
[1504] button "Close"
[1537] button "Select files"
[1542] button "Choose Files"
[1546] link "Terms of Service"
[1547] link "Community Guidelines"
[1551] link "Learn more"
[546] clickable "Inspiration
        


  
      Videos
    


  
        Shorts
      


  
        Live
      


  "
[2026-06-01 09:17:36] [OUT] ---

[2026-06-01 09:17:36] [CMD] browseros-cli snap -p 324
[2026-06-01 09:17:36] [EXIT] 0
[2026-06-01 09:17:36] [OUT] ---
[345] menuitem "Content"
[365] menuitem "Analytics"
[384] menuitem "Community"
[403] menuitem "Subtitles"
[422] menuitem "Content detection"
[441] menuitem "Earn"
[460] menuitem "Customization"
[479] menuitem "Audio library"
[504] button "Settings"
[517] button "Send feedback"
[565] tab "Inspiration"
[568] tab "Videos" (selected)
[570] tab "Shorts"
[573] tab "Live"
[576] tab "Posts"
[579] tab "Playlists"
[582] tab "Podcasts"
[585] tab "Promotions"
[591] tab "Collaborations"
[11] textbox "Filter"
[792] checkbox
[905] button "Sort by Date"
[942] button "Sort by Views"
[1492] button "Send Feedback"
[1504] button "Close"
[1537] button "Select files"
[1542] button "Choose Files"
[1546] link "Terms of Service"
[1547] link "Community Guidelines"
[1551] link "Learn more"
[546] clickable "Inspiration
        


  
      Videos
    


  
        Shorts
      


  
        Live
      


  "
[2026-06-01 09:17:36] [OUT] ---
[2026-06-01 09:17:36] [INFO] Attempting upload to ref: 1542...

[2026-06-01 09:17:38] [CMD] browseros-cli upload -p 324 1542 /Users/dsen/Projects/ai-post-maker/project-1/assets/38.mp4
[2026-06-01 09:17:38] [EXIT] 0
[2026-06-01 09:17:38] [OUT] ---
Set 1 file(s) on [1542]
[2026-06-01 09:17:38] [OUT] ---
[2026-06-01 09:17:43] [INFO] Waiting for 'Details' screen to appear...

[2026-06-01 09:17:44] [CMD] browseros-cli snap -p 324
[2026-06-01 09:17:44] [EXIT] 0
[2026-06-01 09:17:44] [OUT] ---
[585] tab "Promotions"
[591] tab "Collaborations"
[11] textbox "Filter"
[792] checkbox
[905] button "Sort by Date"
[942] button "Sort by Views"
[1492] button "Send Feedback"
[1504] button "Close"
[2151] tab "Details" (selected)
[2162] tab "Video elements"
[2173] tab "Checks"
[2184] tab "Visibility"
[1955] button "Reuse details"
[2264] textbox "Add a title that describes your video (type @ to mention a channel)" value="38" (required)
[2014] textbox "Tell viewers about your video (type @ to mention a channel)"
[2227] link "Learn more about playlists"
[2233] button "Select playlists"
[2237] button "Select"
[2060] link "What's content made for kids?"
[2067] link "Learn more about video's audience settings"
[2070] radio "Yes, it's made for kids . Features like personalized ads and notifications won’t be available on videos made for kids. Videos that are set as made for kids by you are more likely to be recommended alongside other kids’ videos. Learn more"
[2074] link "Learn more"
[2075] radio "No, it's not made for kids"
[1999] button "Age restriction (advanced)"
[2148] button "Show advanced settings"
[2210] link "https://youtube.com/shorts/E5zuOPeuclo"
[2213] button "Copy video link"
[1599] button "Next"
[546] clickable "Inspiration
        


  
      Videos
    


  
        Shorts
      


  
        Live
      


  "
[2069] clickable "Yes, it's made for kids.
          Features like personalized ads and notifications won’t be availab"
[2026-06-01 09:17:44] [OUT] ---
[2026-06-01 09:17:44] [INFO] Video uploaded and Details screen reached
[2026-06-01 09:17:44] [INFO] ========================================
[2026-06-01 09:17:44] [INFO]   Phase 4: Fill Details
[2026-06-01 09:17:44] [INFO] ========================================
[2026-06-01 09:17:44] [INFO] Finding Title field...

[2026-06-01 09:17:44] [CMD] browseros-cli snap -p 324
[2026-06-01 09:17:44] [EXIT] 0
[2026-06-01 09:17:44] [OUT] ---
[585] tab "Promotions"
[591] tab "Collaborations"
[11] textbox "Filter"
[792] checkbox
[905] button "Sort by Date"
[942] button "Sort by Views"
[1492] button "Send Feedback"
[1504] button "Close"
[2151] tab "Details" (selected)
[2162] tab "Video elements"
[2173] tab "Checks"
[2184] tab "Visibility"
[1955] button "Reuse details"
[2264] textbox "Add a title that describes your video (type @ to mention a channel)" value="38" (required)
[2014] textbox "Tell viewers about your video (type @ to mention a channel)"
[2227] link "Learn more about playlists"
[2233] button "Select playlists"
[2237] button "Select"
[2060] link "What's content made for kids?"
[2067] link "Learn more about video's audience settings"
[2070] radio "Yes, it's made for kids . Features like personalized ads and notifications won’t be available on videos made for kids. Videos that are set as made for kids by you are more likely to be recommended alongside other kids’ videos. Learn more"
[2074] link "Learn more"
[2075] radio "No, it's not made for kids"
[1999] button "Age restriction (advanced)"
[2148] button "Show advanced settings"
[2210] link "https://youtube.com/shorts/E5zuOPeuclo"
[2213] button "Copy video link"
[1599] button "Next"
[546] clickable "Inspiration
        


  
      Videos
    


  
        Shorts
      


  
        Live
      


  "
[2069] clickable "Yes, it's made for kids.
          Features like personalized ads and notifications won’t be availab"
[2026-06-01 09:17:44] [OUT] ---
[2026-06-01 09:17:44] [INFO] Filling Title...

[2026-06-01 09:17:46] [CMD] browseros-cli fill -p 324 2264 🍝 Classic Fettuccine Alfredo 🍝
[2026-06-01 09:17:46] [EXIT] 0
[2026-06-01 09:17:46] [OUT] ---
Typed 32 characters into [2264] at (472, 229)
[2026-06-01 09:17:46] [OUT] ---
[2026-06-01 09:17:48] [INFO] Finding Description field...

[2026-06-01 09:17:49] [CMD] browseros-cli snap -p 324
[2026-06-01 09:17:49] [EXIT] 0
[2026-06-01 09:17:49] [OUT] ---
[1504] button "Close"
[2151] tab "Details" (selected)
[2162] tab "Video elements"
[2173] tab "Checks"
[2184] tab "Visibility"
[1955] button "Reuse details"
[2264] textbox "Add a title that describes your video (type @ to mention a channel)" value="🍝 Classic Fettuccine Alfredo 🍝" (required)
[2476] button "Add all"
[2377] button "Options"
[2829] button "Personalized suggestion illustration #appetizer"
[2839] button "#strawberry"
[2849] button "Personalized suggestion illustration #baking"
[2014] textbox "Tell viewers about your video (type @ to mention a channel)"
[2227] link "Learn more about playlists"
[2233] button "Select playlists"
[2237] button "Select"
[2060] link "What's content made for kids?"
[2067] link "Learn more about video's audience settings"
[2070] radio "Yes, it's made for kids . Features like personalized ads and notifications won’t be available on videos made for kids. Videos that are set as made for kids by you are more likely to be recommended alongside other kids’ videos. Learn more"
[2074] link "Learn more"
[2075] radio "No, it's not made for kids"
[1999] button "Age restriction (advanced)"
[2148] button "Show advanced settings"
[2210] link "https://youtube.com/shorts/E5zuOPeuclo"
[2213] button "Copy video link"
[1599] button "Next"
[546] clickable "Inspiration
        


  
      Videos
    


  
        Shorts
      


  
        Live
      


  "
[2380] clickable "The following suggestions were automatically generated based on your existing content. You can add
  and edit them to help viewers discover, understand, and engage with your content."
[2069] clickable "Yes, it's made for kids.
          Features like personalized ads and notifications won’t be availab"
[2026-06-01 09:17:49] [OUT] ---
[2026-06-01 09:17:49] [INFO] Filling Description...

[2026-06-01 09:17:51] [CMD] browseros-cli fill -p 324 2014 Recipe: 
Ingredients: 🍝 400g fettuccine pasta, 1 cup heavy cream, 🧈 1/2 cup unsalted butter, 🧀 1.5 cups freshly grated Parmesan cheese, 🧂 black pepper, 🌿 and fresh parsley. 
Steps: 👨‍🍳 Boil the pasta in salted water. 🥣 In a large skillet, melt butter into the cream over medium heat; simmer for 2 mins. 🔥 Slowly whisk in the parmesan until the sauce is smooth and thick. ⏲️ Add the cooked pasta and a splash of pasta water. 🍳 Toss vigorously to coat. 🔪 Finish with a heavy crack of black pepper and parsley.
#alfredo #pasta #italianfood #creamy #dinner #comfortfood #cheese #fettuccine 🌮🍱
[2026-06-01 09:17:51] [EXIT] 0
[2026-06-01 09:17:51] [OUT] ---
Typed 601 characters into [2014] at (472, 490)
[2026-06-01 09:17:51] [OUT] ---
[2026-06-01 09:17:54] [INFO] Selecting 'Not made for kids'...

[2026-06-01 09:17:54] [CMD] browseros-cli snap -p 324
[2026-06-01 09:17:54] [EXIT] 0
[2026-06-01 09:17:54] [OUT] ---
[905] button "Sort by Date"
[942] button "Sort by Views"
[1492] button "Send Feedback"
[1504] button "Close"
[2151] tab "Details" (selected)
[2162] tab "Video elements"
[2173] tab "Checks"
[2184] tab "Visibility"
[1955] button "Reuse details"
[2264] textbox "Add a title that describes your video (type @ to mention a channel)" value="🍝 Classic Fettuccine Alfredo 🍝" (required)
[2014] textbox "Tell viewers about your video (type @ to mention a channel)" value="Recipe: 
Ingredients: 🍝 400g fettuccine pasta, 1 cup heavy cream, 🧈 1/2 cup unsalted butter, 🧀 1.5 cups freshly grated Parmesan cheese, 🧂 black pepper, 🌿 and fresh parsley. 
Steps: 👨‍🍳 Boil the pasta in salted water. 🥣 In a large skillet, melt butter into the cream over medium heat; simmer for 2 mins. 🔥 Slowly whisk in the parmesan until the sauce is smooth and thick. ⏲️ Add the cooked pasta and a splash of pasta water. 🍳 Toss vigorously to coat. 🔪 Finish with a heavy crack of black pepper and parsley.
#alfredo #pasta #italianfood #creamy #dinner #comfortfood #cheese #fettuccine 🌮🍱
"
[2227] link "Learn more about playlists"
[2233] button "Select playlists"
[2237] button "Select"
[2060] link "What's content made for kids?"
[2067] link "Learn more about video's audience settings"
[2070] radio "Yes, it's made for kids . Features like personalized ads and notifications won’t be available on videos made for kids. Videos that are set as made for kids by you are more likely to be recommended alongside other kids’ videos. Learn more"
[2074] link "Learn more"
[2075] radio "No, it's not made for kids"
[1999] button "Age restriction (advanced)"
[2148] button "Show advanced settings"
[2210] link "https://youtube.com/shorts/E5zuOPeuclo"
[2213] button "Copy video link"
[1599] button "Next"
[546] clickable "Inspiration
        


  
      Videos
    


  
        Shorts
      


  
        Live
      


  "
[2069] clickable "Yes, it's made for kids.
          Features like personalized ads and notifications won’t be availab"
[2026-06-01 09:17:54] [OUT] ---

[2026-06-01 09:17:55] [CMD] browseros-cli click -p 324 2075
[2026-06-01 09:17:55] [EXIT] 0
[2026-06-01 09:17:55] [OUT] ---
Clicked [2075] at (303, 464)
[2026-06-01 09:17:55] [OUT] ---
[2026-06-01 09:17:55] [INFO] Selected 'Not made for kids'
[2026-06-01 09:17:57] [INFO] ========================================
[2026-06-01 09:17:57] [INFO]   Phase 5: Navigate to Visibility Screen
[2026-06-01 09:17:57] [INFO] ========================================

[2026-06-01 09:17:58] [CMD] browseros-cli snap -p 324
[2026-06-01 09:17:58] [EXIT] 0
[2026-06-01 09:17:58] [OUT] ---
[905] button "Sort by Date"
[942] button "Sort by Views"
[1492] button "Send Feedback"
[1504] button "Close"
[2151] tab "Details" (selected)
[2162] tab "Video elements"
[2173] tab "Checks"
[2184] tab "Visibility"
[1955] button "Reuse details"
[2264] textbox "Add a title that describes your video (type @ to mention a channel)" value="🍝 Classic Fettuccine Alfredo 🍝" (required)
[2014] textbox "Tell viewers about your video (type @ to mention a channel)" value="Recipe: 
Ingredients: 🍝 400g fettuccine pasta, 1 cup heavy cream, 🧈 1/2 cup unsalted butter, 🧀 1.5 cups freshly grated Parmesan cheese, 🧂 black pepper, 🌿 and fresh parsley. 
Steps: 👨‍🍳 Boil the pasta in salted water. 🥣 In a large skillet, melt butter into the cream over medium heat; simmer for 2 mins. 🔥 Slowly whisk in the parmesan until the sauce is smooth and thick. ⏲️ Add the cooked pasta and a splash of pasta water. 🍳 Toss vigorously to coat. 🔪 Finish with a heavy crack of black pepper and parsley.
#alfredo #pasta #italianfood #creamy #dinner #comfortfood #cheese #fettuccine 🌮🍱
"
[2227] link "Learn more about playlists"
[2233] button "Select playlists"
[2237] button "Select"
[2060] link "What's content made for kids?"
[2067] link "Learn more about video's audience settings"
[2070] radio "Yes, it's made for kids . Features like personalized ads and notifications won’t be available on videos made for kids. Videos that are set as made for kids by you are more likely to be recommended alongside other kids’ videos. Learn more"
[2074] link "Learn more"
[2075] radio "No, it's not made for kids"
[1999] button "Age restriction (advanced)"
[2148] button "Show advanced settings"
[2210] link "https://youtube.com/shorts/E5zuOPeuclo"
[2213] button "Copy video link"
[1599] button "Next"
[546] clickable "Inspiration
        


  
      Videos
    


  
        Shorts
      


  
        Live
      


  "
[2069] clickable "Yes, it's made for kids.
          Features like personalized ads and notifications won’t be availab"
[2026-06-01 09:17:58] [OUT] ---
[2026-06-01 09:17:58] [INFO] Clicking Next (1/3)...

[2026-06-01 09:17:59] [CMD] browseros-cli click -p 324 1599
[2026-06-01 09:17:59] [EXIT] 0
[2026-06-01 09:17:59] [OUT] ---
Clicked [1599] at (1061, 697)
[2026-06-01 09:17:59] [OUT] ---

[2026-06-01 09:18:03] [CMD] browseros-cli snap -p 324
[2026-06-01 09:18:03] [EXIT] 0
[2026-06-01 09:18:03] [OUT] ---
[422] menuitem "Content detection"
[441] menuitem "Earn"
[460] menuitem "Customization"
[479] menuitem "Audio library"
[504] button "Settings"
[517] button "Send feedback"
[565] tab "Inspiration"
[568] tab "Videos" (selected)
[570] tab "Shorts"
[573] tab "Live"
[576] tab "Posts"
[579] tab "Playlists"
[582] tab "Podcasts"
[585] tab "Promotions"
[591] tab "Collaborations"
[11] textbox "Filter"
[792] checkbox
[905] button "Sort by Date"
[942] button "Sort by Views"
[1492] button "Send Feedback"
[1504] button "Close"
[2151] tab "Details"
[2162] tab "Video elements" (selected)
[2173] tab "Checks"
[2184] tab "Visibility"
[10873] link "Learn more"
[11111] button "Add"
[10917] button "Add" (disabled)
[1592] button "Back"
[1599] button "Next"
[546] clickable "Inspiration
        


  
      Videos
    


  
        Shorts
      


  
        Live
      


  "
[2026-06-01 09:18:03] [OUT] ---

[2026-06-01 09:18:04] [CMD] browseros-cli snap -p 324
[2026-06-01 09:18:04] [EXIT] 0
[2026-06-01 09:18:04] [OUT] ---
[422] menuitem "Content detection"
[441] menuitem "Earn"
[460] menuitem "Customization"
[479] menuitem "Audio library"
[504] button "Settings"
[517] button "Send feedback"
[565] tab "Inspiration"
[568] tab "Videos" (selected)
[570] tab "Shorts"
[573] tab "Live"
[576] tab "Posts"
[579] tab "Playlists"
[582] tab "Podcasts"
[585] tab "Promotions"
[591] tab "Collaborations"
[11] textbox "Filter"
[792] checkbox
[905] button "Sort by Date"
[942] button "Sort by Views"
[1492] button "Send Feedback"
[1504] button "Close"
[2151] tab "Details"
[2162] tab "Video elements" (selected)
[2173] tab "Checks"
[2184] tab "Visibility"
[10873] link "Learn more"
[11111] button "Add"
[10917] button "Add" (disabled)
[1592] button "Back"
[1599] button "Next"
[546] clickable "Inspiration
        


  
      Videos
    


  
        Shorts
      


  
        Live
      


  "
[2026-06-01 09:18:04] [OUT] ---
[2026-06-01 09:18:04] [INFO] Clicking Next (2/3)...

[2026-06-01 09:18:05] [CMD] browseros-cli click -p 324 1599
[2026-06-01 09:18:05] [EXIT] 0
[2026-06-01 09:18:05] [OUT] ---
Clicked [1599] at (1061, 697)
[2026-06-01 09:18:05] [OUT] ---

[2026-06-01 09:18:09] [CMD] browseros-cli snap -p 324
[2026-06-01 09:18:09] [EXIT] 0
[2026-06-01 09:18:09] [OUT] ---
[460] menuitem "Customization"
[479] menuitem "Audio library"
[504] button "Settings"
[517] button "Send feedback"
[565] tab "Inspiration"
[568] tab "Videos" (selected)
[570] tab "Shorts"
[573] tab "Live"
[576] tab "Posts"
[579] tab "Playlists"
[582] tab "Podcasts"
[585] tab "Promotions"
[591] tab "Collaborations"
[11] textbox "Filter"
[792] checkbox
[905] button "Sort by Date"
[942] button "Sort by Views"
[1492] button "Send Feedback"
[1504] button "Close"
[2151] tab "Details"
[2162] tab "Video elements"
[2173] tab "Checks" (selected)
[2184] tab "Visibility"
[11324] link "Learn more"
[11369] link "Learn more"
[11336] button "Send feedback"
[1592] button "Back"
[1599] button "Next"
[546] clickable "Inspiration
        


  
      Videos
    


  
        Shorts
      


  
        Live
      


  "
[11335] clickable "Send feedback"
[11337] clickable "Send feedback"
[2026-06-01 09:18:09] [OUT] ---

[2026-06-01 09:18:10] [CMD] browseros-cli snap -p 324
[2026-06-01 09:18:10] [EXIT] 0
[2026-06-01 09:18:10] [OUT] ---
[460] menuitem "Customization"
[479] menuitem "Audio library"
[504] button "Settings"
[517] button "Send feedback"
[565] tab "Inspiration"
[568] tab "Videos" (selected)
[570] tab "Shorts"
[573] tab "Live"
[576] tab "Posts"
[579] tab "Playlists"
[582] tab "Podcasts"
[585] tab "Promotions"
[591] tab "Collaborations"
[11] textbox "Filter"
[792] checkbox
[905] button "Sort by Date"
[942] button "Sort by Views"
[1492] button "Send Feedback"
[1504] button "Close"
[2151] tab "Details"
[2162] tab "Video elements"
[2173] tab "Checks" (selected)
[2184] tab "Visibility"
[11324] link "Learn more"
[11369] link "Learn more"
[11336] button "Send feedback"
[1592] button "Back"
[1599] button "Next"
[546] clickable "Inspiration
        


  
      Videos
    


  
        Shorts
      


  
        Live
      


  "
[11335] clickable "Send feedback"
[11337] clickable "Send feedback"
[2026-06-01 09:18:10] [OUT] ---
[2026-06-01 09:18:10] [INFO] Clicking Next (3/3)...

[2026-06-01 09:18:11] [CMD] browseros-cli click -p 324 1599
[2026-06-01 09:18:11] [EXIT] 0
[2026-06-01 09:18:11] [OUT] ---
Clicked [1599] at (1061, 697)
[2026-06-01 09:18:11] [OUT] ---

[2026-06-01 09:18:15] [CMD] browseros-cli snap -p 324
[2026-06-01 09:18:15] [EXIT] 0
[2026-06-01 09:18:15] [OUT] ---
[11811] radio "Private"
[11821] radio "Unlisted"
[11830] radio "Public"
[11542] button "Click to expand"
[11477] link "Learn more"
[11482] link "Learn more"
[11764] button "Play"
[11767] button "Mute"
[11593] slider "volume"
[11771] button "Settings"
[11796] button "Full screen"
[11510] link "https://youtube.com/shorts/E5zuOPeuclo"
[11513] button "Copy video link"
[1592] button "Back"
[1606] button "Save"
[546] clickable "Inspiration
        


  
      Videos
    


  
        Shorts
      


  
        Live
      


  "
[11553] clickable "Private
          

          
          
            
              Only you and people you choose "
[11536] clickable "Schedule
      
        
          Select a date to make your video public.
        
      
      
 "
[2026-06-01 09:18:15] [OUT] ---
[2026-06-01 09:18:15] [INFO] Reached Visibility screen
[2026-06-01 09:18:15] [INFO] ========================================
[2026-06-01 09:18:15] [INFO]   Phase 6: Open Scheduling Options
[2026-06-01 09:18:15] [INFO] ========================================
[2026-06-01 09:18:15] [INFO] Clicking 'Schedule' option...

[2026-06-01 09:18:16] [CMD] browseros-cli snap -p 324
[2026-06-01 09:18:16] [EXIT] 0
[2026-06-01 09:18:16] [OUT] ---
[11811] radio "Private"
[11821] radio "Unlisted"
[11830] radio "Public"
[11542] button "Click to expand"
[11477] link "Learn more"
[11482] link "Learn more"
[11764] button "Play"
[11767] button "Mute"
[11593] slider "volume"
[11771] button "Settings"
[11796] button "Full screen"
[11510] link "https://youtube.com/shorts/E5zuOPeuclo"
[11513] button "Copy video link"
[1592] button "Back"
[1606] button "Save"
[546] clickable "Inspiration
        


  
      Videos
    


  
        Shorts
      


  
        Live
      


  "
[11553] clickable "Private
          

          
          
            
              Only you and people you choose "
[11536] clickable "Schedule
      
        
          Select a date to make your video public.
        
      
      
 "
[2026-06-01 09:18:16] [OUT] ---

[2026-06-01 09:18:17] [CMD] browseros-cli click -p 324 11536
[2026-06-01 09:18:17] [EXIT] 0
[2026-06-01 09:18:17] [OUT] ---
Clicked [11536] at (472, 574)
[2026-06-01 09:18:17] [OUT] ---
[2026-06-01 09:18:19] [INFO] ========================================
[2026-06-01 09:18:19] [INFO]   Phase 7: Fill Date and Time
[2026-06-01 09:18:19] [INFO] ========================================
[2026-06-01 09:18:19] [INFO] Setting date: Jun 22, 2026, time: 1:30 PM
[2026-06-01 09:18:19] [INFO] Opening date picker...

[2026-06-01 09:18:20] [CMD] browseros-cli snap -p 324
[2026-06-01 09:18:20] [EXIT] 0
[2026-06-01 09:18:20] [OUT] ---
[942] button "Sort by Views"
[1492] button "Send Feedback"
[1504] button "Close"
[2151] tab "Details"
[2162] tab "Video elements"
[2173] tab "Checks"
[2184] tab "Visibility" (selected)
[11528] button "Click to expand"
[12063] button "Jun 2, 2026"
[12067] button "Jun 2, 2026"
[12093] textbox value="12:00 AM"
[12176] button "Time zone"
[11477] link "Learn more"
[11482] link "Learn more"
[11764] button "Play"
[11767] button "Mute"
[11593] slider "volume"
[11771] button "Settings"
[11796] button "Full screen"
[11510] link "https://youtube.com/shorts/E5zuOPeuclo"
[11513] button "Copy video link"
[1592] button "Back"
[1606] button "Schedule"
[546] clickable "Inspiration
        


  
      Videos
    


  
        Shorts
      


  
        Live
      


  "
[11489] clickable "Save or publish
        
        
          Make your video public, unlisted, or private
        
  "
[12177] clickable "Default set to local time zone (GMT+0530)"
[2026-06-01 09:18:20] [OUT] ---

[2026-06-01 09:18:21] [CMD] browseros-cli click -p 324 12063
[2026-06-01 09:18:21] [EXIT] 0
[2026-06-01 09:18:21] [OUT] ---
Clicked [12063] at (310, 490)
[2026-06-01 09:18:21] [OUT] ---

[2026-06-01 09:18:24] [CMD] browseros-cli snap -p 324
[2026-06-01 09:18:24] [EXIT] 0
[2026-06-01 09:18:24] [OUT] ---
[12449] clickable "13"
[12450] clickable "14"
[12451] clickable "15"
[12452] clickable "16"
[12453] clickable "17"
[12454] clickable "18"
[12455] clickable "19"
[12456] clickable "20"
[12457] clickable "21"
[12458] clickable "22"
[12459] clickable "23"
[12460] clickable "24"
[12461] clickable "25"
[12462] clickable "26"
[12463] clickable "27"
[12464] clickable "28"
[12465] clickable "29"
[12466] clickable "30"
[12467] clickable "31"
[12475] clickable "1"
[12476] clickable "2"
[12477] clickable "3"
[12478] clickable "4"
[12479] clickable "5"
[12480] clickable "6"
[12481] clickable "7"
[12482] clickable "8"
[12483] clickable "9"
[12484] clickable "10"
[12485] clickable "11"
[12486] clickable "12"
[12487] clickable "13"
[12488] clickable "14"
[12489] clickable "15"
[12490] clickable "16"
[12491] clickable "17"
[12492] clickable "18"
[12493] clickable "19"
[12494] clickable "20"
[12495] clickable "21"
[12496] clickable "22"
[12497] clickable "23"
[12498] clickable "24"
[12499] clickable "25"
[12500] clickable "26"
[12501] clickable "27"
[12502] clickable "28"
[12503] clickable "29"
[12504] clickable "30"
[12505] clickable "31"
[2026-06-01 09:18:24] [OUT] ---

[2026-06-01 09:18:25] [CMD] browseros-cli fill -p 324 12289 Jun 22, 2026
[2026-06-01 09:18:25] [EXIT] 0
[2026-06-01 09:18:25] [OUT] ---
Typed 12 characters into [12289] at (327, 124)
[2026-06-01 09:18:25] [OUT] ---

[2026-06-01 09:18:27] [CMD] browseros-cli key -p 324 Enter
[2026-06-01 09:18:27] [EXIT] 0
[2026-06-01 09:18:27] [OUT] ---
Pressed Enter
[2026-06-01 09:18:27] [OUT] ---
[2026-06-01 09:18:29] [INFO] Setting time...

[2026-06-01 09:18:30] [CMD] browseros-cli snap -p 324
[2026-06-01 09:18:30] [EXIT] 0
[2026-06-01 09:18:30] [OUT] ---
[942] button "Sort by Views"
[1492] button "Send Feedback"
[1504] button "Close"
[2151] tab "Details"
[2162] tab "Video elements"
[2173] tab "Checks"
[2184] tab "Visibility" (selected)
[11528] button "Click to expand"
[12063] button "Jun 22, 2026"
[12067] button "Jun 22, 2026"
[12093] textbox value="12:00 AM"
[12176] button "Time zone"
[11477] link "Learn more"
[11482] link "Learn more"
[11764] button "Play"
[11767] button "Mute"
[11593] slider "volume"
[11771] button "Settings"
[11796] button "Full screen"
[11510] link "https://youtube.com/shorts/E5zuOPeuclo"
[11513] button "Copy video link"
[1592] button "Back"
[1606] button "Schedule"
[546] clickable "Inspiration
        


  
      Videos
    


  
        Shorts
      


  
        Live
      


  "
[11489] clickable "Save or publish
        
        
          Make your video public, unlisted, or private
        
  "
[12177] clickable "Default set to local time zone (GMT+0530)"
[2026-06-01 09:18:30] [OUT] ---
[2026-06-01 09:18:30] [INFO] Clicking time input box to open dropdown...

[2026-06-01 09:18:31] [CMD] browseros-cli click -p 324 12093
[2026-06-01 09:18:31] [EXIT] 0
[2026-06-01 09:18:31] [OUT] ---
Clicked [12093] at (466, 490)
[2026-06-01 09:18:31] [OUT] ---

[2026-06-01 09:18:34] [CMD] browseros-cli snap -p 324
[2026-06-01 09:18:34] [EXIT] 0
[2026-06-01 09:18:34] [OUT] ---
[13104] option "6:15 PM"
[13105] option "6:30 PM"
[13106] option "6:45 PM"
[13107] option "7:00 PM"
[13108] option "7:15 PM"
[13109] option "7:30 PM"
[13110] option "7:45 PM"
[13111] option "8:00 PM"
[13112] option "8:15 PM"
[13113] option "8:30 PM"
[13114] option "8:45 PM"
[13115] option "9:00 PM"
[13116] option "9:15 PM"
[13117] option "9:30 PM"
[13118] option "9:45 PM"
[13119] option "10:00 PM"
[13120] option "10:15 PM"
[13121] option "10:30 PM"
[13122] option "10:45 PM"
[13123] option "11:00 PM"
[13124] option "11:15 PM"
[13125] option "11:30 PM"
[13126] option "11:45 PM"
[546] clickable "Inspiration
        


  
      Videos
    


  
        Shorts
      


  
        Live
      


  "
[11489] clickable "Save or publish
        
        
          Make your video public, unlisted, or private
        
  "
[12177] clickable "Default set to local time zone (GMT+0530)"
[2026-06-01 09:18:34] [OUT] ---
[2026-06-01 09:18:34] [INFO] Clicking time option ref: 13085 for 1:30 PM

[2026-06-01 09:18:35] [CMD] browseros-cli click -p 324 13085
[2026-06-01 09:18:35] [EXIT] 0
[2026-06-01 09:18:35] [OUT] ---
Clicked [13085] at (466, 316)
[2026-06-01 09:18:35] [OUT] ---
[2026-06-01 09:18:37] [INFO] Date and time filled successfully
[2026-06-01 09:18:37] [INFO] ========================================
[2026-06-01 09:18:37] [INFO]   Phase 8: User Verification
[2026-06-01 09:18:37] [INFO] ========================================
[2026-06-01 09:18:37] [INFO] 
[2026-06-01 09:18:37] [INFO] ============================================
[2026-06-01 09:18:37] [INFO]   SCHEDULED REEL REVIEW
[2026-06-01 09:18:37] [INFO] ============================================
[2026-06-01 09:18:37] [INFO]   Asset ID: 38
[2026-06-01 09:18:37] [INFO]   Project:  project-1
[2026-06-01 09:18:37] [INFO]   Date:     2026-06-22 (Monday)
[2026-06-01 09:18:37] [INFO]   Time:     13:30:00
[2026-06-01 09:18:37] [INFO] ============================================
[2026-06-01 09:18:37] [INFO] 
[2026-06-01 09:18:37] [INFO] [YOLO] Finding 'Schedule' button...

[2026-06-01 09:18:38] [CMD] browseros-cli snap -p 324
[2026-06-01 09:18:38] [EXIT] 0
[2026-06-01 09:18:38] [OUT] ---
[942] button "Sort by Views"
[1492] button "Send Feedback"
[1504] button "Close"
[2151] tab "Details"
[2162] tab "Video elements"
[2173] tab "Checks"
[2184] tab "Visibility" (selected)
[11528] button "Click to expand"
[12063] button "Jun 22, 2026"
[12067] button "Jun 22, 2026"
[12093] textbox value="1:30 PM"
[12176] button "Time zone"
[11477] link "Learn more"
[11482] link "Learn more"
[11764] button "Play"
[11767] button "Mute"
[11593] slider "volume"
[11771] button "Settings"
[11796] button "Full screen"
[11510] link "https://youtube.com/shorts/E5zuOPeuclo"
[11513] button "Copy video link"
[1592] button "Back"
[1606] button "Schedule"
[546] clickable "Inspiration
        


  
      Videos
    


  
        Shorts
      


  
        Live
      


  "
[11489] clickable "Save or publish
        
        
          Make your video public, unlisted, or private
        
  "
[12177] clickable "Default set to local time zone (GMT+0530)"
[2026-06-01 09:18:38] [OUT] ---
[2026-06-01 09:18:38] [INFO] Clicking 'Schedule' button (ref: 1606)...

[2026-06-01 09:18:39] [CMD] browseros-cli click -p 324 1606
[2026-06-01 09:18:39] [EXIT] 0
[2026-06-01 09:18:39] [OUT] ---
Clicked [1606] at (1047, 697)
[2026-06-01 09:18:39] [OUT] ---
[2026-06-01 09:18:49] [INFO] Marking asset 38 as uploaded for youtube...
[2026-06-01 09:18:49] [DEBUG] mark_uploaded output: {"success": true, "id": "38", "platform": "youtube"}
[2026-06-01 09:18:49] [INFO] Marking asset 38 as scheduled for youtube...
[2026-06-01 09:18:49] [DEBUG] mark_scheduled output: {"success": true, "id": "38", "platform": "youtube"}
[2026-06-01 09:18:49] [INFO] Tracker updated for asset 38
[2026-06-01 09:18:49] [INFO] ========================================
[2026-06-01 09:18:49] [INFO]   Phase 9: Close Browser Tab
[2026-06-01 09:18:49] [INFO] ========================================

[2026-06-01 09:18:50] [CMD] browseros-cli close -p 324
[2026-06-01 09:18:50] [EXIT] 0
[2026-06-01 09:18:50] [OUT] ---
Closed page 324
[2026-06-01 09:18:50] [OUT] ---
[2026-06-01 09:18:50] [INFO] Browser tab closed
[2026-06-01 09:18:50] [INFO] ========================================
[2026-06-01 09:18:50] [INFO]   Processing Schedule Entry 17 / 23
[2026-06-01 09:18:50] [INFO] ========================================
[2026-06-01 09:18:50] [INFO] Date: 2026-06-23, Day: Tuesday, Time: 08:00:00
[2026-06-01 09:18:50] [INFO] ========================================
[2026-06-01 09:18:50] [INFO]   Phase 1: Identify Project and Asset
[2026-06-01 09:18:50] [INFO] ========================================
[2026-06-01 09:18:50] [INFO] Fetching mapped post for project 1...
[2026-06-01 09:18:50] [DEBUG] get_mapped_post exit=0 output='ID: 40
Caption: 🐟 Premium Salmon & Tuna Nigiri 🍣
Recipe: 
Ingredients: 🍣 2 cups prepared sushi rice (seasoned with rice vinegar, 🍬 sugar, 🧂 salt), 🐟 4oz sashimi-grade salmon, 🐟 4oz sashimi-grade tuna, 🍵 wasabi, 🍅 and high-quality soy sauce. 
Steps: 👨‍🍳 Wet your hands and form 2 tbsp of rice into a small, oblong mound. 🥣 Slice the fish at a 45-degree angle into thin rectangles. 🔥 Dab a tiny bit of wasabi on the underside of the fish and press it gently onto the rice mound. ⏲️ Serve with pickled ginger and a small dish of soy sauce mixed with wasabi.
#sushi #nigiri #japanesefood #rawfish #healthy #dinner #seafood #sashimi 🌮🍱'
[2026-06-01 09:18:50] [INFO] Asset ID: 40
[2026-06-01 09:18:50] [INFO] Title length: 32 chars
[2026-06-01 09:18:50] [INFO] Description length: 581 chars
[2026-06-01 09:18:50] [INFO] Asset path: /Users/dsen/Projects/ai-post-maker/project-1/assets/40.mp4
[2026-06-01 09:18:50] [INFO] ========================================
[2026-06-01 09:18:50] [INFO]   Phase 2: Open YouTube Upload Page
[2026-06-01 09:18:50] [INFO] ========================================
[2026-06-01 09:18:50] [INFO] Opening new page: https://www.youtube.com/upload

[2026-06-01 09:18:51] [CMD] browseros-cli open https://www.youtube.com/upload --json
[2026-06-01 09:18:51] [EXIT] 0
[2026-06-01 09:18:51] [OUT] ---
{"background":false,"hidden":false,"pageId":326,"url":"https://www.youtube.com/upload"}
[2026-06-01 09:18:51] [OUT] ---
[2026-06-01 09:18:51] [INFO] Page opened with ID: 326
[2026-06-01 09:18:56] [INFO] Page loaded successfully
[2026-06-01 09:18:56] [INFO] ========================================
[2026-06-01 09:18:56] [INFO]   Phase 3: Upload the Video File
[2026-06-01 09:18:56] [INFO] ========================================
[2026-06-01 09:18:56] [INFO] Exposing hidden file input...

[2026-06-01 09:18:57] [CMD] browseros-cli eval -p 326 document.querySelectorAll('input[type="file"]').forEach((i, idx) => { i.removeAttribute('aria-hidden'); i.style.display='block'; i.style.visibility='visible'; i.style.opacity='1'; i.style.position='static'; i.style.width='100px'; i.style.height='50px'; i.style.zIndex='999999'; i.title='Upload Video File'; });
[2026-06-01 09:18:57] [EXIT] 0
[2026-06-01 09:18:57] [OUT] ---
undefined
[2026-06-01 09:18:57] [OUT] ---
[2026-06-01 09:18:59] [INFO] Taking snapshot to find file input...

[2026-06-01 09:19:00] [CMD] browseros-cli snap -p 326
[2026-06-01 09:19:00] [EXIT] 0
[2026-06-01 09:19:00] [OUT] ---
[345] menuitem "Content"
[365] menuitem "Analytics"
[384] menuitem "Community"
[403] menuitem "Subtitles"
[422] menuitem "Content detection"
[441] menuitem "Earn"
[460] menuitem "Customization"
[479] menuitem "Audio library"
[504] button "Settings"
[517] button "Send feedback"
[565] tab "Inspiration"
[568] tab "Videos" (selected)
[570] tab "Shorts"
[573] tab "Live"
[576] tab "Posts"
[579] tab "Playlists"
[582] tab "Podcasts"
[585] tab "Promotions"
[591] tab "Collaborations"
[11] textbox "Filter"
[792] checkbox
[905] button "Sort by Date"
[942] button "Sort by Views"
[1492] button "Send Feedback"
[1504] button "Close"
[1537] button "Select files"
[1542] button "Choose Files"
[1546] link "Terms of Service"
[1547] link "Community Guidelines"
[1551] link "Learn more"
[546] clickable "Inspiration
        


  
      Videos
    


  
        Shorts
      


  
        Live
      


  "
[2026-06-01 09:19:00] [OUT] ---

[2026-06-01 09:19:01] [CMD] browseros-cli snap -p 326
[2026-06-01 09:19:01] [EXIT] 0
[2026-06-01 09:19:01] [OUT] ---
[345] menuitem "Content"
[365] menuitem "Analytics"
[384] menuitem "Community"
[403] menuitem "Subtitles"
[422] menuitem "Content detection"
[441] menuitem "Earn"
[460] menuitem "Customization"
[479] menuitem "Audio library"
[504] button "Settings"
[517] button "Send feedback"
[565] tab "Inspiration"
[568] tab "Videos" (selected)
[570] tab "Shorts"
[573] tab "Live"
[576] tab "Posts"
[579] tab "Playlists"
[582] tab "Podcasts"
[585] tab "Promotions"
[591] tab "Collaborations"
[11] textbox "Filter"
[792] checkbox
[905] button "Sort by Date"
[942] button "Sort by Views"
[1492] button "Send Feedback"
[1504] button "Close"
[1537] button "Select files"
[1542] button "Choose Files"
[1546] link "Terms of Service"
[1547] link "Community Guidelines"
[1551] link "Learn more"
[546] clickable "Inspiration
        


  
      Videos
    


  
        Shorts
      


  
        Live
      


  "
[2026-06-01 09:19:01] [OUT] ---

[2026-06-01 09:19:02] [CMD] browseros-cli snap -p 326
[2026-06-01 09:19:02] [EXIT] 0
[2026-06-01 09:19:02] [OUT] ---
[345] menuitem "Content"
[365] menuitem "Analytics"
[384] menuitem "Community"
[403] menuitem "Subtitles"
[422] menuitem "Content detection"
[441] menuitem "Earn"
[460] menuitem "Customization"
[479] menuitem "Audio library"
[504] button "Settings"
[517] button "Send feedback"
[565] tab "Inspiration"
[568] tab "Videos" (selected)
[570] tab "Shorts"
[573] tab "Live"
[576] tab "Posts"
[579] tab "Playlists"
[582] tab "Podcasts"
[585] tab "Promotions"
[591] tab "Collaborations"
[11] textbox "Filter"
[792] checkbox
[905] button "Sort by Date"
[942] button "Sort by Views"
[1492] button "Send Feedback"
[1504] button "Close"
[1537] button "Select files"
[1542] button "Choose Files"
[1546] link "Terms of Service"
[1547] link "Community Guidelines"
[1551] link "Learn more"
[546] clickable "Inspiration
        


  
      Videos
    


  
        Shorts
      


  
        Live
      


  "
[2026-06-01 09:19:02] [OUT] ---
[2026-06-01 09:19:02] [INFO] Attempting upload to ref: 1542...

[2026-06-01 09:19:03] [CMD] browseros-cli upload -p 326 1542 /Users/dsen/Projects/ai-post-maker/project-1/assets/40.mp4
[2026-06-01 09:19:03] [EXIT] 0
[2026-06-01 09:19:03] [OUT] ---
Set 1 file(s) on [1542]
[2026-06-01 09:19:03] [OUT] ---
[2026-06-01 09:19:08] [INFO] Waiting for 'Details' screen to appear...

[2026-06-01 09:19:09] [CMD] browseros-cli snap -p 326
[2026-06-01 09:19:09] [EXIT] 0
[2026-06-01 09:19:09] [OUT] ---
[1504] button "Close"
[2153] tab "Details" (selected)
[2164] tab "Video elements"
[2175] tab "Checks"
[2186] tab "Visibility"
[1957] button "Reuse details"
[2266] textbox "Add a title that describes your video (type @ to mention a channel)" value="40" (required)
[2478] button "Add all"
[2379] button "Options"
[2810] button "Personalized suggestion illustration #appetizer"
[2820] button "#strawberry"
[2830] button "Personalized suggestion illustration #baking"
[2016] textbox "Tell viewers about your video (type @ to mention a channel)"
[2229] link "Learn more about playlists"
[2235] button "Select playlists"
[2239] button "Select"
[2062] link "What's content made for kids?"
[2069] link "Learn more about video's audience settings"
[2072] radio "Yes, it's made for kids . Features like personalized ads and notifications won’t be available on videos made for kids. Videos that are set as made for kids by you are more likely to be recommended alongside other kids’ videos. Learn more"
[2076] link "Learn more"
[2077] radio "No, it's not made for kids"
[2001] button "Age restriction (advanced)"
[2150] button "Show advanced settings"
[2212] link "https://youtube.com/shorts/8BcwA0OjcLI"
[2215] button "Copy video link"
[1599] button "Next"
[546] clickable "Inspiration
        


  
      Videos
    


  
        Shorts
      


  
        Live
      


  "
[2382] clickable "The following suggestions were automatically generated based on your existing content. You can add
  and edit them to help viewers discover, understand, and engage with your content."
[2071] clickable "Yes, it's made for kids.
          Features like personalized ads and notifications won’t be availab"
[2026-06-01 09:19:09] [OUT] ---
[2026-06-01 09:19:09] [INFO] Video uploaded and Details screen reached
[2026-06-01 09:19:09] [INFO] ========================================
[2026-06-01 09:19:09] [INFO]   Phase 4: Fill Details
[2026-06-01 09:19:09] [INFO] ========================================
[2026-06-01 09:19:09] [INFO] Finding Title field...

[2026-06-01 09:19:10] [CMD] browseros-cli snap -p 326
[2026-06-01 09:19:10] [EXIT] 0
[2026-06-01 09:19:10] [OUT] ---
[1504] button "Close"
[2153] tab "Details" (selected)
[2164] tab "Video elements"
[2175] tab "Checks"
[2186] tab "Visibility"
[1957] button "Reuse details"
[2266] textbox "Add a title that describes your video (type @ to mention a channel)" value="40" (required)
[2478] button "Add all"
[2379] button "Options"
[2810] button "Personalized suggestion illustration #appetizer"
[2820] button "#strawberry"
[2830] button "Personalized suggestion illustration #baking"
[2016] textbox "Tell viewers about your video (type @ to mention a channel)"
[2229] link "Learn more about playlists"
[2235] button "Select playlists"
[2239] button "Select"
[2062] link "What's content made for kids?"
[2069] link "Learn more about video's audience settings"
[2072] radio "Yes, it's made for kids . Features like personalized ads and notifications won’t be available on videos made for kids. Videos that are set as made for kids by you are more likely to be recommended alongside other kids’ videos. Learn more"
[2076] link "Learn more"
[2077] radio "No, it's not made for kids"
[2001] button "Age restriction (advanced)"
[2150] button "Show advanced settings"
[2212] link "https://youtube.com/shorts/8BcwA0OjcLI"
[2215] button "Copy video link"
[1599] button "Next"
[546] clickable "Inspiration
        


  
      Videos
    


  
        Shorts
      


  
        Live
      


  "
[2382] clickable "The following suggestions were automatically generated based on your existing content. You can add
  and edit them to help viewers discover, understand, and engage with your content."
[2071] clickable "Yes, it's made for kids.
          Features like personalized ads and notifications won’t be availab"
[2026-06-01 09:19:10] [OUT] ---
[2026-06-01 09:19:10] [INFO] Filling Title...

[2026-06-01 09:19:12] [CMD] browseros-cli fill -p 326 2266 🐟 Premium Salmon & Tuna Nigiri 🍣
[2026-06-01 09:19:12] [EXIT] 0
[2026-06-01 09:19:12] [OUT] ---
Typed 34 characters into [2266] at (472, 229)
[2026-06-01 09:19:12] [OUT] ---
[2026-06-01 09:19:14] [INFO] Finding Description field...

[2026-06-01 09:19:15] [CMD] browseros-cli snap -p 326
[2026-06-01 09:19:15] [EXIT] 0
[2026-06-01 09:19:15] [OUT] ---
[1504] button "Close"
[2153] tab "Details" (selected)
[2164] tab "Video elements"
[2175] tab "Checks"
[2186] tab "Visibility"
[1957] button "Reuse details"
[2266] textbox "Add a title that describes your video (type @ to mention a channel)" value="🐟 Premium Salmon & Tuna Nigiri 🍣" (required)
[2478] button "Add all"
[2379] button "Options"
[2810] button "Personalized suggestion illustration #appetizer"
[2820] button "#strawberry"
[2830] button "Personalized suggestion illustration #baking"
[2016] textbox "Tell viewers about your video (type @ to mention a channel)"
[2229] link "Learn more about playlists"
[2235] button "Select playlists"
[2239] button "Select"
[2062] link "What's content made for kids?"
[2069] link "Learn more about video's audience settings"
[2072] radio "Yes, it's made for kids . Features like personalized ads and notifications won’t be available on videos made for kids. Videos that are set as made for kids by you are more likely to be recommended alongside other kids’ videos. Learn more"
[2076] link "Learn more"
[2077] radio "No, it's not made for kids"
[2001] button "Age restriction (advanced)"
[2150] button "Show advanced settings"
[2212] link "https://youtube.com/shorts/8BcwA0OjcLI"
[2215] button "Copy video link"
[1599] button "Next"
[546] clickable "Inspiration
        


  
      Videos
    


  
        Shorts
      


  
        Live
      


  "
[2382] clickable "The following suggestions were automatically generated based on your existing content. You can add
  and edit them to help viewers discover, understand, and engage with your content."
[2071] clickable "Yes, it's made for kids.
          Features like personalized ads and notifications won’t be availab"
[2026-06-01 09:19:15] [OUT] ---
[2026-06-01 09:19:15] [INFO] Filling Description...

[2026-06-01 09:19:17] [CMD] browseros-cli fill -p 326 2016 Recipe: 
Ingredients: 🍣 2 cups prepared sushi rice (seasoned with rice vinegar, 🍬 sugar, 🧂 salt), 🐟 4oz sashimi-grade salmon, 🐟 4oz sashimi-grade tuna, 🍵 wasabi, 🍅 and high-quality soy sauce. 
Steps: 👨‍🍳 Wet your hands and form 2 tbsp of rice into a small, oblong mound. 🥣 Slice the fish at a 45-degree angle into thin rectangles. 🔥 Dab a tiny bit of wasabi on the underside of the fish and press it gently onto the rice mound. ⏲️ Serve with pickled ginger and a small dish of soy sauce mixed with wasabi.
#sushi #nigiri #japanesefood #rawfish #healthy #dinner #seafood #sashimi 🌮🍱
[2026-06-01 09:19:17] [EXIT] 0
[2026-06-01 09:19:17] [OUT] ---
Typed 594 characters into [2016] at (472, 490)
[2026-06-01 09:19:17] [OUT] ---
[2026-06-01 09:19:19] [INFO] Selecting 'Not made for kids'...

[2026-06-01 09:19:20] [CMD] browseros-cli snap -p 326
[2026-06-01 09:19:20] [EXIT] 0
[2026-06-01 09:19:20] [OUT] ---
[905] button "Sort by Date"
[942] button "Sort by Views"
[1492] button "Send Feedback"
[1504] button "Close"
[2153] tab "Details" (selected)
[2164] tab "Video elements"
[2175] tab "Checks"
[2186] tab "Visibility"
[1957] button "Reuse details"
[2266] textbox "Add a title that describes your video (type @ to mention a channel)" value="🐟 Premium Salmon & Tuna Nigiri 🍣" (required)
[2016] textbox "Tell viewers about your video (type @ to mention a channel)" value="Recipe: 
Ingredients: 🍣 2 cups prepared sushi rice (seasoned with rice vinegar, 🍬 sugar, 🧂 salt), 🐟 4oz sashimi-grade salmon, 🐟 4oz sashimi-grade tuna, 🍵 wasabi, 🍅 and high-quality soy sauce. 
Steps: 👨‍🍳 Wet your hands and form 2 tbsp of rice into a small, oblong mound. 🥣 Slice the fish at a 45-degree angle into thin rectangles. 🔥 Dab a tiny bit of wasabi on the underside of the fish and press it gently onto the rice mound. ⏲️ Serve with pickled ginger and a small dish of soy sauce mixed with wasabi.
#sushi #nigiri #japanesefood #rawfish #healthy #dinner #seafood #sashimi 🌮🍱
"
[2229] link "Learn more about playlists"
[2235] button "Select playlists"
[2239] button "Select"
[2062] link "What's content made for kids?"
[2069] link "Learn more about video's audience settings"
[2072] radio "Yes, it's made for kids . Features like personalized ads and notifications won’t be available on videos made for kids. Videos that are set as made for kids by you are more likely to be recommended alongside other kids’ videos. Learn more"
[2076] link "Learn more"
[2077] radio "No, it's not made for kids"
[2001] button "Age restriction (advanced)"
[2150] button "Show advanced settings"
[2212] link "https://youtube.com/shorts/8BcwA0OjcLI"
[2215] button "Copy video link"
[1599] button "Next"
[546] clickable "Inspiration
        


  
      Videos
    


  
        Shorts
      


  
        Live
      


  "
[2071] clickable "Yes, it's made for kids.
          Features like personalized ads and notifications won’t be availab"
[2026-06-01 09:19:20] [OUT] ---

[2026-06-01 09:19:21] [CMD] browseros-cli click -p 326 2077
[2026-06-01 09:19:21] [EXIT] 0
[2026-06-01 09:19:21] [OUT] ---
Clicked [2077] at (303, 464)
[2026-06-01 09:19:21] [OUT] ---
[2026-06-01 09:19:21] [INFO] Selected 'Not made for kids'
[2026-06-01 09:19:23] [INFO] ========================================
[2026-06-01 09:19:23] [INFO]   Phase 5: Navigate to Visibility Screen
[2026-06-01 09:19:23] [INFO] ========================================

[2026-06-01 09:19:24] [CMD] browseros-cli snap -p 326
[2026-06-01 09:19:24] [EXIT] 0
[2026-06-01 09:19:24] [OUT] ---
[905] button "Sort by Date"
[942] button "Sort by Views"
[1492] button "Send Feedback"
[1504] button "Close"
[2153] tab "Details" (selected)
[2164] tab "Video elements"
[2175] tab "Checks"
[2186] tab "Visibility"
[1957] button "Reuse details"
[2266] textbox "Add a title that describes your video (type @ to mention a channel)" value="🐟 Premium Salmon & Tuna Nigiri 🍣" (required)
[2016] textbox "Tell viewers about your video (type @ to mention a channel)" value="Recipe: 
Ingredients: 🍣 2 cups prepared sushi rice (seasoned with rice vinegar, 🍬 sugar, 🧂 salt), 🐟 4oz sashimi-grade salmon, 🐟 4oz sashimi-grade tuna, 🍵 wasabi, 🍅 and high-quality soy sauce. 
Steps: 👨‍🍳 Wet your hands and form 2 tbsp of rice into a small, oblong mound. 🥣 Slice the fish at a 45-degree angle into thin rectangles. 🔥 Dab a tiny bit of wasabi on the underside of the fish and press it gently onto the rice mound. ⏲️ Serve with pickled ginger and a small dish of soy sauce mixed with wasabi.
#sushi #nigiri #japanesefood #rawfish #healthy #dinner #seafood #sashimi 🌮🍱
"
[2229] link "Learn more about playlists"
[2235] button "Select playlists"
[2239] button "Select"
[2062] link "What's content made for kids?"
[2069] link "Learn more about video's audience settings"
[2072] radio "Yes, it's made for kids . Features like personalized ads and notifications won’t be available on videos made for kids. Videos that are set as made for kids by you are more likely to be recommended alongside other kids’ videos. Learn more"
[2076] link "Learn more"
[2077] radio "No, it's not made for kids"
[2001] button "Age restriction (advanced)"
[2150] button "Show advanced settings"
[2212] link "https://youtube.com/shorts/8BcwA0OjcLI"
[2215] button "Copy video link"
[1599] button "Next"
[546] clickable "Inspiration
        


  
      Videos
    


  
        Shorts
      


  
        Live
      


  "
[2071] clickable "Yes, it's made for kids.
          Features like personalized ads and notifications won’t be availab"
[2026-06-01 09:19:24] [OUT] ---
[2026-06-01 09:19:24] [INFO] Clicking Next (1/3)...

[2026-06-01 09:19:25] [CMD] browseros-cli click -p 326 1599
[2026-06-01 09:19:25] [EXIT] 0
[2026-06-01 09:19:25] [OUT] ---
Clicked [1599] at (1061, 697)
[2026-06-01 09:19:25] [OUT] ---

[2026-06-01 09:19:29] [CMD] browseros-cli snap -p 326
[2026-06-01 09:19:29] [EXIT] 0
[2026-06-01 09:19:29] [OUT] ---
[422] menuitem "Content detection"
[441] menuitem "Earn"
[460] menuitem "Customization"
[479] menuitem "Audio library"
[504] button "Settings"
[517] button "Send feedback"
[565] tab "Inspiration"
[568] tab "Videos" (selected)
[570] tab "Shorts"
[573] tab "Live"
[576] tab "Posts"
[579] tab "Playlists"
[582] tab "Podcasts"
[585] tab "Promotions"
[591] tab "Collaborations"
[11] textbox "Filter"
[792] checkbox
[905] button "Sort by Date"
[942] button "Sort by Views"
[1492] button "Send Feedback"
[1504] button "Close"
[2153] tab "Details"
[2164] tab "Video elements" (selected)
[2175] tab "Checks"
[2186] tab "Visibility"
[10783] link "Learn more"
[11021] button "Add"
[10827] button "Add" (disabled)
[1592] button "Back"
[1599] button "Next"
[546] clickable "Inspiration
        


  
      Videos
    


  
        Shorts
      


  
        Live
      


  "
[2026-06-01 09:19:29] [OUT] ---

[2026-06-01 09:19:30] [CMD] browseros-cli snap -p 326
[2026-06-01 09:19:30] [EXIT] 0
[2026-06-01 09:19:30] [OUT] ---
[422] menuitem "Content detection"
[441] menuitem "Earn"
[460] menuitem "Customization"
[479] menuitem "Audio library"
[504] button "Settings"
[517] button "Send feedback"
[565] tab "Inspiration"
[568] tab "Videos" (selected)
[570] tab "Shorts"
[573] tab "Live"
[576] tab "Posts"
[579] tab "Playlists"
[582] tab "Podcasts"
[585] tab "Promotions"
[591] tab "Collaborations"
[11] textbox "Filter"
[792] checkbox
[905] button "Sort by Date"
[942] button "Sort by Views"
[1492] button "Send Feedback"
[1504] button "Close"
[2153] tab "Details"
[2164] tab "Video elements" (selected)
[2175] tab "Checks"
[2186] tab "Visibility"
[10783] link "Learn more"
[11021] button "Add"
[10827] button "Add" (disabled)
[1592] button "Back"
[1599] button "Next"
[546] clickable "Inspiration
        


  
      Videos
    


  
        Shorts
      


  
        Live
      


  "
[2026-06-01 09:19:30] [OUT] ---
[2026-06-01 09:19:30] [INFO] Clicking Next (2/3)...

[2026-06-01 09:19:31] [CMD] browseros-cli click -p 326 1599
[2026-06-01 09:19:31] [EXIT] 0
[2026-06-01 09:19:31] [OUT] ---
Clicked [1599] at (1061, 697)
[2026-06-01 09:19:31] [OUT] ---

[2026-06-01 09:19:35] [CMD] browseros-cli snap -p 326
[2026-06-01 09:19:35] [EXIT] 0
[2026-06-01 09:19:35] [OUT] ---
[460] menuitem "Customization"
[479] menuitem "Audio library"
[504] button "Settings"
[517] button "Send feedback"
[565] tab "Inspiration"
[568] tab "Videos" (selected)
[570] tab "Shorts"
[573] tab "Live"
[576] tab "Posts"
[579] tab "Playlists"
[582] tab "Podcasts"
[585] tab "Promotions"
[591] tab "Collaborations"
[11] textbox "Filter"
[792] checkbox
[905] button "Sort by Date"
[942] button "Sort by Views"
[1492] button "Send Feedback"
[1504] button "Close"
[2153] tab "Details"
[2164] tab "Video elements"
[2175] tab "Checks" (selected)
[2186] tab "Visibility"
[11233] link "Learn more"
[11278] link "Learn more"
[11245] button "Send feedback"
[1592] button "Back"
[1599] button "Next"
[546] clickable "Inspiration
        


  
      Videos
    


  
        Shorts
      


  
        Live
      


  "
[11244] clickable "Send feedback"
[11246] clickable "Send feedback"
[2026-06-01 09:19:35] [OUT] ---

[2026-06-01 09:19:36] [CMD] browseros-cli snap -p 326
[2026-06-01 09:19:36] [EXIT] 0
[2026-06-01 09:19:36] [OUT] ---
[460] menuitem "Customization"
[479] menuitem "Audio library"
[504] button "Settings"
[517] button "Send feedback"
[565] tab "Inspiration"
[568] tab "Videos" (selected)
[570] tab "Shorts"
[573] tab "Live"
[576] tab "Posts"
[579] tab "Playlists"
[582] tab "Podcasts"
[585] tab "Promotions"
[591] tab "Collaborations"
[11] textbox "Filter"
[792] checkbox
[905] button "Sort by Date"
[942] button "Sort by Views"
[1492] button "Send Feedback"
[1504] button "Close"
[2153] tab "Details"
[2164] tab "Video elements"
[2175] tab "Checks" (selected)
[2186] tab "Visibility"
[11233] link "Learn more"
[11278] link "Learn more"
[11245] button "Send feedback"
[1592] button "Back"
[1599] button "Next"
[546] clickable "Inspiration
        


  
      Videos
    


  
        Shorts
      


  
        Live
      


  "
[11244] clickable "Send feedback"
[11246] clickable "Send feedback"
[2026-06-01 09:19:36] [OUT] ---
[2026-06-01 09:19:36] [INFO] Clicking Next (3/3)...

[2026-06-01 09:19:37] [CMD] browseros-cli click -p 326 1599
[2026-06-01 09:19:37] [EXIT] 0
[2026-06-01 09:19:37] [OUT] ---
Clicked [1599] at (1061, 697)
[2026-06-01 09:19:37] [OUT] ---

[2026-06-01 09:19:41] [CMD] browseros-cli snap -p 326
[2026-06-01 09:19:41] [EXIT] 0
[2026-06-01 09:19:41] [OUT] ---
[11649] radio "Private"
[11659] radio "Unlisted"
[11668] radio "Public"
[11375] button "Click to expand"
[11310] link "Learn more"
[11315] link "Learn more"
[11602] button "Play"
[11605] button "Mute"
[11429] slider "volume"
[11609] button "Settings"
[11634] button "Full screen"
[11343] link "https://youtube.com/shorts/8BcwA0OjcLI"
[11346] button "Copy video link"
[1592] button "Back"
[1606] button "Save"
[546] clickable "Inspiration
        


  
      Videos
    


  
        Shorts
      


  
        Live
      


  "
[11386] clickable "Private
          

          
          
            
              Only you and people you choose "
[11369] clickable "Schedule
      
        
          Select a date to make your video public.
        
      
      
 "
[2026-06-01 09:19:41] [OUT] ---
[2026-06-01 09:19:41] [INFO] Reached Visibility screen
[2026-06-01 09:19:41] [INFO] ========================================
[2026-06-01 09:19:41] [INFO]   Phase 6: Open Scheduling Options
[2026-06-01 09:19:41] [INFO] ========================================
[2026-06-01 09:19:41] [INFO] Clicking 'Schedule' option...

[2026-06-01 09:19:42] [CMD] browseros-cli snap -p 326
[2026-06-01 09:19:42] [EXIT] 0
[2026-06-01 09:19:42] [OUT] ---
[11649] radio "Private"
[11659] radio "Unlisted"
[11668] radio "Public"
[11375] button "Click to expand"
[11310] link "Learn more"
[11315] link "Learn more"
[11602] button "Play"
[11605] button "Mute"
[11429] slider "volume"
[11609] button "Settings"
[11634] button "Full screen"
[11343] link "https://youtube.com/shorts/8BcwA0OjcLI"
[11346] button "Copy video link"
[1592] button "Back"
[1606] button "Save"
[546] clickable "Inspiration
        


  
      Videos
    


  
        Shorts
      


  
        Live
      


  "
[11386] clickable "Private
          

          
          
            
              Only you and people you choose "
[11369] clickable "Schedule
      
        
          Select a date to make your video public.
        
      
      
 "
[2026-06-01 09:19:42] [OUT] ---

[2026-06-01 09:19:43] [CMD] browseros-cli click -p 326 11369
[2026-06-01 09:19:43] [EXIT] 0
[2026-06-01 09:19:43] [OUT] ---
Clicked [11369] at (472, 574)
[2026-06-01 09:19:43] [OUT] ---
[2026-06-01 09:19:45] [INFO] ========================================
[2026-06-01 09:19:45] [INFO]   Phase 7: Fill Date and Time
[2026-06-01 09:19:45] [INFO] ========================================
[2026-06-01 09:19:45] [INFO] Setting date: Jun 23, 2026, time: 8:00 AM
[2026-06-01 09:19:45] [INFO] Opening date picker...

[2026-06-01 09:19:46] [CMD] browseros-cli snap -p 326
[2026-06-01 09:19:46] [EXIT] 0
[2026-06-01 09:19:46] [OUT] ---
[942] button "Sort by Views"
[1492] button "Send Feedback"
[1504] button "Close"
[2153] tab "Details"
[2164] tab "Video elements"
[2175] tab "Checks"
[2186] tab "Visibility" (selected)
[11361] button "Click to expand"
[11935] button "Jun 2, 2026"
[11939] button "Jun 2, 2026"
[11965] textbox value="12:00 AM"
[12048] button "Time zone"
[11310] link "Learn more"
[11315] link "Learn more"
[11602] button "Play"
[11605] button "Mute"
[11429] slider "volume"
[11609] button "Settings"
[11634] button "Full screen"
[11343] link "https://youtube.com/shorts/8BcwA0OjcLI"
[11346] button "Copy video link"
[1592] button "Back"
[1606] button "Schedule"
[546] clickable "Inspiration
        


  
      Videos
    


  
        Shorts
      


  
        Live
      


  "
[11322] clickable "Save or publish
        
        
          Make your video public, unlisted, or private
        
  "
[12049] clickable "Default set to local time zone (GMT+0530)"
[2026-06-01 09:19:46] [OUT] ---

[2026-06-01 09:19:47] [CMD] browseros-cli click -p 326 11935
[2026-06-01 09:19:47] [EXIT] 0
[2026-06-01 09:19:47] [OUT] ---
Clicked [11935] at (310, 490)
[2026-06-01 09:19:47] [OUT] ---

[2026-06-01 09:19:50] [CMD] browseros-cli snap -p 326
[2026-06-01 09:19:50] [EXIT] 0
[2026-06-01 09:19:50] [OUT] ---
[12302] clickable "13"
[12303] clickable "14"
[12304] clickable "15"
[12305] clickable "16"
[12306] clickable "17"
[12307] clickable "18"
[12308] clickable "19"
[12309] clickable "20"
[12310] clickable "21"
[12311] clickable "22"
[12312] clickable "23"
[12313] clickable "24"
[12314] clickable "25"
[12315] clickable "26"
[12316] clickable "27"
[12317] clickable "28"
[12318] clickable "29"
[12319] clickable "30"
[12320] clickable "31"
[12328] clickable "1"
[12329] clickable "2"
[12330] clickable "3"
[12331] clickable "4"
[12332] clickable "5"
[12333] clickable "6"
[12334] clickable "7"
[12335] clickable "8"
[12336] clickable "9"
[12337] clickable "10"
[12338] clickable "11"
[12339] clickable "12"
[12340] clickable "13"
[12341] clickable "14"
[12342] clickable "15"
[12343] clickable "16"
[12344] clickable "17"
[12345] clickable "18"
[12346] clickable "19"
[12347] clickable "20"
[12348] clickable "21"
[12349] clickable "22"
[12350] clickable "23"
[12351] clickable "24"
[12352] clickable "25"
[12353] clickable "26"
[12354] clickable "27"
[12355] clickable "28"
[12356] clickable "29"
[12357] clickable "30"
[12358] clickable "31"
[2026-06-01 09:19:50] [OUT] ---

[2026-06-01 09:19:51] [CMD] browseros-cli fill -p 326 12142 Jun 23, 2026
[2026-06-01 09:19:51] [EXIT] 0
[2026-06-01 09:19:51] [OUT] ---
Typed 12 characters into [12142] at (327, 124)
[2026-06-01 09:19:51] [OUT] ---

[2026-06-01 09:19:53] [CMD] browseros-cli key -p 326 Enter
[2026-06-01 09:19:53] [EXIT] 0
[2026-06-01 09:19:53] [OUT] ---
Pressed Enter
[2026-06-01 09:19:53] [OUT] ---
[2026-06-01 09:19:55] [INFO] Setting time...

[2026-06-01 09:19:56] [CMD] browseros-cli snap -p 326
[2026-06-01 09:19:56] [EXIT] 0
[2026-06-01 09:19:56] [OUT] ---
[942] button "Sort by Views"
[1492] button "Send Feedback"
[1504] button "Close"
[2153] tab "Details"
[2164] tab "Video elements"
[2175] tab "Checks"
[2186] tab "Visibility" (selected)
[11361] button "Click to expand"
[11935] button "Jun 23, 2026"
[11939] button "Jun 23, 2026"
[11965] textbox value="12:00 AM"
[12048] button "Time zone"
[11310] link "Learn more"
[11315] link "Learn more"
[11602] button "Play"
[11605] button "Mute"
[11429] slider "volume"
[11609] button "Settings"
[11634] button "Full screen"
[11343] link "https://youtube.com/shorts/8BcwA0OjcLI"
[11346] button "Copy video link"
[1592] button "Back"
[1606] button "Schedule"
[546] clickable "Inspiration
        


  
      Videos
    


  
        Shorts
      


  
        Live
      


  "
[11322] clickable "Save or publish
        
        
          Make your video public, unlisted, or private
        
  "
[12049] clickable "Default set to local time zone (GMT+0530)"
[2026-06-01 09:19:56] [OUT] ---
[2026-06-01 09:19:56] [INFO] Clicking time input box to open dropdown...

[2026-06-01 09:19:57] [CMD] browseros-cli click -p 326 11965
[2026-06-01 09:19:57] [EXIT] 0
[2026-06-01 09:19:57] [OUT] ---
Clicked [11965] at (466, 490)
[2026-06-01 09:19:57] [OUT] ---

[2026-06-01 09:20:00] [CMD] browseros-cli snap -p 326
[2026-06-01 09:20:00] [EXIT] 0
[2026-06-01 09:20:00] [OUT] ---
[12957] option "6:15 PM"
[12958] option "6:30 PM"
[12959] option "6:45 PM"
[12960] option "7:00 PM"
[12961] option "7:15 PM"
[12962] option "7:30 PM"
[12963] option "7:45 PM"
[12964] option "8:00 PM"
[12965] option "8:15 PM"
[12966] option "8:30 PM"
[12967] option "8:45 PM"
[12968] option "9:00 PM"
[12969] option "9:15 PM"
[12970] option "9:30 PM"
[12971] option "9:45 PM"
[12972] option "10:00 PM"
[12973] option "10:15 PM"
[12974] option "10:30 PM"
[12975] option "10:45 PM"
[12976] option "11:00 PM"
[12977] option "11:15 PM"
[12978] option "11:30 PM"
[12979] option "11:45 PM"
[546] clickable "Inspiration
        


  
      Videos
    


  
        Shorts
      


  
        Live
      


  "
[11322] clickable "Save or publish
        
        
          Make your video public, unlisted, or private
        
  "
[12049] clickable "Default set to local time zone (GMT+0530)"
[2026-06-01 09:20:00] [OUT] ---
[2026-06-01 09:20:00] [INFO] Clicking time option ref: 12916 for 8:00 AM

[2026-06-01 09:20:01] [CMD] browseros-cli click -p 326 12916
[2026-06-01 09:20:01] [EXIT] 0
[2026-06-01 09:20:01] [OUT] ---
Clicked [12916] at (466, 316)
[2026-06-01 09:20:01] [OUT] ---
[2026-06-01 09:20:03] [INFO] Date and time filled successfully
[2026-06-01 09:20:03] [INFO] ========================================
[2026-06-01 09:20:03] [INFO]   Phase 8: User Verification
[2026-06-01 09:20:03] [INFO] ========================================
[2026-06-01 09:20:03] [INFO] 
[2026-06-01 09:20:03] [INFO] ============================================
[2026-06-01 09:20:03] [INFO]   SCHEDULED REEL REVIEW
[2026-06-01 09:20:03] [INFO] ============================================
[2026-06-01 09:20:03] [INFO]   Asset ID: 40
[2026-06-01 09:20:03] [INFO]   Project:  project-1
[2026-06-01 09:20:03] [INFO]   Date:     2026-06-23 (Tuesday)
[2026-06-01 09:20:03] [INFO]   Time:     08:00:00
[2026-06-01 09:20:03] [INFO] ============================================
[2026-06-01 09:20:03] [INFO] 
[2026-06-01 09:20:03] [INFO] [YOLO] Finding 'Schedule' button...

[2026-06-01 09:20:04] [CMD] browseros-cli snap -p 326
[2026-06-01 09:20:04] [EXIT] 0
[2026-06-01 09:20:04] [OUT] ---
[942] button "Sort by Views"
[1492] button "Send Feedback"
[1504] button "Close"
[2153] tab "Details"
[2164] tab "Video elements"
[2175] tab "Checks"
[2186] tab "Visibility" (selected)
[11361] button "Click to expand"
[11935] button "Jun 23, 2026"
[11939] button "Jun 23, 2026"
[11965] textbox value="8:00 AM"
[12048] button "Time zone"
[11310] link "Learn more"
[11315] link "Learn more"
[11602] button "Play"
[11605] button "Mute"
[11429] slider "volume"
[11609] button "Settings"
[11634] button "Full screen"
[11343] link "https://youtube.com/shorts/8BcwA0OjcLI"
[11346] button "Copy video link"
[1592] button "Back"
[1606] button "Schedule"
[546] clickable "Inspiration
        


  
      Videos
    


  
        Shorts
      


  
        Live
      


  "
[11322] clickable "Save or publish
        
        
          Make your video public, unlisted, or private
        
  "
[12049] clickable "Default set to local time zone (GMT+0530)"
[2026-06-01 09:20:04] [OUT] ---
[2026-06-01 09:20:04] [INFO] Clicking 'Schedule' button (ref: 1606)...

[2026-06-01 09:20:05] [CMD] browseros-cli click -p 326 1606
[2026-06-01 09:20:05] [EXIT] 0
[2026-06-01 09:20:05] [OUT] ---
Clicked [1606] at (1047, 697)
[2026-06-01 09:20:05] [OUT] ---
[2026-06-01 09:20:15] [INFO] Marking asset 40 as uploaded for youtube...
[2026-06-01 09:20:15] [DEBUG] mark_uploaded output: {"success": true, "id": "40", "platform": "youtube"}
[2026-06-01 09:20:15] [INFO] Marking asset 40 as scheduled for youtube...
[2026-06-01 09:20:15] [DEBUG] mark_scheduled output: {"success": true, "id": "40", "platform": "youtube"}
[2026-06-01 09:20:15] [INFO] Tracker updated for asset 40
[2026-06-01 09:20:15] [INFO] ========================================
[2026-06-01 09:20:15] [INFO]   Phase 9: Close Browser Tab
[2026-06-01 09:20:15] [INFO] ========================================

[2026-06-01 09:20:16] [CMD] browseros-cli close -p 326
[2026-06-01 09:20:16] [EXIT] 0
[2026-06-01 09:20:16] [OUT] ---
Closed page 326
[2026-06-01 09:20:16] [OUT] ---
[2026-06-01 09:20:16] [INFO] Browser tab closed
[2026-06-01 09:20:16] [INFO] ========================================
[2026-06-01 09:20:16] [INFO]   Processing Schedule Entry 18 / 23
[2026-06-01 09:20:16] [INFO] ========================================
[2026-06-01 09:20:16] [INFO] Date: 2026-06-24, Day: Wednesday, Time: 12:45:00
[2026-06-01 09:20:16] [INFO] ========================================
[2026-06-01 09:20:16] [INFO]   Phase 1: Identify Project and Asset
[2026-06-01 09:20:16] [INFO] ========================================
[2026-06-01 09:20:16] [INFO] Fetching mapped post for project 1...
[2026-06-01 09:20:16] [DEBUG] get_mapped_post exit=0 output='ID: 41
Caption: 🍕 Authentic Wood-Fired Neapolitan Pizza 🍕
Recipe: 
Ingredients: 🥨 Double-zero (00) flour dough, 🍅 San Marzano tomato sauce, 🧀 fresh buffalo mozzarella, 🌿 fresh basil leaves, 🫒 and extra virgin olive oil. 
Steps: 👨‍🍳 Stretch the dough by hand, leaving a thick rim (cornicione). 🥣 Spread a few spoons of sauce and dot with fresh mozzarella. 🔥 Add basil and a swirl of oil. ⏲️ Bake at 900°F (480°C) for 90 seconds. 🍳 The result should be soft, pillowy, and charred with 'leopard spots' on the crust.
#pizza #neapolitan #margherita #pizzalover #italianfood #woodfired #authentic #napoletana 🌮🍱'
[2026-06-01 09:20:16] [INFO] Asset ID: 41
[2026-06-01 09:20:16] [INFO] Title length: 41 chars
[2026-06-01 09:20:16] [INFO] Description length: 547 chars
[2026-06-01 09:20:16] [INFO] Asset path: /Users/dsen/Projects/ai-post-maker/project-1/assets/41.mp4
[2026-06-01 09:20:16] [INFO] ========================================
[2026-06-01 09:20:16] [INFO]   Phase 2: Open YouTube Upload Page
[2026-06-01 09:20:16] [INFO] ========================================
[2026-06-01 09:20:16] [INFO] Opening new page: https://www.youtube.com/upload

[2026-06-01 09:20:17] [CMD] browseros-cli open https://www.youtube.com/upload --json
[2026-06-01 09:20:17] [EXIT] 0
[2026-06-01 09:20:17] [OUT] ---
{"background":false,"hidden":false,"pageId":328,"url":"https://www.youtube.com/upload"}
[2026-06-01 09:20:17] [OUT] ---
[2026-06-01 09:20:17] [INFO] Page opened with ID: 328
[2026-06-01 09:20:22] [INFO] Page loaded successfully
[2026-06-01 09:20:22] [INFO] ========================================
[2026-06-01 09:20:22] [INFO]   Phase 3: Upload the Video File
[2026-06-01 09:20:22] [INFO] ========================================
[2026-06-01 09:20:22] [INFO] Exposing hidden file input...

[2026-06-01 09:20:23] [CMD] browseros-cli eval -p 328 document.querySelectorAll('input[type="file"]').forEach((i, idx) => { i.removeAttribute('aria-hidden'); i.style.display='block'; i.style.visibility='visible'; i.style.opacity='1'; i.style.position='static'; i.style.width='100px'; i.style.height='50px'; i.style.zIndex='999999'; i.title='Upload Video File'; });
[2026-06-01 09:20:23] [EXIT] 0
[2026-06-01 09:20:23] [OUT] ---
undefined
[2026-06-01 09:20:23] [OUT] ---
[2026-06-01 09:20:25] [INFO] Taking snapshot to find file input...

[2026-06-01 09:20:26] [CMD] browseros-cli snap -p 328
[2026-06-01 09:20:26] [EXIT] 0
[2026-06-01 09:20:26] [OUT] ---
[345] menuitem "Content"
[365] menuitem "Analytics"
[384] menuitem "Community"
[403] menuitem "Subtitles"
[422] menuitem "Content detection"
[441] menuitem "Earn"
[460] menuitem "Customization"
[479] menuitem "Audio library"
[504] button "Settings"
[517] button "Send feedback"
[565] tab "Inspiration"
[568] tab "Videos" (selected)
[570] tab "Shorts"
[573] tab "Live"
[576] tab "Posts"
[579] tab "Playlists"
[582] tab "Podcasts"
[585] tab "Promotions"
[591] tab "Collaborations"
[11] textbox "Filter"
[792] checkbox
[905] button "Sort by Date"
[942] button "Sort by Views"
[1492] button "Send Feedback"
[1504] button "Close"
[1537] button "Select files"
[1542] button "Choose Files"
[1546] link "Terms of Service"
[1547] link "Community Guidelines"
[1551] link "Learn more"
[546] clickable "Inspiration
        


  
      Videos
    


  
        Shorts
      


  
        Live
      


  "
[2026-06-01 09:20:26] [OUT] ---

[2026-06-01 09:20:27] [CMD] browseros-cli snap -p 328
[2026-06-01 09:20:27] [EXIT] 0
[2026-06-01 09:20:27] [OUT] ---
[345] menuitem "Content"
[365] menuitem "Analytics"
[384] menuitem "Community"
[403] menuitem "Subtitles"
[422] menuitem "Content detection"
[441] menuitem "Earn"
[460] menuitem "Customization"
[479] menuitem "Audio library"
[504] button "Settings"
[517] button "Send feedback"
[565] tab "Inspiration"
[568] tab "Videos" (selected)
[570] tab "Shorts"
[573] tab "Live"
[576] tab "Posts"
[579] tab "Playlists"
[582] tab "Podcasts"
[585] tab "Promotions"
[591] tab "Collaborations"
[11] textbox "Filter"
[792] checkbox
[905] button "Sort by Date"
[942] button "Sort by Views"
[1492] button "Send Feedback"
[1504] button "Close"
[1537] button "Select files"
[1542] button "Choose Files"
[1546] link "Terms of Service"
[1547] link "Community Guidelines"
[1551] link "Learn more"
[546] clickable "Inspiration
        


  
      Videos
    


  
        Shorts
      


  
        Live
      


  "
[2026-06-01 09:20:27] [OUT] ---

[2026-06-01 09:20:28] [CMD] browseros-cli snap -p 328
[2026-06-01 09:20:28] [EXIT] 0
[2026-06-01 09:20:28] [OUT] ---
[345] menuitem "Content"
[365] menuitem "Analytics"
[384] menuitem "Community"
[403] menuitem "Subtitles"
[422] menuitem "Content detection"
[441] menuitem "Earn"
[460] menuitem "Customization"
[479] menuitem "Audio library"
[504] button "Settings"
[517] button "Send feedback"
[565] tab "Inspiration"
[568] tab "Videos" (selected)
[570] tab "Shorts"
[573] tab "Live"
[576] tab "Posts"
[579] tab "Playlists"
[582] tab "Podcasts"
[585] tab "Promotions"
[591] tab "Collaborations"
[11] textbox "Filter"
[792] checkbox
[905] button "Sort by Date"
[942] button "Sort by Views"
[1492] button "Send Feedback"
[1504] button "Close"
[1537] button "Select files"
[1542] button "Choose Files"
[1546] link "Terms of Service"
[1547] link "Community Guidelines"
[1551] link "Learn more"
[546] clickable "Inspiration
        


  
      Videos
    


  
        Shorts
      


  
        Live
      


  "
[2026-06-01 09:20:28] [OUT] ---
[2026-06-01 09:20:28] [INFO] Attempting upload to ref: 1542...

[2026-06-01 09:20:29] [CMD] browseros-cli upload -p 328 1542 /Users/dsen/Projects/ai-post-maker/project-1/assets/41.mp4
[2026-06-01 09:20:29] [EXIT] 0
[2026-06-01 09:20:29] [OUT] ---
Set 1 file(s) on [1542]
[2026-06-01 09:20:29] [OUT] ---
[2026-06-01 09:20:34] [INFO] Waiting for 'Details' screen to appear...

[2026-06-01 09:20:35] [CMD] browseros-cli snap -p 328
[2026-06-01 09:20:35] [EXIT] 0
[2026-06-01 09:20:35] [OUT] ---
[1504] button "Close"
[2151] tab "Details" (selected)
[2162] tab "Video elements"
[2173] tab "Checks"
[2184] tab "Visibility"
[1955] button "Reuse details"
[2264] textbox "Add a title that describes your video (type @ to mention a channel)" value="41" (required)
[2476] button "Add all"
[2377] button "Options"
[2808] button "Personalized suggestion illustration #appetizer"
[2818] button "#strawberry"
[2828] button "Personalized suggestion illustration #baking"
[2014] textbox "Tell viewers about your video (type @ to mention a channel)"
[2227] link "Learn more about playlists"
[2233] button "Select playlists"
[2237] button "Select"
[2060] link "What's content made for kids?"
[2067] link "Learn more about video's audience settings"
[2070] radio "Yes, it's made for kids . Features like personalized ads and notifications won’t be available on videos made for kids. Videos that are set as made for kids by you are more likely to be recommended alongside other kids’ videos. Learn more"
[2074] link "Learn more"
[2075] radio "No, it's not made for kids"
[1999] button "Age restriction (advanced)"
[2148] button "Show advanced settings"
[2210] link "https://youtube.com/shorts/hoHA0kIHdHY"
[2213] button "Copy video link"
[1599] button "Next"
[546] clickable "Inspiration
        


  
      Videos
    


  
        Shorts
      


  
        Live
      


  "
[2380] clickable "The following suggestions were automatically generated based on your existing content. You can add
  and edit them to help viewers discover, understand, and engage with your content."
[2069] clickable "Yes, it's made for kids.
          Features like personalized ads and notifications won’t be availab"
[2026-06-01 09:20:35] [OUT] ---
[2026-06-01 09:20:35] [INFO] Video uploaded and Details screen reached
[2026-06-01 09:20:35] [INFO] ========================================
[2026-06-01 09:20:35] [INFO]   Phase 4: Fill Details
[2026-06-01 09:20:35] [INFO] ========================================
[2026-06-01 09:20:35] [INFO] Finding Title field...

[2026-06-01 09:20:36] [CMD] browseros-cli snap -p 328
[2026-06-01 09:20:36] [EXIT] 0
[2026-06-01 09:20:36] [OUT] ---
[1504] button "Close"
[2151] tab "Details" (selected)
[2162] tab "Video elements"
[2173] tab "Checks"
[2184] tab "Visibility"
[1955] button "Reuse details"
[2264] textbox "Add a title that describes your video (type @ to mention a channel)" value="41" (required)
[2476] button "Add all"
[2377] button "Options"
[2808] button "Personalized suggestion illustration #appetizer"
[2818] button "#strawberry"
[2828] button "Personalized suggestion illustration #baking"
[2014] textbox "Tell viewers about your video (type @ to mention a channel)"
[2227] link "Learn more about playlists"
[2233] button "Select playlists"
[2237] button "Select"
[2060] link "What's content made for kids?"
[2067] link "Learn more about video's audience settings"
[2070] radio "Yes, it's made for kids . Features like personalized ads and notifications won’t be available on videos made for kids. Videos that are set as made for kids by you are more likely to be recommended alongside other kids’ videos. Learn more"
[2074] link "Learn more"
[2075] radio "No, it's not made for kids"
[1999] button "Age restriction (advanced)"
[2148] button "Show advanced settings"
[2210] link "https://youtube.com/shorts/hoHA0kIHdHY"
[2213] button "Copy video link"
[1599] button "Next"
[546] clickable "Inspiration
        


  
      Videos
    


  
        Shorts
      


  
        Live
      


  "
[2380] clickable "The following suggestions were automatically generated based on your existing content. You can add
  and edit them to help viewers discover, understand, and engage with your content."
[2069] clickable "Yes, it's made for kids.
          Features like personalized ads and notifications won’t be availab"
[2026-06-01 09:20:36] [OUT] ---
[2026-06-01 09:20:36] [INFO] Filling Title...

[2026-06-01 09:20:37] [CMD] browseros-cli fill -p 328 2264 🍕 Authentic Wood-Fired Neapolitan Pizza 🍕
[2026-06-01 09:20:37] [EXIT] 0
[2026-06-01 09:20:37] [OUT] ---
Typed 43 characters into [2264] at (472, 229)
[2026-06-01 09:20:37] [OUT] ---
[2026-06-01 09:20:39] [INFO] Finding Description field...

[2026-06-01 09:20:40] [CMD] browseros-cli snap -p 328
[2026-06-01 09:20:40] [EXIT] 0
[2026-06-01 09:20:40] [OUT] ---
[1504] button "Close"
[2151] tab "Details" (selected)
[2162] tab "Video elements"
[2173] tab "Checks"
[2184] tab "Visibility"
[1955] button "Reuse details"
[2264] textbox "Add a title that describes your video (type @ to mention a channel)" value="🍕 Authentic Wood-Fired Neapolitan Pizza 🍕" (required)
[2476] button "Add all"
[2377] button "Options"
[2808] button "Personalized suggestion illustration #appetizer"
[2818] button "#strawberry"
[2828] button "Personalized suggestion illustration #baking"
[2014] textbox "Tell viewers about your video (type @ to mention a channel)"
[2227] link "Learn more about playlists"
[2233] button "Select playlists"
[2237] button "Select"
[2060] link "What's content made for kids?"
[2067] link "Learn more about video's audience settings"
[2070] radio "Yes, it's made for kids . Features like personalized ads and notifications won’t be available on videos made for kids. Videos that are set as made for kids by you are more likely to be recommended alongside other kids’ videos. Learn more"
[2074] link "Learn more"
[2075] radio "No, it's not made for kids"
[1999] button "Age restriction (advanced)"
[2148] button "Show advanced settings"
[2210] link "https://youtube.com/shorts/hoHA0kIHdHY"
[2213] button "Copy video link"
[1599] button "Next"
[546] clickable "Inspiration
        


  
      Videos
    


  
        Shorts
      


  
        Live
      


  "
[2380] clickable "The following suggestions were automatically generated based on your existing content. You can add
  and edit them to help viewers discover, understand, and engage with your content."
[2069] clickable "Yes, it's made for kids.
          Features like personalized ads and notifications won’t be availab"
[2026-06-01 09:20:40] [OUT] ---
[2026-06-01 09:20:40] [INFO] Filling Description...

[2026-06-01 09:20:43] [CMD] browseros-cli fill -p 328 2014 Recipe: 
Ingredients: 🥨 Double-zero (00) flour dough, 🍅 San Marzano tomato sauce, 🧀 fresh buffalo mozzarella, 🌿 fresh basil leaves, 🫒 and extra virgin olive oil. 
Steps: 👨‍🍳 Stretch the dough by hand, leaving a thick rim (cornicione). 🥣 Spread a few spoons of sauce and dot with fresh mozzarella. 🔥 Add basil and a swirl of oil. ⏲️ Bake at 900°F (480°C) for 90 seconds. 🍳 The result should be soft, pillowy, and charred with 'leopard spots' on the crust.
#pizza #neapolitan #margherita #pizzalover #italianfood #woodfired #authentic #napoletana 🌮🍱
[2026-06-01 09:20:43] [EXIT] 0
[2026-06-01 09:20:43] [OUT] ---
Typed 559 characters into [2014] at (472, 490)
[2026-06-01 09:20:43] [OUT] ---
[2026-06-01 09:20:45] [INFO] Selecting 'Not made for kids'...

[2026-06-01 09:20:46] [CMD] browseros-cli snap -p 328
[2026-06-01 09:20:46] [EXIT] 0
[2026-06-01 09:20:46] [OUT] ---
[905] button "Sort by Date"
[942] button "Sort by Views"
[1492] button "Send Feedback"
[1504] button "Close"
[2151] tab "Details" (selected)
[2162] tab "Video elements"
[2173] tab "Checks"
[2184] tab "Visibility"
[1955] button "Reuse details"
[2264] textbox "Add a title that describes your video (type @ to mention a channel)" value="🍕 Authentic Wood-Fired Neapolitan Pizza 🍕" (required)
[2014] textbox "Tell viewers about your video (type @ to mention a channel)" value="Recipe: 
Ingredients: 🥨 Double-zero (00) flour dough, 🍅 San Marzano tomato sauce, 🧀 fresh buffalo mozzarella, 🌿 fresh basil leaves, 🫒 and extra virgin olive oil. 
Steps: 👨‍🍳 Stretch the dough by hand, leaving a thick rim (cornicione). 🥣 Spread a few spoons of sauce and dot with fresh mozzarella. 🔥 Add basil and a swirl of oil. ⏲️ Bake at 900°F (480°C) for 90 seconds. 🍳 The result should be soft, pillowy, and charred with 'leopard spots' on the crust.
#pizza #neapolitan #margherita #pizzalover #italianfood #woodfired #authentic #napoletana 🌮🍱
"
[2227] link "Learn more about playlists"
[2233] button "Select playlists"
[2237] button "Select"
[2060] link "What's content made for kids?"
[2067] link "Learn more about video's audience settings"
[2070] radio "Yes, it's made for kids . Features like personalized ads and notifications won’t be available on videos made for kids. Videos that are set as made for kids by you are more likely to be recommended alongside other kids’ videos. Learn more"
[2074] link "Learn more"
[2075] radio "No, it's not made for kids"
[1999] button "Age restriction (advanced)"
[2148] button "Show advanced settings"
[2210] link "https://youtube.com/shorts/hoHA0kIHdHY"
[2213] button "Copy video link"
[1599] button "Next"
[546] clickable "Inspiration
        


  
      Videos
    


  
        Shorts
      


  
        Live
      


  "
[2069] clickable "Yes, it's made for kids.
          Features like personalized ads and notifications won’t be availab"
[2026-06-01 09:20:46] [OUT] ---

[2026-06-01 09:20:47] [CMD] browseros-cli click -p 328 2075
[2026-06-01 09:20:47] [EXIT] 0
[2026-06-01 09:20:47] [OUT] ---
Clicked [2075] at (303, 464)
[2026-06-01 09:20:47] [OUT] ---
[2026-06-01 09:20:47] [INFO] Selected 'Not made for kids'
[2026-06-01 09:20:49] [INFO] ========================================
[2026-06-01 09:20:49] [INFO]   Phase 5: Navigate to Visibility Screen
[2026-06-01 09:20:49] [INFO] ========================================

[2026-06-01 09:20:50] [CMD] browseros-cli snap -p 328
[2026-06-01 09:20:50] [EXIT] 0
[2026-06-01 09:20:50] [OUT] ---
[905] button "Sort by Date"
[942] button "Sort by Views"
[1492] button "Send Feedback"
[1504] button "Close"
[2151] tab "Details" (selected)
[2162] tab "Video elements"
[2173] tab "Checks"
[2184] tab "Visibility"
[1955] button "Reuse details"
[2264] textbox "Add a title that describes your video (type @ to mention a channel)" value="🍕 Authentic Wood-Fired Neapolitan Pizza 🍕" (required)
[2014] textbox "Tell viewers about your video (type @ to mention a channel)" value="Recipe: 
Ingredients: 🥨 Double-zero (00) flour dough, 🍅 San Marzano tomato sauce, 🧀 fresh buffalo mozzarella, 🌿 fresh basil leaves, 🫒 and extra virgin olive oil. 
Steps: 👨‍🍳 Stretch the dough by hand, leaving a thick rim (cornicione). 🥣 Spread a few spoons of sauce and dot with fresh mozzarella. 🔥 Add basil and a swirl of oil. ⏲️ Bake at 900°F (480°C) for 90 seconds. 🍳 The result should be soft, pillowy, and charred with 'leopard spots' on the crust.
#pizza #neapolitan #margherita #pizzalover #italianfood #woodfired #authentic #napoletana 🌮🍱
"
[2227] link "Learn more about playlists"
[2233] button "Select playlists"
[2237] button "Select"
[2060] link "What's content made for kids?"
[2067] link "Learn more about video's audience settings"
[2070] radio "Yes, it's made for kids . Features like personalized ads and notifications won’t be available on videos made for kids. Videos that are set as made for kids by you are more likely to be recommended alongside other kids’ videos. Learn more"
[2074] link "Learn more"
[2075] radio "No, it's not made for kids"
[1999] button "Age restriction (advanced)"
[2148] button "Show advanced settings"
[2210] link "https://youtube.com/shorts/hoHA0kIHdHY"
[2213] button "Copy video link"
[1599] button "Next"
[546] clickable "Inspiration
        


  
      Videos
    


  
        Shorts
      


  
        Live
      


  "
[2069] clickable "Yes, it's made for kids.
          Features like personalized ads and notifications won’t be availab"
[2026-06-01 09:20:50] [OUT] ---
[2026-06-01 09:20:50] [INFO] Clicking Next (1/3)...

[2026-06-01 09:20:50] [CMD] browseros-cli click -p 328 1599
[2026-06-01 09:20:50] [EXIT] 0
[2026-06-01 09:20:50] [OUT] ---
Clicked [1599] at (1061, 697)
[2026-06-01 09:20:50] [OUT] ---

[2026-06-01 09:20:55] [CMD] browseros-cli snap -p 328
[2026-06-01 09:20:55] [EXIT] 0
[2026-06-01 09:20:55] [OUT] ---
[422] menuitem "Content detection"
[441] menuitem "Earn"
[460] menuitem "Customization"
[479] menuitem "Audio library"
[504] button "Settings"
[517] button "Send feedback"
[565] tab "Inspiration"
[568] tab "Videos" (selected)
[570] tab "Shorts"
[573] tab "Live"
[576] tab "Posts"
[579] tab "Playlists"
[582] tab "Podcasts"
[585] tab "Promotions"
[591] tab "Collaborations"
[11] textbox "Filter"
[792] checkbox
[905] button "Sort by Date"
[942] button "Sort by Views"
[1492] button "Send Feedback"
[1504] button "Close"
[2151] tab "Details"
[2162] tab "Video elements" (selected)
[2173] tab "Checks"
[2184] tab "Visibility"
[10620] link "Learn more"
[10858] button "Add"
[10664] button "Add" (disabled)
[1592] button "Back"
[1599] button "Next"
[546] clickable "Inspiration
        


  
      Videos
    


  
        Shorts
      


  
        Live
      


  "
[2026-06-01 09:20:55] [OUT] ---

[2026-06-01 09:20:55] [CMD] browseros-cli snap -p 328
[2026-06-01 09:20:55] [EXIT] 0
[2026-06-01 09:20:55] [OUT] ---
[422] menuitem "Content detection"
[441] menuitem "Earn"
[460] menuitem "Customization"
[479] menuitem "Audio library"
[504] button "Settings"
[517] button "Send feedback"
[565] tab "Inspiration"
[568] tab "Videos" (selected)
[570] tab "Shorts"
[573] tab "Live"
[576] tab "Posts"
[579] tab "Playlists"
[582] tab "Podcasts"
[585] tab "Promotions"
[591] tab "Collaborations"
[11] textbox "Filter"
[792] checkbox
[905] button "Sort by Date"
[942] button "Sort by Views"
[1492] button "Send Feedback"
[1504] button "Close"
[2151] tab "Details"
[2162] tab "Video elements" (selected)
[2173] tab "Checks"
[2184] tab "Visibility"
[10620] link "Learn more"
[10858] button "Add"
[10664] button "Add" (disabled)
[1592] button "Back"
[1599] button "Next"
[546] clickable "Inspiration
        


  
      Videos
    


  
        Shorts
      


  
        Live
      


  "
[2026-06-01 09:20:55] [OUT] ---
[2026-06-01 09:20:55] [INFO] Clicking Next (2/3)...

[2026-06-01 09:20:56] [CMD] browseros-cli click -p 328 1599
[2026-06-01 09:20:56] [EXIT] 0
[2026-06-01 09:20:56] [OUT] ---
Clicked [1599] at (1061, 697)
[2026-06-01 09:20:56] [OUT] ---

[2026-06-01 09:21:00] [CMD] browseros-cli snap -p 328
[2026-06-01 09:21:00] [EXIT] 0
[2026-06-01 09:21:00] [OUT] ---
[460] menuitem "Customization"
[479] menuitem "Audio library"
[504] button "Settings"
[517] button "Send feedback"
[565] tab "Inspiration"
[568] tab "Videos" (selected)
[570] tab "Shorts"
[573] tab "Live"
[576] tab "Posts"
[579] tab "Playlists"
[582] tab "Podcasts"
[585] tab "Promotions"
[591] tab "Collaborations"
[11] textbox "Filter"
[792] checkbox
[905] button "Sort by Date"
[942] button "Sort by Views"
[1492] button "Send Feedback"
[1504] button "Close"
[2151] tab "Details"
[2162] tab "Video elements"
[2173] tab "Checks" (selected)
[2184] tab "Visibility"
[11070] link "Learn more"
[11115] link "Learn more"
[11082] button "Send feedback"
[1592] button "Back"
[1599] button "Next"
[546] clickable "Inspiration
        


  
      Videos
    


  
        Shorts
      


  
        Live
      


  "
[11081] clickable "Send feedback"
[11083] clickable "Send feedback"
[2026-06-01 09:21:00] [OUT] ---

[2026-06-01 09:21:01] [CMD] browseros-cli snap -p 328
[2026-06-01 09:21:01] [EXIT] 0
[2026-06-01 09:21:01] [OUT] ---
[460] menuitem "Customization"
[479] menuitem "Audio library"
[504] button "Settings"
[517] button "Send feedback"
[565] tab "Inspiration"
[568] tab "Videos" (selected)
[570] tab "Shorts"
[573] tab "Live"
[576] tab "Posts"
[579] tab "Playlists"
[582] tab "Podcasts"
[585] tab "Promotions"
[591] tab "Collaborations"
[11] textbox "Filter"
[792] checkbox
[905] button "Sort by Date"
[942] button "Sort by Views"
[1492] button "Send Feedback"
[1504] button "Close"
[2151] tab "Details"
[2162] tab "Video elements"
[2173] tab "Checks" (selected)
[2184] tab "Visibility"
[11070] link "Learn more"
[11115] link "Learn more"
[11082] button "Send feedback"
[1592] button "Back"
[1599] button "Next"
[546] clickable "Inspiration
        


  
      Videos
    


  
        Shorts
      


  
        Live
      


  "
[11081] clickable "Send feedback"
[11083] clickable "Send feedback"
[2026-06-01 09:21:01] [OUT] ---
[2026-06-01 09:21:01] [INFO] Clicking Next (3/3)...

[2026-06-01 09:21:02] [CMD] browseros-cli click -p 328 1599
[2026-06-01 09:21:02] [EXIT] 0
[2026-06-01 09:21:02] [OUT] ---
Clicked [1599] at (1061, 697)
[2026-06-01 09:21:02] [OUT] ---

[2026-06-01 09:21:06] [CMD] browseros-cli snap -p 328
[2026-06-01 09:21:06] [EXIT] 0
[2026-06-01 09:21:06] [OUT] ---
[11536] radio "Private"
[11546] radio "Unlisted"
[11555] radio "Public"
[11267] button "Click to expand"
[11202] link "Learn more"
[11207] link "Learn more"
[11489] button "Play"
[11492] button "Mute"
[11318] slider "volume"
[11496] button "Settings"
[11521] button "Full screen"
[11235] link "https://youtube.com/shorts/hoHA0kIHdHY"
[11238] button "Copy video link"
[1592] button "Back"
[1606] button "Save"
[546] clickable "Inspiration
        


  
      Videos
    


  
        Shorts
      


  
        Live
      


  "
[11278] clickable "Private
          

          
          
            
              Only you and people you choose "
[11261] clickable "Schedule
      
        
          Select a date to make your video public.
        
      
      
 "
[2026-06-01 09:21:06] [OUT] ---
[2026-06-01 09:21:06] [INFO] Reached Visibility screen
[2026-06-01 09:21:06] [INFO] ========================================
[2026-06-01 09:21:06] [INFO]   Phase 6: Open Scheduling Options
[2026-06-01 09:21:06] [INFO] ========================================
[2026-06-01 09:21:06] [INFO] Clicking 'Schedule' option...

[2026-06-01 09:21:07] [CMD] browseros-cli snap -p 328
[2026-06-01 09:21:07] [EXIT] 0
[2026-06-01 09:21:07] [OUT] ---
[11536] radio "Private"
[11546] radio "Unlisted"
[11555] radio "Public"
[11267] button "Click to expand"
[11202] link "Learn more"
[11207] link "Learn more"
[11489] button "Play"
[11492] button "Mute"
[11318] slider "volume"
[11496] button "Settings"
[11521] button "Full screen"
[11235] link "https://youtube.com/shorts/hoHA0kIHdHY"
[11238] button "Copy video link"
[1592] button "Back"
[1606] button "Save"
[546] clickable "Inspiration
        


  
      Videos
    


  
        Shorts
      


  
        Live
      


  "
[11278] clickable "Private
          

          
          
            
              Only you and people you choose "
[11261] clickable "Schedule
      
        
          Select a date to make your video public.
        
      
      
 "
[2026-06-01 09:21:07] [OUT] ---

[2026-06-01 09:21:08] [CMD] browseros-cli click -p 328 11261
[2026-06-01 09:21:08] [EXIT] 0
[2026-06-01 09:21:08] [OUT] ---
Clicked [11261] at (472, 574)
[2026-06-01 09:21:08] [OUT] ---
[2026-06-01 09:21:10] [INFO] ========================================
[2026-06-01 09:21:10] [INFO]   Phase 7: Fill Date and Time
[2026-06-01 09:21:10] [INFO] ========================================
[2026-06-01 09:21:10] [INFO] Setting date: Jun 24, 2026, time: 12:45 PM
[2026-06-01 09:21:10] [INFO] Opening date picker...

[2026-06-01 09:21:11] [CMD] browseros-cli snap -p 328
[2026-06-01 09:21:11] [EXIT] 0
[2026-06-01 09:21:11] [OUT] ---
[942] button "Sort by Views"
[1492] button "Send Feedback"
[1504] button "Close"
[2151] tab "Details"
[2162] tab "Video elements"
[2173] tab "Checks"
[2184] tab "Visibility" (selected)
[11253] button "Click to expand"
[11801] button "Jun 2, 2026"
[11805] button "Jun 2, 2026"
[11831] textbox value="12:00 AM"
[11914] button "Time zone"
[11202] link "Learn more"
[11207] link "Learn more"
[11489] button "Play"
[11492] button "Mute"
[11318] slider "volume"
[11496] button "Settings"
[11521] button "Full screen"
[11235] link "https://youtube.com/shorts/hoHA0kIHdHY"
[11238] button "Copy video link"
[1592] button "Back"
[1606] button "Schedule"
[546] clickable "Inspiration
        


  
      Videos
    


  
        Shorts
      


  
        Live
      


  "
[11214] clickable "Save or publish
        
        
          Make your video public, unlisted, or private
        
  "
[11915] clickable "Default set to local time zone (GMT+0530)"
[2026-06-01 09:21:11] [OUT] ---

[2026-06-01 09:21:12] [CMD] browseros-cli click -p 328 11801
[2026-06-01 09:21:12] [EXIT] 0
[2026-06-01 09:21:12] [OUT] ---
Clicked [11801] at (310, 490)
[2026-06-01 09:21:12] [OUT] ---

[2026-06-01 09:21:15] [CMD] browseros-cli snap -p 328
[2026-06-01 09:21:15] [EXIT] 0
[2026-06-01 09:21:15] [OUT] ---
[12186] clickable "13"
[12187] clickable "14"
[12188] clickable "15"
[12189] clickable "16"
[12190] clickable "17"
[12191] clickable "18"
[12192] clickable "19"
[12193] clickable "20"
[12194] clickable "21"
[12195] clickable "22"
[12196] clickable "23"
[12197] clickable "24"
[12198] clickable "25"
[12199] clickable "26"
[12200] clickable "27"
[12201] clickable "28"
[12202] clickable "29"
[12203] clickable "30"
[12204] clickable "31"
[12212] clickable "1"
[12213] clickable "2"
[12214] clickable "3"
[12215] clickable "4"
[12216] clickable "5"
[12217] clickable "6"
[12218] clickable "7"
[12219] clickable "8"
[12220] clickable "9"
[12221] clickable "10"
[12222] clickable "11"
[12223] clickable "12"
[12224] clickable "13"
[12225] clickable "14"
[12226] clickable "15"
[12227] clickable "16"
[12228] clickable "17"
[12229] clickable "18"
[12230] clickable "19"
[12231] clickable "20"
[12232] clickable "21"
[12233] clickable "22"
[12234] clickable "23"
[12235] clickable "24"
[12236] clickable "25"
[12237] clickable "26"
[12238] clickable "27"
[12239] clickable "28"
[12240] clickable "29"
[12241] clickable "30"
[12242] clickable "31"
[2026-06-01 09:21:15] [OUT] ---

[2026-06-01 09:21:16] [CMD] browseros-cli fill -p 328 12026 Jun 24, 2026
[2026-06-01 09:21:16] [EXIT] 0
[2026-06-01 09:21:16] [OUT] ---
Typed 12 characters into [12026] at (327, 124)
[2026-06-01 09:21:16] [OUT] ---

[2026-06-01 09:21:18] [CMD] browseros-cli key -p 328 Enter
[2026-06-01 09:21:18] [EXIT] 0
[2026-06-01 09:21:18] [OUT] ---
Pressed Enter
[2026-06-01 09:21:18] [OUT] ---
[2026-06-01 09:21:20] [INFO] Setting time...

[2026-06-01 09:21:21] [CMD] browseros-cli snap -p 328
[2026-06-01 09:21:21] [EXIT] 0
[2026-06-01 09:21:21] [OUT] ---
[942] button "Sort by Views"
[1492] button "Send Feedback"
[1504] button "Close"
[2151] tab "Details"
[2162] tab "Video elements"
[2173] tab "Checks"
[2184] tab "Visibility" (selected)
[11253] button "Click to expand"
[11801] button "Jun 24, 2026"
[11805] button "Jun 24, 2026"
[11831] textbox value="12:00 AM"
[11914] button "Time zone"
[11202] link "Learn more"
[11207] link "Learn more"
[11489] button "Play"
[11492] button "Mute"
[11318] slider "volume"
[11496] button "Settings"
[11521] button "Full screen"
[11235] link "https://youtube.com/shorts/hoHA0kIHdHY"
[11238] button "Copy video link"
[1592] button "Back"
[1606] button "Schedule"
[546] clickable "Inspiration
        


  
      Videos
    


  
        Shorts
      


  
        Live
      


  "
[11214] clickable "Save or publish
        
        
          Make your video public, unlisted, or private
        
  "
[11915] clickable "Default set to local time zone (GMT+0530)"
[2026-06-01 09:21:21] [OUT] ---
[2026-06-01 09:21:21] [INFO] Clicking time input box to open dropdown...

[2026-06-01 09:21:22] [CMD] browseros-cli click -p 328 11831
[2026-06-01 09:21:22] [EXIT] 0
[2026-06-01 09:21:22] [OUT] ---
Clicked [11831] at (466, 490)
[2026-06-01 09:21:22] [OUT] ---

[2026-06-01 09:21:25] [CMD] browseros-cli snap -p 328
[2026-06-01 09:21:25] [EXIT] 0
[2026-06-01 09:21:25] [OUT] ---
[12841] option "6:15 PM"
[12842] option "6:30 PM"
[12843] option "6:45 PM"
[12844] option "7:00 PM"
[12845] option "7:15 PM"
[12846] option "7:30 PM"
[12847] option "7:45 PM"
[12848] option "8:00 PM"
[12849] option "8:15 PM"
[12850] option "8:30 PM"
[12851] option "8:45 PM"
[12852] option "9:00 PM"
[12853] option "9:15 PM"
[12854] option "9:30 PM"
[12855] option "9:45 PM"
[12856] option "10:00 PM"
[12857] option "10:15 PM"
[12858] option "10:30 PM"
[12859] option "10:45 PM"
[12860] option "11:00 PM"
[12861] option "11:15 PM"
[12862] option "11:30 PM"
[12863] option "11:45 PM"
[546] clickable "Inspiration
        


  
      Videos
    


  
        Shorts
      


  
        Live
      


  "
[11214] clickable "Save or publish
        
        
          Make your video public, unlisted, or private
        
  "
[11915] clickable "Default set to local time zone (GMT+0530)"
[2026-06-01 09:21:25] [OUT] ---
[2026-06-01 09:21:25] [INFO] Clicking time option ref: 12819 for 12:45 PM

[2026-06-01 09:21:26] [CMD] browseros-cli click -p 328 12819
[2026-06-01 09:21:26] [EXIT] 0
[2026-06-01 09:21:26] [OUT] ---
Clicked [12819] at (466, 316)
[2026-06-01 09:21:26] [OUT] ---
[2026-06-01 09:21:28] [INFO] Date and time filled successfully
[2026-06-01 09:21:28] [INFO] ========================================
[2026-06-01 09:21:28] [INFO]   Phase 8: User Verification
[2026-06-01 09:21:28] [INFO] ========================================
[2026-06-01 09:21:28] [INFO] 
[2026-06-01 09:21:28] [INFO] ============================================
[2026-06-01 09:21:28] [INFO]   SCHEDULED REEL REVIEW
[2026-06-01 09:21:28] [INFO] ============================================
[2026-06-01 09:21:28] [INFO]   Asset ID: 41
[2026-06-01 09:21:28] [INFO]   Project:  project-1
[2026-06-01 09:21:28] [INFO]   Date:     2026-06-24 (Wednesday)
[2026-06-01 09:21:28] [INFO]   Time:     12:45:00
[2026-06-01 09:21:28] [INFO] ============================================
[2026-06-01 09:21:28] [INFO] 
[2026-06-01 09:21:28] [INFO] [YOLO] Finding 'Schedule' button...

[2026-06-01 09:21:29] [CMD] browseros-cli snap -p 328
[2026-06-01 09:21:29] [EXIT] 0
[2026-06-01 09:21:29] [OUT] ---
[942] button "Sort by Views"
[1492] button "Send Feedback"
[1504] button "Close"
[2151] tab "Details"
[2162] tab "Video elements"
[2173] tab "Checks"
[2184] tab "Visibility" (selected)
[11253] button "Click to expand"
[11801] button "Jun 24, 2026"
[11805] button "Jun 24, 2026"
[11831] textbox value="12:45 PM"
[11914] button "Time zone"
[11202] link "Learn more"
[11207] link "Learn more"
[11489] button "Play"
[11492] button "Mute"
[11318] slider "volume"
[11496] button "Settings"
[11521] button "Full screen"
[11235] link "https://youtube.com/shorts/hoHA0kIHdHY"
[11238] button "Copy video link"
[1592] button "Back"
[1606] button "Schedule"
[546] clickable "Inspiration
        


  
      Videos
    


  
        Shorts
      


  
        Live
      


  "
[11214] clickable "Save or publish
        
        
          Make your video public, unlisted, or private
        
  "
[11915] clickable "Default set to local time zone (GMT+0530)"
[2026-06-01 09:21:29] [OUT] ---
[2026-06-01 09:21:29] [INFO] Clicking 'Schedule' button (ref: 1606)...

[2026-06-01 09:21:30] [CMD] browseros-cli click -p 328 1606
[2026-06-01 09:21:30] [EXIT] 0
[2026-06-01 09:21:30] [OUT] ---
Clicked [1606] at (1047, 697)
[2026-06-01 09:21:30] [OUT] ---
[2026-06-01 09:21:40] [INFO] Marking asset 41 as uploaded for youtube...
[2026-06-01 09:21:40] [DEBUG] mark_uploaded output: {"success": true, "id": "41", "platform": "youtube"}
[2026-06-01 09:21:40] [INFO] Marking asset 41 as scheduled for youtube...
[2026-06-01 09:21:40] [DEBUG] mark_scheduled output: {"success": true, "id": "41", "platform": "youtube"}
[2026-06-01 09:21:40] [INFO] Tracker updated for asset 41
[2026-06-01 09:21:40] [INFO] ========================================
[2026-06-01 09:21:40] [INFO]   Phase 9: Close Browser Tab
[2026-06-01 09:21:40] [INFO] ========================================

[2026-06-01 09:21:41] [CMD] browseros-cli close -p 328
[2026-06-01 09:21:41] [EXIT] 0
[2026-06-01 09:21:41] [OUT] ---
Closed page 328
[2026-06-01 09:21:41] [OUT] ---
[2026-06-01 09:21:41] [INFO] Browser tab closed
[2026-06-01 09:21:41] [INFO] ========================================
[2026-06-01 09:21:41] [INFO]   Processing Schedule Entry 19 / 23
[2026-06-01 09:21:41] [INFO] ========================================
[2026-06-01 09:21:41] [INFO] Date: 2026-06-25, Day: Thursday, Time: 14:00:00
[2026-06-01 09:21:41] [INFO] ========================================
[2026-06-01 09:21:41] [INFO]   Phase 1: Identify Project and Asset
[2026-06-01 09:21:41] [INFO] ========================================
[2026-06-01 09:21:41] [INFO] Fetching mapped post for project 1...
[2026-06-01 09:21:41] [DEBUG] get_mapped_post exit=0 output='ID: 42
Caption: 🌭 The All-American Gourmet Loaded Hot Dog 🌭
Recipe: 
Ingredients: 🥩 1 premium all-beef frankfurter, 🌭 1 brioche hot dog bun, 🧅 2 tbsp caramelized onions, 🥒 1 tbsp sweet pickle relish, 🍯 and 1 tbsp spicy brown mustard. 
Steps: 👨‍🍳 Grill the hot dog over medium heat until slightly charred and snappy. 🥣 Butter and toast the brioche bun until golden. 🔥 Place the dog in the bun and top with a thick layer of sweet caramelized onions, crunchy relish, and a bold stripe of spicy mustard. ⏲️ Serve with a side of kettle chips.
#hotdog #streetfood #grilling #lunch #fastfood #gourmet #comfortfood #allamerican 🌮🍱'
[2026-06-01 09:21:41] [INFO] Asset ID: 42
[2026-06-01 09:21:41] [INFO] Title length: 43 chars
[2026-06-01 09:21:41] [INFO] Description length: 562 chars
[2026-06-01 09:21:41] [INFO] Asset path: /Users/dsen/Projects/ai-post-maker/project-1/assets/42.mp4
[2026-06-01 09:21:41] [INFO] ========================================
[2026-06-01 09:21:41] [INFO]   Phase 2: Open YouTube Upload Page
[2026-06-01 09:21:41] [INFO] ========================================
[2026-06-01 09:21:41] [INFO] Opening new page: https://www.youtube.com/upload

[2026-06-01 09:21:42] [CMD] browseros-cli open https://www.youtube.com/upload --json
[2026-06-01 09:21:42] [EXIT] 0
[2026-06-01 09:21:42] [OUT] ---
{"background":false,"hidden":false,"pageId":330,"url":"https://www.youtube.com/upload"}
[2026-06-01 09:21:42] [OUT] ---
[2026-06-01 09:21:42] [INFO] Page opened with ID: 330
[2026-06-01 09:21:47] [INFO] Page loaded successfully
[2026-06-01 09:21:47] [INFO] ========================================
[2026-06-01 09:21:47] [INFO]   Phase 3: Upload the Video File
[2026-06-01 09:21:47] [INFO] ========================================
[2026-06-01 09:21:47] [INFO] Exposing hidden file input...

[2026-06-01 09:21:48] [CMD] browseros-cli eval -p 330 document.querySelectorAll('input[type="file"]').forEach((i, idx) => { i.removeAttribute('aria-hidden'); i.style.display='block'; i.style.visibility='visible'; i.style.opacity='1'; i.style.position='static'; i.style.width='100px'; i.style.height='50px'; i.style.zIndex='999999'; i.title='Upload Video File'; });
[2026-06-01 09:21:48] [EXIT] 0
[2026-06-01 09:21:48] [OUT] ---
undefined
[2026-06-01 09:21:48] [OUT] ---
[2026-06-01 09:21:50] [INFO] Taking snapshot to find file input...

[2026-06-01 09:21:51] [CMD] browseros-cli snap -p 330
[2026-06-01 09:21:51] [EXIT] 0
[2026-06-01 09:21:51] [OUT] ---
[345] menuitem "Content"
[365] menuitem "Analytics"
[384] menuitem "Community"
[403] menuitem "Subtitles"
[422] menuitem "Content detection"
[441] menuitem "Earn"
[460] menuitem "Customization"
[479] menuitem "Audio library"
[504] button "Settings"
[517] button "Send feedback"
[565] tab "Inspiration"
[568] tab "Videos" (selected)
[570] tab "Shorts"
[573] tab "Live"
[576] tab "Posts"
[579] tab "Playlists"
[582] tab "Podcasts"
[585] tab "Promotions"
[591] tab "Collaborations"
[11] textbox "Filter"
[792] checkbox
[905] button "Sort by Date"
[942] button "Sort by Views"
[1492] button "Send Feedback"
[1504] button "Close"
[1537] button "Select files"
[1542] button "Choose Files"
[1546] link "Terms of Service"
[1547] link "Community Guidelines"
[1551] link "Learn more"
[546] clickable "Inspiration
        


  
      Videos
    


  
        Shorts
      


  
        Live
      


  "
[2026-06-01 09:21:51] [OUT] ---

[2026-06-01 09:21:52] [CMD] browseros-cli snap -p 330
[2026-06-01 09:21:52] [EXIT] 0
[2026-06-01 09:21:52] [OUT] ---
[345] menuitem "Content"
[365] menuitem "Analytics"
[384] menuitem "Community"
[403] menuitem "Subtitles"
[422] menuitem "Content detection"
[441] menuitem "Earn"
[460] menuitem "Customization"
[479] menuitem "Audio library"
[504] button "Settings"
[517] button "Send feedback"
[565] tab "Inspiration"
[568] tab "Videos" (selected)
[570] tab "Shorts"
[573] tab "Live"
[576] tab "Posts"
[579] tab "Playlists"
[582] tab "Podcasts"
[585] tab "Promotions"
[591] tab "Collaborations"
[11] textbox "Filter"
[792] checkbox
[905] button "Sort by Date"
[942] button "Sort by Views"
[1492] button "Send Feedback"
[1504] button "Close"
[1537] button "Select files"
[1542] button "Choose Files"
[1546] link "Terms of Service"
[1547] link "Community Guidelines"
[1551] link "Learn more"
[546] clickable "Inspiration
        


  
      Videos
    


  
        Shorts
      


  
        Live
      


  "
[2026-06-01 09:21:52] [OUT] ---

[2026-06-01 09:21:53] [CMD] browseros-cli snap -p 330
[2026-06-01 09:21:53] [EXIT] 0
[2026-06-01 09:21:53] [OUT] ---
[345] menuitem "Content"
[365] menuitem "Analytics"
[384] menuitem "Community"
[403] menuitem "Subtitles"
[422] menuitem "Content detection"
[441] menuitem "Earn"
[460] menuitem "Customization"
[479] menuitem "Audio library"
[504] button "Settings"
[517] button "Send feedback"
[565] tab "Inspiration"
[568] tab "Videos" (selected)
[570] tab "Shorts"
[573] tab "Live"
[576] tab "Posts"
[579] tab "Playlists"
[582] tab "Podcasts"
[585] tab "Promotions"
[591] tab "Collaborations"
[11] textbox "Filter"
[792] checkbox
[905] button "Sort by Date"
[942] button "Sort by Views"
[1492] button "Send Feedback"
[1504] button "Close"
[1537] button "Select files"
[1542] button "Choose Files"
[1546] link "Terms of Service"
[1547] link "Community Guidelines"
[1551] link "Learn more"
[546] clickable "Inspiration
        


  
      Videos
    


  
        Shorts
      


  
        Live
      


  "
[2026-06-01 09:21:53] [OUT] ---
[2026-06-01 09:21:53] [INFO] Attempting upload to ref: 1542...

[2026-06-01 09:21:54] [CMD] browseros-cli upload -p 330 1542 /Users/dsen/Projects/ai-post-maker/project-1/assets/42.mp4
[2026-06-01 09:21:54] [EXIT] 0
[2026-06-01 09:21:54] [OUT] ---
Set 1 file(s) on [1542]
[2026-06-01 09:21:54] [OUT] ---
[2026-06-01 09:21:59] [INFO] Waiting for 'Details' screen to appear...

[2026-06-01 09:22:00] [CMD] browseros-cli snap -p 330
[2026-06-01 09:22:00] [EXIT] 0
[2026-06-01 09:22:00] [OUT] ---
[1504] button "Close"
[2175] tab "Details" (selected)
[2186] tab "Video elements"
[2197] tab "Checks"
[2208] tab "Visibility"
[1972] button "Reuse details"
[2288] textbox "Add a title that describes your video (type @ to mention a channel)" value="42" (required)
[2515] button "Add all"
[2401] button "Options"
[2808] button "Personalized suggestion illustration #appetizer"
[2818] button "#strawberry"
[2828] button "Personalized suggestion illustration #baking"
[2031] textbox "Tell viewers about your video (type @ to mention a channel)"
[2251] link "Learn more about playlists"
[2257] button "Select playlists"
[2261] button "Select"
[2084] link "What's content made for kids?"
[2091] link "Learn more about video's audience settings"
[2094] radio "Yes, it's made for kids . Features like personalized ads and notifications won’t be available on videos made for kids. Videos that are set as made for kids by you are more likely to be recommended alongside other kids’ videos. Learn more"
[2098] link "Learn more"
[2099] radio "No, it's not made for kids"
[2016] button "Age restriction (advanced)"
[2172] button "Show advanced settings"
[2234] link "https://youtube.com/shorts/0ZCI8b-Nl2Y"
[2237] button "Copy video link"
[1599] button "Next"
[546] clickable "Inspiration
        


  
      Videos
    


  
        Shorts
      


  
        Live
      


  "
[2404] clickable "The following suggestions were automatically generated based on your existing content. You can add
  and edit them to help viewers discover, understand, and engage with your content."
[2093] clickable "Yes, it's made for kids.
          Features like personalized ads and notifications won’t be availab"
[2026-06-01 09:22:00] [OUT] ---
[2026-06-01 09:22:00] [INFO] Video uploaded and Details screen reached
[2026-06-01 09:22:00] [INFO] ========================================
[2026-06-01 09:22:00] [INFO]   Phase 4: Fill Details
[2026-06-01 09:22:00] [INFO] ========================================
[2026-06-01 09:22:00] [INFO] Finding Title field...

[2026-06-01 09:22:00] [CMD] browseros-cli snap -p 330
[2026-06-01 09:22:00] [EXIT] 0
[2026-06-01 09:22:00] [OUT] ---
[1504] button "Close"
[2175] tab "Details" (selected)
[2186] tab "Video elements"
[2197] tab "Checks"
[2208] tab "Visibility"
[1972] button "Reuse details"
[2288] textbox "Add a title that describes your video (type @ to mention a channel)" value="42" (required)
[2515] button "Add all"
[2401] button "Options"
[2808] button "Personalized suggestion illustration #appetizer"
[2818] button "#strawberry"
[2828] button "Personalized suggestion illustration #baking"
[2031] textbox "Tell viewers about your video (type @ to mention a channel)"
[2251] link "Learn more about playlists"
[2257] button "Select playlists"
[2261] button "Select"
[2084] link "What's content made for kids?"
[2091] link "Learn more about video's audience settings"
[2094] radio "Yes, it's made for kids . Features like personalized ads and notifications won’t be available on videos made for kids. Videos that are set as made for kids by you are more likely to be recommended alongside other kids’ videos. Learn more"
[2098] link "Learn more"
[2099] radio "No, it's not made for kids"
[2016] button "Age restriction (advanced)"
[2172] button "Show advanced settings"
[2234] link "https://youtube.com/shorts/0ZCI8b-Nl2Y"
[2237] button "Copy video link"
[1599] button "Next"
[546] clickable "Inspiration
        


  
      Videos
    


  
        Shorts
      


  
        Live
      


  "
[2404] clickable "The following suggestions were automatically generated based on your existing content. You can add
  and edit them to help viewers discover, understand, and engage with your content."
[2093] clickable "Yes, it's made for kids.
          Features like personalized ads and notifications won’t be availab"
[2026-06-01 09:22:00] [OUT] ---
[2026-06-01 09:22:01] [INFO] Filling Title...

[2026-06-01 09:22:02] [CMD] browseros-cli fill -p 330 2288 🌭 The All-American Gourmet Loaded Hot Dog 🌭
[2026-06-01 09:22:02] [EXIT] 0
[2026-06-01 09:22:02] [OUT] ---
Typed 45 characters into [2288] at (472, 229)
[2026-06-01 09:22:02] [OUT] ---
[2026-06-01 09:22:04] [INFO] Finding Description field...

[2026-06-01 09:22:05] [CMD] browseros-cli snap -p 330
[2026-06-01 09:22:05] [EXIT] 0
[2026-06-01 09:22:05] [OUT] ---
[1504] button "Close"
[2175] tab "Details" (selected)
[2186] tab "Video elements"
[2197] tab "Checks"
[2208] tab "Visibility"
[1972] button "Reuse details"
[2288] textbox "Add a title that describes your video (type @ to mention a channel)" value="🌭 The All-American Gourmet Loaded Hot Dog 🌭" (required)
[2515] button "Add all"
[2401] button "Options"
[2808] button "Personalized suggestion illustration #appetizer"
[2818] button "#strawberry"
[2828] button "Personalized suggestion illustration #baking"
[2031] textbox "Tell viewers about your video (type @ to mention a channel)"
[2251] link "Learn more about playlists"
[2257] button "Select playlists"
[2261] button "Select"
[2084] link "What's content made for kids?"
[2091] link "Learn more about video's audience settings"
[2094] radio "Yes, it's made for kids . Features like personalized ads and notifications won’t be available on videos made for kids. Videos that are set as made for kids by you are more likely to be recommended alongside other kids’ videos. Learn more"
[2098] link "Learn more"
[2099] radio "No, it's not made for kids"
[2016] button "Age restriction (advanced)"
[2172] button "Show advanced settings"
[2234] link "https://youtube.com/shorts/0ZCI8b-Nl2Y"
[2237] button "Copy video link"
[1599] button "Next"
[546] clickable "Inspiration
        


  
      Videos
    


  
        Shorts
      


  
        Live
      


  "
[2404] clickable "The following suggestions were automatically generated based on your existing content. You can add
  and edit them to help viewers discover, understand, and engage with your content."
[2093] clickable "Yes, it's made for kids.
          Features like personalized ads and notifications won’t be availab"
[2026-06-01 09:22:05] [OUT] ---
[2026-06-01 09:22:05] [INFO] Filling Description...

[2026-06-01 09:22:07] [CMD] browseros-cli fill -p 330 2031 Recipe: 
Ingredients: 🥩 1 premium all-beef frankfurter, 🌭 1 brioche hot dog bun, 🧅 2 tbsp caramelized onions, 🥒 1 tbsp sweet pickle relish, 🍯 and 1 tbsp spicy brown mustard. 
Steps: 👨‍🍳 Grill the hot dog over medium heat until slightly charred and snappy. 🥣 Butter and toast the brioche bun until golden. 🔥 Place the dog in the bun and top with a thick layer of sweet caramelized onions, crunchy relish, and a bold stripe of spicy mustard. ⏲️ Serve with a side of kettle chips.
#hotdog #streetfood #grilling #lunch #fastfood #gourmet #comfortfood #allamerican 🌮🍱
[2026-06-01 09:22:07] [EXIT] 0
[2026-06-01 09:22:07] [OUT] ---
Typed 573 characters into [2031] at (472, 490)
[2026-06-01 09:22:07] [OUT] ---
[2026-06-01 09:22:09] [INFO] Selecting 'Not made for kids'...

[2026-06-01 09:22:10] [CMD] browseros-cli snap -p 330
[2026-06-01 09:22:10] [EXIT] 0
[2026-06-01 09:22:10] [OUT] ---
[905] button "Sort by Date"
[942] button "Sort by Views"
[1492] button "Send Feedback"
[1504] button "Close"
[2175] tab "Details" (selected)
[2186] tab "Video elements"
[2197] tab "Checks"
[2208] tab "Visibility"
[1972] button "Reuse details"
[2288] textbox "Add a title that describes your video (type @ to mention a channel)" value="🌭 The All-American Gourmet Loaded Hot Dog 🌭" (required)
[2031] textbox "Tell viewers about your video (type @ to mention a channel)" value="Recipe: 
Ingredients: 🥩 1 premium all-beef frankfurter, 🌭 1 brioche hot dog bun, 🧅 2 tbsp caramelized onions, 🥒 1 tbsp sweet pickle relish, 🍯 and 1 tbsp spicy brown mustard. 
Steps: 👨‍🍳 Grill the hot dog over medium heat until slightly charred and snappy. 🥣 Butter and toast the brioche bun until golden. 🔥 Place the dog in the bun and top with a thick layer of sweet caramelized onions, crunchy relish, and a bold stripe of spicy mustard. ⏲️ Serve with a side of kettle chips.
#hotdog #streetfood #grilling #lunch #fastfood #gourmet #comfortfood #allamerican 🌮🍱
"
[2251] link "Learn more about playlists"
[2257] button "Select playlists"
[2261] button "Select"
[2084] link "What's content made for kids?"
[2091] link "Learn more about video's audience settings"
[2094] radio "Yes, it's made for kids . Features like personalized ads and notifications won’t be available on videos made for kids. Videos that are set as made for kids by you are more likely to be recommended alongside other kids’ videos. Learn more"
[2098] link "Learn more"
[2099] radio "No, it's not made for kids"
[2016] button "Age restriction (advanced)"
[2172] button "Show advanced settings"
[2234] link "https://youtube.com/shorts/0ZCI8b-Nl2Y"
[2237] button "Copy video link"
[1599] button "Next"
[546] clickable "Inspiration
        


  
      Videos
    


  
        Shorts
      


  
        Live
      


  "
[2093] clickable "Yes, it's made for kids.
          Features like personalized ads and notifications won’t be availab"
[2026-06-01 09:22:10] [OUT] ---

[2026-06-01 09:22:11] [CMD] browseros-cli click -p 330 2099
[2026-06-01 09:22:11] [EXIT] 0
[2026-06-01 09:22:11] [OUT] ---
Clicked [2099] at (303, 464)
[2026-06-01 09:22:11] [OUT] ---
[2026-06-01 09:22:11] [INFO] Selected 'Not made for kids'
[2026-06-01 09:22:13] [INFO] ========================================
[2026-06-01 09:22:13] [INFO]   Phase 5: Navigate to Visibility Screen
[2026-06-01 09:22:14] [INFO] ========================================

[2026-06-01 09:22:15] [CMD] browseros-cli snap -p 330
[2026-06-01 09:22:15] [EXIT] 0
[2026-06-01 09:22:15] [OUT] ---
[905] button "Sort by Date"
[942] button "Sort by Views"
[1492] button "Send Feedback"
[1504] button "Close"
[2175] tab "Details" (selected)
[2186] tab "Video elements"
[2197] tab "Checks"
[2208] tab "Visibility"
[1972] button "Reuse details"
[2288] textbox "Add a title that describes your video (type @ to mention a channel)" value="🌭 The All-American Gourmet Loaded Hot Dog 🌭" (required)
[2031] textbox "Tell viewers about your video (type @ to mention a channel)" value="Recipe: 
Ingredients: 🥩 1 premium all-beef frankfurter, 🌭 1 brioche hot dog bun, 🧅 2 tbsp caramelized onions, 🥒 1 tbsp sweet pickle relish, 🍯 and 1 tbsp spicy brown mustard. 
Steps: 👨‍🍳 Grill the hot dog over medium heat until slightly charred and snappy. 🥣 Butter and toast the brioche bun until golden. 🔥 Place the dog in the bun and top with a thick layer of sweet caramelized onions, crunchy relish, and a bold stripe of spicy mustard. ⏲️ Serve with a side of kettle chips.
#hotdog #streetfood #grilling #lunch #fastfood #gourmet #comfortfood #allamerican 🌮🍱
"
[2251] link "Learn more about playlists"
[2257] button "Select playlists"
[2261] button "Select"
[2084] link "What's content made for kids?"
[2091] link "Learn more about video's audience settings"
[2094] radio "Yes, it's made for kids . Features like personalized ads and notifications won’t be available on videos made for kids. Videos that are set as made for kids by you are more likely to be recommended alongside other kids’ videos. Learn more"
[2098] link "Learn more"
[2099] radio "No, it's not made for kids"
[2016] button "Age restriction (advanced)"
[2172] button "Show advanced settings"
[2234] link "https://youtube.com/shorts/0ZCI8b-Nl2Y"
[2237] button "Copy video link"
[1599] button "Next"
[546] clickable "Inspiration
        


  
      Videos
    


  
        Shorts
      


  
        Live
      


  "
[2093] clickable "Yes, it's made for kids.
          Features like personalized ads and notifications won’t be availab"
[2026-06-01 09:22:15] [OUT] ---
[2026-06-01 09:22:15] [INFO] Clicking Next (1/3)...

[2026-06-01 09:22:15] [CMD] browseros-cli click -p 330 1599
[2026-06-01 09:22:15] [EXIT] 0
[2026-06-01 09:22:15] [OUT] ---
Clicked [1599] at (1061, 697)
[2026-06-01 09:22:15] [OUT] ---

[2026-06-01 09:22:19] [CMD] browseros-cli snap -p 330
[2026-06-01 09:22:19] [EXIT] 0
[2026-06-01 09:22:19] [OUT] ---
[422] menuitem "Content detection"
[441] menuitem "Earn"
[460] menuitem "Customization"
[479] menuitem "Audio library"
[504] button "Settings"
[517] button "Send feedback"
[565] tab "Inspiration"
[568] tab "Videos" (selected)
[570] tab "Shorts"
[573] tab "Live"
[576] tab "Posts"
[579] tab "Playlists"
[582] tab "Podcasts"
[585] tab "Promotions"
[591] tab "Collaborations"
[11] textbox "Filter"
[792] checkbox
[905] button "Sort by Date"
[942] button "Sort by Views"
[1492] button "Send Feedback"
[1504] button "Close"
[2175] tab "Details"
[2186] tab "Video elements" (selected)
[2197] tab "Checks"
[2208] tab "Visibility"
[10789] link "Learn more"
[11027] button "Add"
[10833] button "Add" (disabled)
[1592] button "Back"
[1599] button "Next"
[546] clickable "Inspiration
        


  
      Videos
    


  
        Shorts
      


  
        Live
      


  "
[2026-06-01 09:22:19] [OUT] ---

[2026-06-01 09:22:20] [CMD] browseros-cli snap -p 330
[2026-06-01 09:22:20] [EXIT] 0
[2026-06-01 09:22:20] [OUT] ---
[422] menuitem "Content detection"
[441] menuitem "Earn"
[460] menuitem "Customization"
[479] menuitem "Audio library"
[504] button "Settings"
[517] button "Send feedback"
[565] tab "Inspiration"
[568] tab "Videos" (selected)
[570] tab "Shorts"
[573] tab "Live"
[576] tab "Posts"
[579] tab "Playlists"
[582] tab "Podcasts"
[585] tab "Promotions"
[591] tab "Collaborations"
[11] textbox "Filter"
[792] checkbox
[905] button "Sort by Date"
[942] button "Sort by Views"
[1492] button "Send Feedback"
[1504] button "Close"
[2175] tab "Details"
[2186] tab "Video elements" (selected)
[2197] tab "Checks"
[2208] tab "Visibility"
[10789] link "Learn more"
[11027] button "Add"
[10833] button "Add" (disabled)
[1592] button "Back"
[1599] button "Next"
[546] clickable "Inspiration
        


  
      Videos
    


  
        Shorts
      


  
        Live
      


  "
[2026-06-01 09:22:20] [OUT] ---
[2026-06-01 09:22:20] [INFO] Clicking Next (2/3)...

[2026-06-01 09:22:21] [CMD] browseros-cli click -p 330 1599
[2026-06-01 09:22:21] [EXIT] 0
[2026-06-01 09:22:21] [OUT] ---
Clicked [1599] at (1061, 697)
[2026-06-01 09:22:21] [OUT] ---

[2026-06-01 09:22:25] [CMD] browseros-cli snap -p 330
[2026-06-01 09:22:25] [EXIT] 0
[2026-06-01 09:22:25] [OUT] ---
[460] menuitem "Customization"
[479] menuitem "Audio library"
[504] button "Settings"
[517] button "Send feedback"
[565] tab "Inspiration"
[568] tab "Videos" (selected)
[570] tab "Shorts"
[573] tab "Live"
[576] tab "Posts"
[579] tab "Playlists"
[582] tab "Podcasts"
[585] tab "Promotions"
[591] tab "Collaborations"
[11] textbox "Filter"
[792] checkbox
[905] button "Sort by Date"
[942] button "Sort by Views"
[1492] button "Send Feedback"
[1504] button "Close"
[2175] tab "Details"
[2186] tab "Video elements"
[2197] tab "Checks" (selected)
[2208] tab "Visibility"
[11206] link "Learn more"
[11250] link "Learn more"
[11218] button "Send feedback"
[1592] button "Back"
[1599] button "Next"
[546] clickable "Inspiration
        


  
      Videos
    


  
        Shorts
      


  
        Live
      


  "
[11217] clickable "Send feedback"
[11219] clickable "Send feedback"
[2026-06-01 09:22:25] [OUT] ---

[2026-06-01 09:22:26] [CMD] browseros-cli snap -p 330
[2026-06-01 09:22:26] [EXIT] 0
[2026-06-01 09:22:26] [OUT] ---
[460] menuitem "Customization"
[479] menuitem "Audio library"
[504] button "Settings"
[517] button "Send feedback"
[565] tab "Inspiration"
[568] tab "Videos" (selected)
[570] tab "Shorts"
[573] tab "Live"
[576] tab "Posts"
[579] tab "Playlists"
[582] tab "Podcasts"
[585] tab "Promotions"
[591] tab "Collaborations"
[11] textbox "Filter"
[792] checkbox
[905] button "Sort by Date"
[942] button "Sort by Views"
[1492] button "Send Feedback"
[1504] button "Close"
[2175] tab "Details"
[2186] tab "Video elements"
[2197] tab "Checks" (selected)
[2208] tab "Visibility"
[11206] link "Learn more"
[11250] link "Learn more"
[11218] button "Send feedback"
[1592] button "Back"
[1599] button "Next"
[546] clickable "Inspiration
        


  
      Videos
    


  
        Shorts
      


  
        Live
      


  "
[11217] clickable "Send feedback"
[11219] clickable "Send feedback"
[2026-06-01 09:22:26] [OUT] ---
[2026-06-01 09:22:26] [INFO] Clicking Next (3/3)...

[2026-06-01 09:22:27] [CMD] browseros-cli click -p 330 1599
[2026-06-01 09:22:27] [EXIT] 0
[2026-06-01 09:22:27] [OUT] ---
Clicked [1599] at (1061, 697)
[2026-06-01 09:22:27] [OUT] ---

[2026-06-01 09:22:31] [CMD] browseros-cli snap -p 330
[2026-06-01 09:22:31] [EXIT] 0
[2026-06-01 09:22:31] [OUT] ---
[11662] radio "Private"
[11672] radio "Unlisted"
[11681] radio "Public"
[11393] button "Click to expand"
[11328] link "Learn more"
[11333] link "Learn more"
[11615] button "Play"
[11618] button "Mute"
[11444] slider "volume"
[11622] button "Settings"
[11647] button "Full screen"
[11361] link "https://youtube.com/shorts/0ZCI8b-Nl2Y"
[11364] button "Copy video link"
[1592] button "Back"
[1606] button "Save"
[546] clickable "Inspiration
        


  
      Videos
    


  
        Shorts
      


  
        Live
      


  "
[11404] clickable "Private
          

          
          
            
              Only you and people you choose "
[11387] clickable "Schedule
      
        
          Select a date to make your video public.
        
      
      
 "
[2026-06-01 09:22:31] [OUT] ---
[2026-06-01 09:22:31] [INFO] Reached Visibility screen
[2026-06-01 09:22:31] [INFO] ========================================
[2026-06-01 09:22:31] [INFO]   Phase 6: Open Scheduling Options
[2026-06-01 09:22:31] [INFO] ========================================
[2026-06-01 09:22:31] [INFO] Clicking 'Schedule' option...

[2026-06-01 09:22:32] [CMD] browseros-cli snap -p 330
[2026-06-01 09:22:32] [EXIT] 0
[2026-06-01 09:22:32] [OUT] ---
[11662] radio "Private"
[11672] radio "Unlisted"
[11681] radio "Public"
[11393] button "Click to expand"
[11328] link "Learn more"
[11333] link "Learn more"
[11615] button "Play"
[11618] button "Mute"
[11444] slider "volume"
[11622] button "Settings"
[11647] button "Full screen"
[11361] link "https://youtube.com/shorts/0ZCI8b-Nl2Y"
[11364] button "Copy video link"
[1592] button "Back"
[1606] button "Save"
[546] clickable "Inspiration
        


  
      Videos
    


  
        Shorts
      


  
        Live
      


  "
[11404] clickable "Private
          

          
          
            
              Only you and people you choose "
[11387] clickable "Schedule
      
        
          Select a date to make your video public.
        
      
      
 "
[2026-06-01 09:22:32] [OUT] ---

[2026-06-01 09:22:33] [CMD] browseros-cli click -p 330 11387
[2026-06-01 09:22:33] [EXIT] 0
[2026-06-01 09:22:33] [OUT] ---
Clicked [11387] at (472, 574)
[2026-06-01 09:22:33] [OUT] ---
[2026-06-01 09:22:35] [INFO] ========================================
[2026-06-01 09:22:35] [INFO]   Phase 7: Fill Date and Time
[2026-06-01 09:22:35] [INFO] ========================================
[2026-06-01 09:22:35] [INFO] Setting date: Jun 25, 2026, time: 2:00 PM
[2026-06-01 09:22:35] [INFO] Opening date picker...

[2026-06-01 09:22:36] [CMD] browseros-cli snap -p 330
[2026-06-01 09:22:36] [EXIT] 0
[2026-06-01 09:22:36] [OUT] ---
[942] button "Sort by Views"
[1492] button "Send Feedback"
[1504] button "Close"
[2175] tab "Details"
[2186] tab "Video elements"
[2197] tab "Checks"
[2208] tab "Visibility" (selected)
[11379] button "Click to expand"
[11914] button "Jun 2, 2026"
[11918] button "Jun 2, 2026"
[11944] textbox value="12:00 AM"
[12027] button "Time zone"
[11328] link "Learn more"
[11333] link "Learn more"
[11615] button "Play"
[11618] button "Mute"
[11444] slider "volume"
[11622] button "Settings"
[11647] button "Full screen"
[11361] link "https://youtube.com/shorts/0ZCI8b-Nl2Y"
[11364] button "Copy video link"
[1592] button "Back"
[1606] button "Schedule"
[546] clickable "Inspiration
        


  
      Videos
    


  
        Shorts
      


  
        Live
      


  "
[11340] clickable "Save or publish
        
        
          Make your video public, unlisted, or private
        
  "
[12028] clickable "Default set to local time zone (GMT+0530)"
[2026-06-01 09:22:36] [OUT] ---

[2026-06-01 09:22:37] [CMD] browseros-cli click -p 330 11914
[2026-06-01 09:22:37] [EXIT] 0
[2026-06-01 09:22:37] [OUT] ---
Clicked [11914] at (310, 490)
[2026-06-01 09:22:37] [OUT] ---

[2026-06-01 09:22:40] [CMD] browseros-cli snap -p 330
[2026-06-01 09:22:40] [EXIT] 0
[2026-06-01 09:22:40] [OUT] ---
[12300] clickable "13"
[12301] clickable "14"
[12302] clickable "15"
[12303] clickable "16"
[12304] clickable "17"
[12305] clickable "18"
[12306] clickable "19"
[12307] clickable "20"
[12308] clickable "21"
[12309] clickable "22"
[12310] clickable "23"
[12311] clickable "24"
[12312] clickable "25"
[12313] clickable "26"
[12314] clickable "27"
[12315] clickable "28"
[12316] clickable "29"
[12317] clickable "30"
[12318] clickable "31"
[12326] clickable "1"
[12327] clickable "2"
[12328] clickable "3"
[12329] clickable "4"
[12330] clickable "5"
[12331] clickable "6"
[12332] clickable "7"
[12333] clickable "8"
[12334] clickable "9"
[12335] clickable "10"
[12336] clickable "11"
[12337] clickable "12"
[12338] clickable "13"
[12339] clickable "14"
[12340] clickable "15"
[12341] clickable "16"
[12342] clickable "17"
[12343] clickable "18"
[12344] clickable "19"
[12345] clickable "20"
[12346] clickable "21"
[12347] clickable "22"
[12348] clickable "23"
[12349] clickable "24"
[12350] clickable "25"
[12351] clickable "26"
[12352] clickable "27"
[12353] clickable "28"
[12354] clickable "29"
[12355] clickable "30"
[12356] clickable "31"
[2026-06-01 09:22:40] [OUT] ---

[2026-06-01 09:22:41] [CMD] browseros-cli fill -p 330 12140 Jun 25, 2026
[2026-06-01 09:22:41] [EXIT] 0
[2026-06-01 09:22:41] [OUT] ---
Typed 12 characters into [12140] at (327, 124)
[2026-06-01 09:22:41] [OUT] ---

[2026-06-01 09:22:43] [CMD] browseros-cli key -p 330 Enter
[2026-06-01 09:22:43] [EXIT] 0
[2026-06-01 09:22:43] [OUT] ---
Pressed Enter
[2026-06-01 09:22:43] [OUT] ---
[2026-06-01 09:22:45] [INFO] Setting time...

[2026-06-01 09:22:46] [CMD] browseros-cli snap -p 330
[2026-06-01 09:22:46] [EXIT] 0
[2026-06-01 09:22:46] [OUT] ---
[942] button "Sort by Views"
[1492] button "Send Feedback"
[1504] button "Close"
[2175] tab "Details"
[2186] tab "Video elements"
[2197] tab "Checks"
[2208] tab "Visibility" (selected)
[11379] button "Click to expand"
[11914] button "Jun 25, 2026"
[11918] button "Jun 25, 2026"
[11944] textbox value="12:00 AM"
[12027] button "Time zone"
[11328] link "Learn more"
[11333] link "Learn more"
[11615] button "Play"
[11618] button "Mute"
[11444] slider "volume"
[11622] button "Settings"
[11647] button "Full screen"
[11361] link "https://youtube.com/shorts/0ZCI8b-Nl2Y"
[11364] button "Copy video link"
[1592] button "Back"
[1606] button "Schedule"
[546] clickable "Inspiration
        


  
      Videos
    


  
        Shorts
      


  
        Live
      


  "
[11340] clickable "Save or publish
        
        
          Make your video public, unlisted, or private
        
  "
[12028] clickable "Default set to local time zone (GMT+0530)"
[2026-06-01 09:22:46] [OUT] ---
[2026-06-01 09:22:46] [INFO] Clicking time input box to open dropdown...

[2026-06-01 09:22:47] [CMD] browseros-cli click -p 330 11944
[2026-06-01 09:22:47] [EXIT] 0
[2026-06-01 09:22:47] [OUT] ---
Clicked [11944] at (466, 490)
[2026-06-01 09:22:47] [OUT] ---

[2026-06-01 09:22:50] [CMD] browseros-cli snap -p 330
[2026-06-01 09:22:50] [EXIT] 0
[2026-06-01 09:22:50] [OUT] ---
[12955] option "6:15 PM"
[12956] option "6:30 PM"
[12957] option "6:45 PM"
[12958] option "7:00 PM"
[12959] option "7:15 PM"
[12960] option "7:30 PM"
[12961] option "7:45 PM"
[12962] option "8:00 PM"
[12963] option "8:15 PM"
[12964] option "8:30 PM"
[12965] option "8:45 PM"
[12966] option "9:00 PM"
[12967] option "9:15 PM"
[12968] option "9:30 PM"
[12969] option "9:45 PM"
[12970] option "10:00 PM"
[12971] option "10:15 PM"
[12972] option "10:30 PM"
[12973] option "10:45 PM"
[12974] option "11:00 PM"
[12975] option "11:15 PM"
[12976] option "11:30 PM"
[12977] option "11:45 PM"
[546] clickable "Inspiration
        


  
      Videos
    


  
        Shorts
      


  
        Live
      


  "
[11340] clickable "Save or publish
        
        
          Make your video public, unlisted, or private
        
  "
[12028] clickable "Default set to local time zone (GMT+0530)"
[2026-06-01 09:22:50] [OUT] ---
[2026-06-01 09:22:50] [INFO] Clicking time option ref: 12938 for 2:00 PM

[2026-06-01 09:22:52] [CMD] browseros-cli click -p 330 12938
[2026-06-01 09:22:52] [EXIT] 0
[2026-06-01 09:22:52] [OUT] ---
Clicked [12938] at (466, 316)
[2026-06-01 09:22:52] [OUT] ---
[2026-06-01 09:22:54] [INFO] Date and time filled successfully
[2026-06-01 09:22:54] [INFO] ========================================
[2026-06-01 09:22:54] [INFO]   Phase 8: User Verification
[2026-06-01 09:22:54] [INFO] ========================================
[2026-06-01 09:22:54] [INFO] 
[2026-06-01 09:22:54] [INFO] ============================================
[2026-06-01 09:22:54] [INFO]   SCHEDULED REEL REVIEW
[2026-06-01 09:22:54] [INFO] ============================================
[2026-06-01 09:22:54] [INFO]   Asset ID: 42
[2026-06-01 09:22:54] [INFO]   Project:  project-1
[2026-06-01 09:22:54] [INFO]   Date:     2026-06-25 (Thursday)
[2026-06-01 09:22:54] [INFO]   Time:     14:00:00
[2026-06-01 09:22:54] [INFO] ============================================
[2026-06-01 09:22:54] [INFO] 
[2026-06-01 09:22:54] [INFO] [YOLO] Finding 'Schedule' button...

[2026-06-01 09:22:55] [CMD] browseros-cli snap -p 330
[2026-06-01 09:22:55] [EXIT] 0
[2026-06-01 09:22:55] [OUT] ---
[942] button "Sort by Views"
[1492] button "Send Feedback"
[1504] button "Close"
[2175] tab "Details"
[2186] tab "Video elements"
[2197] tab "Checks"
[2208] tab "Visibility" (selected)
[11379] button "Click to expand"
[11914] button "Jun 25, 2026"
[11918] button "Jun 25, 2026"
[11944] textbox value="2:00 PM"
[12027] button "Time zone"
[11328] link "Learn more"
[11333] link "Learn more"
[11615] button "Play"
[11618] button "Mute"
[11444] slider "volume"
[11622] button "Settings"
[11647] button "Full screen"
[11361] link "https://youtube.com/shorts/0ZCI8b-Nl2Y"
[11364] button "Copy video link"
[1592] button "Back"
[1606] button "Schedule"
[546] clickable "Inspiration
        


  
      Videos
    


  
        Shorts
      


  
        Live
      


  "
[11340] clickable "Save or publish
        
        
          Make your video public, unlisted, or private
        
  "
[12028] clickable "Default set to local time zone (GMT+0530)"
[2026-06-01 09:22:55] [OUT] ---
[2026-06-01 09:22:55] [INFO] Clicking 'Schedule' button (ref: 1606)...

[2026-06-01 09:22:56] [CMD] browseros-cli click -p 330 1606
[2026-06-01 09:22:56] [EXIT] 0
[2026-06-01 09:22:56] [OUT] ---
Clicked [1606] at (1047, 697)
[2026-06-01 09:22:56] [OUT] ---
[2026-06-01 09:23:06] [INFO] Marking asset 42 as uploaded for youtube...
[2026-06-01 09:23:06] [DEBUG] mark_uploaded output: {"success": true, "id": "42", "platform": "youtube"}
[2026-06-01 09:23:06] [INFO] Marking asset 42 as scheduled for youtube...
[2026-06-01 09:23:06] [DEBUG] mark_scheduled output: {"success": true, "id": "42", "platform": "youtube"}
[2026-06-01 09:23:06] [INFO] Tracker updated for asset 42
[2026-06-01 09:23:06] [INFO] ========================================
[2026-06-01 09:23:06] [INFO]   Phase 9: Close Browser Tab
[2026-06-01 09:23:06] [INFO] ========================================

[2026-06-01 09:23:07] [CMD] browseros-cli close -p 330
[2026-06-01 09:23:07] [EXIT] 0
[2026-06-01 09:23:07] [OUT] ---
Closed page 330
[2026-06-01 09:23:07] [OUT] ---
[2026-06-01 09:23:07] [INFO] Browser tab closed
[2026-06-01 09:23:07] [INFO] ========================================
[2026-06-01 09:23:07] [INFO]   Processing Schedule Entry 20 / 23
[2026-06-01 09:23:07] [INFO] ========================================
[2026-06-01 09:23:07] [INFO] Date: 2026-06-26, Day: Friday, Time: 19:15:00
[2026-06-01 09:23:07] [INFO] ========================================
[2026-06-01 09:23:07] [INFO]   Phase 1: Identify Project and Asset
[2026-06-01 09:23:07] [INFO] ========================================
[2026-06-01 09:23:07] [INFO] Fetching mapped post for project 1...
[2026-06-01 09:23:07] [DEBUG] get_mapped_post exit=0 output='ID: 44
Caption: 🦐 Crystal Skin Har Gow (Shrimp Dumplings) 🥟
Recipe: 
Ingredients: 🦐 1/2 lb chopped shrimp, 🎋 1/4 cup minced bamboo shoots, 🫒 1 tsp sesame oil, 🫚 1 tsp ginger. Wrapper: 1 cup wheat starch, 🌽 1/2 cup cornstarch, 🫒 boiling water. 
Steps: 👨‍🍳 Mix shrimp with bamboo and seasonings. 🥣 Make the dough by adding boiling water to the starches; knead until smooth. 🔥 Roll into thin circles. ⏲️ Place a spoonful of shrimp in the center and fold into a crescent with 7-10 pleats. 🍳 Steam on a piece of parchment for 6-8 minutes until the skin becomes translucent.
#hargow #dimsum #dumplings #chinesefood #shrimp #healthy #asiancuisine #dimsumtime 🌮🍱'
[2026-06-01 09:23:07] [INFO] Asset ID: 44
[2026-06-01 09:23:07] [INFO] Title length: 43 chars
[2026-06-01 09:23:07] [INFO] Description length: 594 chars
[2026-06-01 09:23:07] [INFO] Asset path: /Users/dsen/Projects/ai-post-maker/project-1/assets/44.mp4
[2026-06-01 09:23:07] [INFO] ========================================
[2026-06-01 09:23:07] [INFO]   Phase 2: Open YouTube Upload Page
[2026-06-01 09:23:07] [INFO] ========================================
[2026-06-01 09:23:07] [INFO] Opening new page: https://www.youtube.com/upload

[2026-06-01 09:23:08] [CMD] browseros-cli open https://www.youtube.com/upload --json
[2026-06-01 09:23:08] [EXIT] 0
[2026-06-01 09:23:08] [OUT] ---
{"background":false,"hidden":false,"pageId":332,"url":"https://www.youtube.com/upload"}
[2026-06-01 09:23:08] [OUT] ---
[2026-06-01 09:23:08] [INFO] Page opened with ID: 332
[2026-06-01 09:23:13] [INFO] Page loaded successfully
[2026-06-01 09:23:13] [INFO] ========================================
[2026-06-01 09:23:13] [INFO]   Phase 3: Upload the Video File
[2026-06-01 09:23:13] [INFO] ========================================
[2026-06-01 09:23:13] [INFO] Exposing hidden file input...

[2026-06-01 09:23:14] [CMD] browseros-cli eval -p 332 document.querySelectorAll('input[type="file"]').forEach((i, idx) => { i.removeAttribute('aria-hidden'); i.style.display='block'; i.style.visibility='visible'; i.style.opacity='1'; i.style.position='static'; i.style.width='100px'; i.style.height='50px'; i.style.zIndex='999999'; i.title='Upload Video File'; });
[2026-06-01 09:23:14] [EXIT] 0
[2026-06-01 09:23:14] [OUT] ---
undefined
[2026-06-01 09:23:14] [OUT] ---
[2026-06-01 09:23:16] [INFO] Taking snapshot to find file input...

[2026-06-01 09:23:17] [CMD] browseros-cli snap -p 332
[2026-06-01 09:23:17] [EXIT] 0
[2026-06-01 09:23:17] [OUT] ---
[345] menuitem "Content"
[365] menuitem "Analytics"
[384] menuitem "Community"
[403] menuitem "Subtitles"
[422] menuitem "Content detection"
[441] menuitem "Earn"
[460] menuitem "Customization"
[479] menuitem "Audio library"
[504] button "Settings"
[517] button "Send feedback"
[565] tab "Inspiration"
[568] tab "Videos" (selected)
[570] tab "Shorts"
[573] tab "Live"
[576] tab "Posts"
[579] tab "Playlists"
[582] tab "Podcasts"
[585] tab "Promotions"
[591] tab "Collaborations"
[9] textbox "Filter"
[792] checkbox
[905] button "Sort by Date"
[942] button "Sort by Views"
[1492] button "Send Feedback"
[1504] button "Close"
[1537] button "Select files"
[1542] button "Choose Files"
[1546] link "Terms of Service"
[1547] link "Community Guidelines"
[1551] link "Learn more"
[546] clickable "Inspiration
        


  
      Videos
    


  
        Shorts
      


  
        Live
      


  "
[2026-06-01 09:23:17] [OUT] ---

[2026-06-01 09:23:18] [CMD] browseros-cli snap -p 332
[2026-06-01 09:23:18] [EXIT] 0
[2026-06-01 09:23:18] [OUT] ---
[345] menuitem "Content"
[365] menuitem "Analytics"
[384] menuitem "Community"
[403] menuitem "Subtitles"
[422] menuitem "Content detection"
[441] menuitem "Earn"
[460] menuitem "Customization"
[479] menuitem "Audio library"
[504] button "Settings"
[517] button "Send feedback"
[565] tab "Inspiration"
[568] tab "Videos" (selected)
[570] tab "Shorts"
[573] tab "Live"
[576] tab "Posts"
[579] tab "Playlists"
[582] tab "Podcasts"
[585] tab "Promotions"
[591] tab "Collaborations"
[9] textbox "Filter"
[792] checkbox
[905] button "Sort by Date"
[942] button "Sort by Views"
[1492] button "Send Feedback"
[1504] button "Close"
[1537] button "Select files"
[1542] button "Choose Files"
[1546] link "Terms of Service"
[1547] link "Community Guidelines"
[1551] link "Learn more"
[546] clickable "Inspiration
        


  
      Videos
    


  
        Shorts
      


  
        Live
      


  "
[2026-06-01 09:23:18] [OUT] ---

[2026-06-01 09:23:19] [CMD] browseros-cli snap -p 332
[2026-06-01 09:23:19] [EXIT] 0
[2026-06-01 09:23:19] [OUT] ---
[345] menuitem "Content"
[365] menuitem "Analytics"
[384] menuitem "Community"
[403] menuitem "Subtitles"
[422] menuitem "Content detection"
[441] menuitem "Earn"
[460] menuitem "Customization"
[479] menuitem "Audio library"
[504] button "Settings"
[517] button "Send feedback"
[565] tab "Inspiration"
[568] tab "Videos" (selected)
[570] tab "Shorts"
[573] tab "Live"
[576] tab "Posts"
[579] tab "Playlists"
[582] tab "Podcasts"
[585] tab "Promotions"
[591] tab "Collaborations"
[9] textbox "Filter"
[792] checkbox
[905] button "Sort by Date"
[942] button "Sort by Views"
[1492] button "Send Feedback"
[1504] button "Close"
[1537] button "Select files"
[1542] button "Choose Files"
[1546] link "Terms of Service"
[1547] link "Community Guidelines"
[1551] link "Learn more"
[546] clickable "Inspiration
        


  
      Videos
    


  
        Shorts
      


  
        Live
      


  "
[2026-06-01 09:23:19] [OUT] ---
[2026-06-01 09:23:19] [INFO] Attempting upload to ref: 1542...

[2026-06-01 09:23:20] [CMD] browseros-cli upload -p 332 1542 /Users/dsen/Projects/ai-post-maker/project-1/assets/44.mp4
[2026-06-01 09:23:20] [EXIT] 0
[2026-06-01 09:23:20] [OUT] ---
Set 1 file(s) on [1542]
[2026-06-01 09:23:20] [OUT] ---
[2026-06-01 09:23:25] [INFO] Waiting for 'Details' screen to appear...

[2026-06-01 09:23:25] [CMD] browseros-cli snap -p 332
[2026-06-01 09:23:25] [EXIT] 0
[2026-06-01 09:23:25] [OUT] ---
[1504] button "Close"
[2150] tab "Details" (selected)
[2161] tab "Video elements"
[2172] tab "Checks"
[2183] tab "Visibility"
[1954] button "Reuse details"
[2263] textbox "Add a title that describes your video (type @ to mention a channel)" value="44" (required)
[2475] button "Add all"
[2376] button "Options"
[2806] button "Personalized suggestion illustration #appetizer"
[2816] button "#strawberry"
[2826] button "Personalized suggestion illustration #baking"
[2013] textbox "Tell viewers about your video (type @ to mention a channel)"
[2226] link "Learn more about playlists"
[2232] button "Select playlists"
[2236] button "Select"
[2059] link "What's content made for kids?"
[2066] link "Learn more about video's audience settings"
[2069] radio "Yes, it's made for kids . Features like personalized ads and notifications won’t be available on videos made for kids. Videos that are set as made for kids by you are more likely to be recommended alongside other kids’ videos. Learn more"
[2073] link "Learn more"
[2074] radio "No, it's not made for kids"
[1998] button "Age restriction (advanced)"
[2147] button "Show advanced settings"
[2209] link "https://youtube.com/shorts/iLOmQiJYJWc"
[2212] button "Copy video link"
[1599] button "Next"
[546] clickable "Inspiration
        


  
      Videos
    


  
        Shorts
      


  
        Live
      


  "
[2379] clickable "The following suggestions were automatically generated based on your existing content. You can add
  and edit them to help viewers discover, understand, and engage with your content."
[2068] clickable "Yes, it's made for kids.
          Features like personalized ads and notifications won’t be availab"
[2026-06-01 09:23:25] [OUT] ---
[2026-06-01 09:23:25] [INFO] Video uploaded and Details screen reached
[2026-06-01 09:23:25] [INFO] ========================================
[2026-06-01 09:23:25] [INFO]   Phase 4: Fill Details
[2026-06-01 09:23:25] [INFO] ========================================
[2026-06-01 09:23:25] [INFO] Finding Title field...

[2026-06-01 09:23:26] [CMD] browseros-cli snap -p 332
[2026-06-01 09:23:26] [EXIT] 0
[2026-06-01 09:23:26] [OUT] ---
[1504] button "Close"
[2150] tab "Details" (selected)
[2161] tab "Video elements"
[2172] tab "Checks"
[2183] tab "Visibility"
[1954] button "Reuse details"
[2263] textbox "Add a title that describes your video (type @ to mention a channel)" value="44" (required)
[2475] button "Add all"
[2376] button "Options"
[2806] button "Personalized suggestion illustration #appetizer"
[2816] button "#strawberry"
[2826] button "Personalized suggestion illustration #baking"
[2013] textbox "Tell viewers about your video (type @ to mention a channel)"
[2226] link "Learn more about playlists"
[2232] button "Select playlists"
[2236] button "Select"
[2059] link "What's content made for kids?"
[2066] link "Learn more about video's audience settings"
[2069] radio "Yes, it's made for kids . Features like personalized ads and notifications won’t be available on videos made for kids. Videos that are set as made for kids by you are more likely to be recommended alongside other kids’ videos. Learn more"
[2073] link "Learn more"
[2074] radio "No, it's not made for kids"
[1998] button "Age restriction (advanced)"
[2147] button "Show advanced settings"
[2209] link "https://youtube.com/shorts/iLOmQiJYJWc"
[2212] button "Copy video link"
[1599] button "Next"
[546] clickable "Inspiration
        


  
      Videos
    


  
        Shorts
      


  
        Live
      


  "
[2379] clickable "The following suggestions were automatically generated based on your existing content. You can add
  and edit them to help viewers discover, understand, and engage with your content."
[2068] clickable "Yes, it's made for kids.
          Features like personalized ads and notifications won’t be availab"
[2026-06-01 09:23:26] [OUT] ---
[2026-06-01 09:23:26] [INFO] Filling Title...

[2026-06-01 09:23:28] [CMD] browseros-cli fill -p 332 2263 🦐 Crystal Skin Har Gow (Shrimp Dumplings) 🥟
[2026-06-01 09:23:28] [EXIT] 0
[2026-06-01 09:23:28] [OUT] ---
Typed 45 characters into [2263] at (472, 229)
[2026-06-01 09:23:28] [OUT] ---
[2026-06-01 09:23:30] [INFO] Finding Description field...

[2026-06-01 09:23:30] [CMD] browseros-cli snap -p 332
[2026-06-01 09:23:30] [EXIT] 0
[2026-06-01 09:23:30] [OUT] ---
[1504] button "Close"
[2150] tab "Details" (selected)
[2161] tab "Video elements"
[2172] tab "Checks"
[2183] tab "Visibility"
[1954] button "Reuse details"
[2263] textbox "Add a title that describes your video (type @ to mention a channel)" value="🦐 Crystal Skin Har Gow (Shrimp Dumplings) 🥟" (required)
[2475] button "Add all"
[2376] button "Options"
[2806] button "Personalized suggestion illustration #appetizer"
[2816] button "#strawberry"
[2826] button "Personalized suggestion illustration #baking"
[2013] textbox "Tell viewers about your video (type @ to mention a channel)"
[2226] link "Learn more about playlists"
[2232] button "Select playlists"
[2236] button "Select"
[2059] link "What's content made for kids?"
[2066] link "Learn more about video's audience settings"
[2069] radio "Yes, it's made for kids . Features like personalized ads and notifications won’t be available on videos made for kids. Videos that are set as made for kids by you are more likely to be recommended alongside other kids’ videos. Learn more"
[2073] link "Learn more"
[2074] radio "No, it's not made for kids"
[1998] button "Age restriction (advanced)"
[2147] button "Show advanced settings"
[2209] link "https://youtube.com/shorts/iLOmQiJYJWc"
[2212] button "Copy video link"
[1599] button "Next"
[546] clickable "Inspiration
        


  
      Videos
    


  
        Shorts
      


  
        Live
      


  "
[2379] clickable "The following suggestions were automatically generated based on your existing content. You can add
  and edit them to help viewers discover, understand, and engage with your content."
[2068] clickable "Yes, it's made for kids.
          Features like personalized ads and notifications won’t be availab"
[2026-06-01 09:23:30] [OUT] ---
[2026-06-01 09:23:30] [INFO] Filling Description...

[2026-06-01 09:23:34] [CMD] browseros-cli fill -p 332 2013 Recipe: 
Ingredients: 🦐 1/2 lb chopped shrimp, 🎋 1/4 cup minced bamboo shoots, 🫒 1 tsp sesame oil, 🫚 1 tsp ginger. Wrapper: 1 cup wheat starch, 🌽 1/2 cup cornstarch, 🫒 boiling water. 
Steps: 👨‍🍳 Mix shrimp with bamboo and seasonings. 🥣 Make the dough by adding boiling water to the starches; knead until smooth. 🔥 Roll into thin circles. ⏲️ Place a spoonful of shrimp in the center and fold into a crescent with 7-10 pleats. 🍳 Steam on a piece of parchment for 6-8 minutes until the skin becomes translucent.
#hargow #dimsum #dumplings #chinesefood #shrimp #healthy #asiancuisine #dimsumtime 🌮🍱
[2026-06-01 09:23:34] [EXIT] 0
[2026-06-01 09:23:34] [OUT] ---
Typed 607 characters into [2013] at (472, 490)
[2026-06-01 09:23:34] [OUT] ---
[2026-06-01 09:23:36] [INFO] Selecting 'Not made for kids'...

[2026-06-01 09:23:36] [CMD] browseros-cli snap -p 332
[2026-06-01 09:23:36] [EXIT] 0
[2026-06-01 09:23:36] [OUT] ---
[905] button "Sort by Date"
[942] button "Sort by Views"
[1492] button "Send Feedback"
[1504] button "Close"
[2150] tab "Details" (selected)
[2161] tab "Video elements"
[2172] tab "Checks"
[2183] tab "Visibility"
[1954] button "Reuse details"
[2263] textbox "Add a title that describes your video (type @ to mention a channel)" value="🦐 Crystal Skin Har Gow (Shrimp Dumplings) 🥟" (required)
[2013] textbox "Tell viewers about your video (type @ to mention a channel)" value="Recipe: 
Ingredients: 🦐 1/2 lb chopped shrimp, 🎋 1/4 cup minced bamboo shoots, 🫒 1 tsp sesame oil, 🫚 1 tsp ginger. Wrapper: 1 cup wheat starch, 🌽 1/2 cup cornstarch, 🫒 boiling water. 
Steps: 👨‍🍳 Mix shrimp with bamboo and seasonings. 🥣 Make the dough by adding boiling water to the starches; knead until smooth. 🔥 Roll into thin circles. ⏲️ Place a spoonful of shrimp in the center and fold into a crescent with 7-10 pleats. 🍳 Steam on a piece of parchment for 6-8 minutes until the skin becomes translucent.
#hargow #dimsum #dumplings #chinesefood #shrimp #healthy #asiancuisine #dimsumtime 🌮🍱
"
[2226] link "Learn more about playlists"
[2232] button "Select playlists"
[2236] button "Select"
[2059] link "What's content made for kids?"
[2066] link "Learn more about video's audience settings"
[2069] radio "Yes, it's made for kids . Features like personalized ads and notifications won’t be available on videos made for kids. Videos that are set as made for kids by you are more likely to be recommended alongside other kids’ videos. Learn more"
[2073] link "Learn more"
[2074] radio "No, it's not made for kids"
[1998] button "Age restriction (advanced)"
[2147] button "Show advanced settings"
[2209] link "https://youtube.com/shorts/iLOmQiJYJWc"
[2212] button "Copy video link"
[1599] button "Next"
[546] clickable "Inspiration
        


  
      Videos
    


  
        Shorts
      


  
        Live
      


  "
[2068] clickable "Yes, it's made for kids.
          Features like personalized ads and notifications won’t be availab"
[2026-06-01 09:23:36] [OUT] ---

[2026-06-01 09:23:37] [CMD] browseros-cli click -p 332 2074
[2026-06-01 09:23:37] [EXIT] 0
[2026-06-01 09:23:37] [OUT] ---
Clicked [2074] at (303, 464)
[2026-06-01 09:23:37] [OUT] ---
[2026-06-01 09:23:37] [INFO] Selected 'Not made for kids'
[2026-06-01 09:23:39] [INFO] ========================================
[2026-06-01 09:23:39] [INFO]   Phase 5: Navigate to Visibility Screen
[2026-06-01 09:23:39] [INFO] ========================================

[2026-06-01 09:23:40] [CMD] browseros-cli snap -p 332
[2026-06-01 09:23:40] [EXIT] 0
[2026-06-01 09:23:40] [OUT] ---
[905] button "Sort by Date"
[942] button "Sort by Views"
[1492] button "Send Feedback"
[1504] button "Close"
[2150] tab "Details" (selected)
[2161] tab "Video elements"
[2172] tab "Checks"
[2183] tab "Visibility"
[1954] button "Reuse details"
[2263] textbox "Add a title that describes your video (type @ to mention a channel)" value="🦐 Crystal Skin Har Gow (Shrimp Dumplings) 🥟" (required)
[2013] textbox "Tell viewers about your video (type @ to mention a channel)" value="Recipe: 
Ingredients: 🦐 1/2 lb chopped shrimp, 🎋 1/4 cup minced bamboo shoots, 🫒 1 tsp sesame oil, 🫚 1 tsp ginger. Wrapper: 1 cup wheat starch, 🌽 1/2 cup cornstarch, 🫒 boiling water. 
Steps: 👨‍🍳 Mix shrimp with bamboo and seasonings. 🥣 Make the dough by adding boiling water to the starches; knead until smooth. 🔥 Roll into thin circles. ⏲️ Place a spoonful of shrimp in the center and fold into a crescent with 7-10 pleats. 🍳 Steam on a piece of parchment for 6-8 minutes until the skin becomes translucent.
#hargow #dimsum #dumplings #chinesefood #shrimp #healthy #asiancuisine #dimsumtime 🌮🍱
"
[2226] link "Learn more about playlists"
[2232] button "Select playlists"
[2236] button "Select"
[2059] link "What's content made for kids?"
[2066] link "Learn more about video's audience settings"
[2069] radio "Yes, it's made for kids . Features like personalized ads and notifications won’t be available on videos made for kids. Videos that are set as made for kids by you are more likely to be recommended alongside other kids’ videos. Learn more"
[2073] link "Learn more"
[2074] radio "No, it's not made for kids"
[1998] button "Age restriction (advanced)"
[2147] button "Show advanced settings"
[2209] link "https://youtube.com/shorts/iLOmQiJYJWc"
[2212] button "Copy video link"
[1599] button "Next"
[546] clickable "Inspiration
        


  
      Videos
    


  
        Shorts
      


  
        Live
      


  "
[2068] clickable "Yes, it's made for kids.
          Features like personalized ads and notifications won’t be availab"
[2026-06-01 09:23:40] [OUT] ---
[2026-06-01 09:23:40] [INFO] Clicking Next (1/3)...

[2026-06-01 09:23:41] [CMD] browseros-cli click -p 332 1599
[2026-06-01 09:23:41] [EXIT] 0
[2026-06-01 09:23:41] [OUT] ---
Clicked [1599] at (1061, 697)
[2026-06-01 09:23:41] [OUT] ---

[2026-06-01 09:23:45] [CMD] browseros-cli snap -p 332
[2026-06-01 09:23:45] [EXIT] 0
[2026-06-01 09:23:45] [OUT] ---
[422] menuitem "Content detection"
[441] menuitem "Earn"
[460] menuitem "Customization"
[479] menuitem "Audio library"
[504] button "Settings"
[517] button "Send feedback"
[565] tab "Inspiration"
[568] tab "Videos" (selected)
[570] tab "Shorts"
[573] tab "Live"
[576] tab "Posts"
[579] tab "Playlists"
[582] tab "Podcasts"
[585] tab "Promotions"
[591] tab "Collaborations"
[9] textbox "Filter"
[792] checkbox
[905] button "Sort by Date"
[942] button "Sort by Views"
[1492] button "Send Feedback"
[1504] button "Close"
[2150] tab "Details"
[2161] tab "Video elements" (selected)
[2172] tab "Checks"
[2183] tab "Visibility"
[11059] link "Learn more"
[11297] button "Add"
[11103] button "Add" (disabled)
[1592] button "Back"
[1599] button "Next"
[546] clickable "Inspiration
        


  
      Videos
    


  
        Shorts
      


  
        Live
      


  "
[2026-06-01 09:23:45] [OUT] ---

[2026-06-01 09:23:46] [CMD] browseros-cli snap -p 332
[2026-06-01 09:23:46] [EXIT] 0
[2026-06-01 09:23:46] [OUT] ---
[422] menuitem "Content detection"
[441] menuitem "Earn"
[460] menuitem "Customization"
[479] menuitem "Audio library"
[504] button "Settings"
[517] button "Send feedback"
[565] tab "Inspiration"
[568] tab "Videos" (selected)
[570] tab "Shorts"
[573] tab "Live"
[576] tab "Posts"
[579] tab "Playlists"
[582] tab "Podcasts"
[585] tab "Promotions"
[591] tab "Collaborations"
[9] textbox "Filter"
[792] checkbox
[905] button "Sort by Date"
[942] button "Sort by Views"
[1492] button "Send Feedback"
[1504] button "Close"
[2150] tab "Details"
[2161] tab "Video elements" (selected)
[2172] tab "Checks"
[2183] tab "Visibility"
[11059] link "Learn more"
[11297] button "Add"
[11103] button "Add" (disabled)
[1592] button "Back"
[1599] button "Next"
[546] clickable "Inspiration
        


  
      Videos
    


  
        Shorts
      


  
        Live
      


  "
[2026-06-01 09:23:46] [OUT] ---
[2026-06-01 09:23:46] [INFO] Clicking Next (2/3)...

[2026-06-01 09:23:47] [CMD] browseros-cli click -p 332 1599
[2026-06-01 09:23:47] [EXIT] 0
[2026-06-01 09:23:47] [OUT] ---
Clicked [1599] at (1061, 697)
[2026-06-01 09:23:47] [OUT] ---

[2026-06-01 09:23:52] [CMD] browseros-cli snap -p 332
[2026-06-01 09:23:52] [EXIT] 0
[2026-06-01 09:23:52] [OUT] ---
[460] menuitem "Customization"
[479] menuitem "Audio library"
[504] button "Settings"
[517] button "Send feedback"
[565] tab "Inspiration"
[568] tab "Videos" (selected)
[570] tab "Shorts"
[573] tab "Live"
[576] tab "Posts"
[579] tab "Playlists"
[582] tab "Podcasts"
[585] tab "Promotions"
[591] tab "Collaborations"
[9] textbox "Filter"
[792] checkbox
[905] button "Sort by Date"
[942] button "Sort by Views"
[1492] button "Send Feedback"
[1504] button "Close"
[2150] tab "Details"
[2161] tab "Video elements"
[2172] tab "Checks" (selected)
[2183] tab "Visibility"
[11476] link "Learn more"
[11520] link "Learn more"
[11488] button "Send feedback"
[1592] button "Back"
[1599] button "Next"
[546] clickable "Inspiration
        


  
      Videos
    


  
        Shorts
      


  
        Live
      


  "
[11487] clickable "Send feedback"
[11489] clickable "Send feedback"
[2026-06-01 09:23:52] [OUT] ---

[2026-06-01 09:23:53] [CMD] browseros-cli snap -p 332
[2026-06-01 09:23:53] [EXIT] 0
[2026-06-01 09:23:53] [OUT] ---
[460] menuitem "Customization"
[479] menuitem "Audio library"
[504] button "Settings"
[517] button "Send feedback"
[565] tab "Inspiration"
[568] tab "Videos" (selected)
[570] tab "Shorts"
[573] tab "Live"
[576] tab "Posts"
[579] tab "Playlists"
[582] tab "Podcasts"
[585] tab "Promotions"
[591] tab "Collaborations"
[9] textbox "Filter"
[792] checkbox
[905] button "Sort by Date"
[942] button "Sort by Views"
[1492] button "Send Feedback"
[1504] button "Close"
[2150] tab "Details"
[2161] tab "Video elements"
[2172] tab "Checks" (selected)
[2183] tab "Visibility"
[11476] link "Learn more"
[11520] link "Learn more"
[11488] button "Send feedback"
[1592] button "Back"
[1599] button "Next"
[546] clickable "Inspiration
        


  
      Videos
    


  
        Shorts
      


  
        Live
      


  "
[11487] clickable "Send feedback"
[11489] clickable "Send feedback"
[2026-06-01 09:23:53] [OUT] ---
[2026-06-01 09:23:53] [INFO] Clicking Next (3/3)...

[2026-06-01 09:23:54] [CMD] browseros-cli click -p 332 1599
[2026-06-01 09:23:54] [EXIT] 0
[2026-06-01 09:23:54] [OUT] ---
Clicked [1599] at (1061, 697)
[2026-06-01 09:23:54] [OUT] ---

[2026-06-01 09:23:58] [CMD] browseros-cli snap -p 332
[2026-06-01 09:23:58] [EXIT] 0
[2026-06-01 09:23:58] [OUT] ---
[11911] radio "Private"
[11921] radio "Unlisted"
[11930] radio "Public"
[11642] button "Click to expand"
[11577] link "Learn more"
[11582] link "Learn more"
[11864] button "Play"
[11867] button "Mute"
[11693] slider "volume"
[11871] button "Settings"
[11896] button "Full screen"
[11610] link "https://youtube.com/shorts/iLOmQiJYJWc"
[11613] button "Copy video link"
[1592] button "Back"
[1606] button "Save"
[546] clickable "Inspiration
        


  
      Videos
    


  
        Shorts
      


  
        Live
      


  "
[11653] clickable "Private
          

          
          
            
              Only you and people you choose "
[11636] clickable "Schedule
      
        
          Select a date to make your video public.
        
      
      
 "
[2026-06-01 09:23:58] [OUT] ---
[2026-06-01 09:23:58] [INFO] Reached Visibility screen
[2026-06-01 09:23:58] [INFO] ========================================
[2026-06-01 09:23:58] [INFO]   Phase 6: Open Scheduling Options
[2026-06-01 09:23:58] [INFO] ========================================
[2026-06-01 09:23:58] [INFO] Clicking 'Schedule' option...

[2026-06-01 09:23:58] [CMD] browseros-cli snap -p 332
[2026-06-01 09:23:58] [EXIT] 0
[2026-06-01 09:23:58] [OUT] ---
[11911] radio "Private"
[11921] radio "Unlisted"
[11930] radio "Public"
[11642] button "Click to expand"
[11577] link "Learn more"
[11582] link "Learn more"
[11864] button "Play"
[11867] button "Mute"
[11693] slider "volume"
[11871] button "Settings"
[11896] button "Full screen"
[11610] link "https://youtube.com/shorts/iLOmQiJYJWc"
[11613] button "Copy video link"
[1592] button "Back"
[1606] button "Save"
[546] clickable "Inspiration
        


  
      Videos
    


  
        Shorts
      


  
        Live
      


  "
[11653] clickable "Private
          

          
          
            
              Only you and people you choose "
[11636] clickable "Schedule
      
        
          Select a date to make your video public.
        
      
      
 "
[2026-06-01 09:23:58] [OUT] ---

[2026-06-01 09:23:59] [CMD] browseros-cli click -p 332 11636
[2026-06-01 09:23:59] [EXIT] 0
[2026-06-01 09:23:59] [OUT] ---
Clicked [11636] at (472, 574)
[2026-06-01 09:23:59] [OUT] ---
[2026-06-01 09:24:01] [INFO] ========================================
[2026-06-01 09:24:01] [INFO]   Phase 7: Fill Date and Time
[2026-06-01 09:24:01] [INFO] ========================================
[2026-06-01 09:24:02] [INFO] Setting date: Jun 26, 2026, time: 7:15 PM
[2026-06-01 09:24:02] [INFO] Opening date picker...

[2026-06-01 09:24:02] [CMD] browseros-cli snap -p 332
[2026-06-01 09:24:02] [EXIT] 0
[2026-06-01 09:24:02] [OUT] ---
[942] button "Sort by Views"
[1492] button "Send Feedback"
[1504] button "Close"
[2150] tab "Details"
[2161] tab "Video elements"
[2172] tab "Checks"
[2183] tab "Visibility" (selected)
[11628] button "Click to expand"
[12177] button "Jun 2, 2026"
[12181] button "Jun 2, 2026"
[12207] textbox value="12:00 AM"
[12290] button "Time zone"
[11577] link "Learn more"
[11582] link "Learn more"
[11864] button "Play"
[11867] button "Mute"
[11693] slider "volume"
[11871] button "Settings"
[11896] button "Full screen"
[11610] link "https://youtube.com/shorts/iLOmQiJYJWc"
[11613] button "Copy video link"
[1592] button "Back"
[1606] button "Schedule"
[546] clickable "Inspiration
        


  
      Videos
    


  
        Shorts
      


  
        Live
      


  "
[11589] clickable "Save or publish
        
        
          Make your video public, unlisted, or private
        
  "
[12291] clickable "Default set to local time zone (GMT+0530)"
[2026-06-01 09:24:02] [OUT] ---

[2026-06-01 09:24:03] [CMD] browseros-cli click -p 332 12177
[2026-06-01 09:24:03] [EXIT] 0
[2026-06-01 09:24:03] [OUT] ---
Clicked [12177] at (310, 490)
[2026-06-01 09:24:03] [OUT] ---

[2026-06-01 09:24:07] [CMD] browseros-cli snap -p 332
[2026-06-01 09:24:07] [EXIT] 0
[2026-06-01 09:24:07] [OUT] ---
[12545] clickable "13"
[12546] clickable "14"
[12547] clickable "15"
[12548] clickable "16"
[12549] clickable "17"
[12550] clickable "18"
[12551] clickable "19"
[12552] clickable "20"
[12553] clickable "21"
[12554] clickable "22"
[12555] clickable "23"
[12556] clickable "24"
[12557] clickable "25"
[12558] clickable "26"
[12559] clickable "27"
[12560] clickable "28"
[12561] clickable "29"
[12562] clickable "30"
[12563] clickable "31"
[12571] clickable "1"
[12572] clickable "2"
[12573] clickable "3"
[12574] clickable "4"
[12575] clickable "5"
[12576] clickable "6"
[12577] clickable "7"
[12578] clickable "8"
[12579] clickable "9"
[12580] clickable "10"
[12581] clickable "11"
[12582] clickable "12"
[12583] clickable "13"
[12584] clickable "14"
[12585] clickable "15"
[12586] clickable "16"
[12587] clickable "17"
[12588] clickable "18"
[12589] clickable "19"
[12590] clickable "20"
[12591] clickable "21"
[12592] clickable "22"
[12593] clickable "23"
[12594] clickable "24"
[12595] clickable "25"
[12596] clickable "26"
[12597] clickable "27"
[12598] clickable "28"
[12599] clickable "29"
[12600] clickable "30"
[12601] clickable "31"
[2026-06-01 09:24:07] [OUT] ---

[2026-06-01 09:24:08] [CMD] browseros-cli fill -p 332 12385 Jun 26, 2026
[2026-06-01 09:24:08] [EXIT] 0
[2026-06-01 09:24:08] [OUT] ---
Typed 12 characters into [12385] at (327, 124)
[2026-06-01 09:24:08] [OUT] ---

[2026-06-01 09:24:10] [CMD] browseros-cli key -p 332 Enter
[2026-06-01 09:24:10] [EXIT] 0
[2026-06-01 09:24:10] [OUT] ---
Pressed Enter
[2026-06-01 09:24:10] [OUT] ---
[2026-06-01 09:24:12] [INFO] Setting time...

[2026-06-01 09:24:12] [CMD] browseros-cli snap -p 332
[2026-06-01 09:24:12] [EXIT] 0
[2026-06-01 09:24:12] [OUT] ---
[942] button "Sort by Views"
[1492] button "Send Feedback"
[1504] button "Close"
[2150] tab "Details"
[2161] tab "Video elements"
[2172] tab "Checks"
[2183] tab "Visibility" (selected)
[11628] button "Click to expand"
[12177] button "Jun 26, 2026"
[12181] button "Jun 26, 2026"
[12207] textbox value="12:00 AM"
[12290] button "Time zone"
[11577] link "Learn more"
[11582] link "Learn more"
[11864] button "Play"
[11867] button "Mute"
[11693] slider "volume"
[11871] button "Settings"
[11896] button "Full screen"
[11610] link "https://youtube.com/shorts/iLOmQiJYJWc"
[11613] button "Copy video link"
[1592] button "Back"
[1606] button "Schedule"
[546] clickable "Inspiration
        


  
      Videos
    


  
        Shorts
      


  
        Live
      


  "
[11589] clickable "Save or publish
        
        
          Make your video public, unlisted, or private
        
  "
[12291] clickable "Default set to local time zone (GMT+0530)"
[2026-06-01 09:24:12] [OUT] ---
[2026-06-01 09:24:13] [INFO] Clicking time input box to open dropdown...

[2026-06-01 09:24:13] [CMD] browseros-cli click -p 332 12207
[2026-06-01 09:24:13] [EXIT] 0
[2026-06-01 09:24:13] [OUT] ---
Clicked [12207] at (466, 490)
[2026-06-01 09:24:13] [OUT] ---

[2026-06-01 09:24:17] [CMD] browseros-cli snap -p 332
[2026-06-01 09:24:17] [EXIT] 0
[2026-06-01 09:24:17] [OUT] ---
[13218] option "6:15 PM"
[13219] option "6:30 PM"
[13220] option "6:45 PM"
[13221] option "7:00 PM"
[13222] option "7:15 PM"
[13223] option "7:30 PM"
[13224] option "7:45 PM"
[13225] option "8:00 PM"
[13226] option "8:15 PM"
[13227] option "8:30 PM"
[13228] option "8:45 PM"
[13229] option "9:00 PM"
[13230] option "9:15 PM"
[13231] option "9:30 PM"
[13232] option "9:45 PM"
[13233] option "10:00 PM"
[13234] option "10:15 PM"
[13235] option "10:30 PM"
[13236] option "10:45 PM"
[13237] option "11:00 PM"
[13238] option "11:15 PM"
[13239] option "11:30 PM"
[13240] option "11:45 PM"
[546] clickable "Inspiration
        


  
      Videos
    


  
        Shorts
      


  
        Live
      


  "
[11589] clickable "Save or publish
        
        
          Make your video public, unlisted, or private
        
  "
[12291] clickable "Default set to local time zone (GMT+0530)"
[2026-06-01 09:24:17] [OUT] ---
[2026-06-01 09:24:17] [INFO] Clicking time option ref: 13222 for 7:15 PM

[2026-06-01 09:24:18] [CMD] browseros-cli click -p 332 13222
[2026-06-01 09:24:18] [EXIT] 0
[2026-06-01 09:24:18] [OUT] ---
Clicked [13222] at (466, 316)
[2026-06-01 09:24:18] [OUT] ---
[2026-06-01 09:24:20] [INFO] Date and time filled successfully
[2026-06-01 09:24:20] [INFO] ========================================
[2026-06-01 09:24:20] [INFO]   Phase 8: User Verification
[2026-06-01 09:24:20] [INFO] ========================================
[2026-06-01 09:24:20] [INFO] 
[2026-06-01 09:24:20] [INFO] ============================================
[2026-06-01 09:24:20] [INFO]   SCHEDULED REEL REVIEW
[2026-06-01 09:24:20] [INFO] ============================================
[2026-06-01 09:24:20] [INFO]   Asset ID: 44
[2026-06-01 09:24:20] [INFO]   Project:  project-1
[2026-06-01 09:24:20] [INFO]   Date:     2026-06-26 (Friday)
[2026-06-01 09:24:20] [INFO]   Time:     19:15:00
[2026-06-01 09:24:20] [INFO] ============================================
[2026-06-01 09:24:20] [INFO] 
[2026-06-01 09:24:20] [INFO] [YOLO] Finding 'Schedule' button...

[2026-06-01 09:24:21] [CMD] browseros-cli snap -p 332
[2026-06-01 09:24:21] [EXIT] 0
[2026-06-01 09:24:21] [OUT] ---
[942] button "Sort by Views"
[1492] button "Send Feedback"
[1504] button "Close"
[2150] tab "Details"
[2161] tab "Video elements"
[2172] tab "Checks"
[2183] tab "Visibility" (selected)
[11628] button "Click to expand"
[12177] button "Jun 26, 2026"
[12181] button "Jun 26, 2026"
[12207] textbox value="7:15 PM"
[12290] button "Time zone"
[11577] link "Learn more"
[11582] link "Learn more"
[11864] button "Play"
[11867] button "Mute"
[11693] slider "volume"
[11871] button "Settings"
[11896] button "Full screen"
[11610] link "https://youtube.com/shorts/iLOmQiJYJWc"
[11613] button "Copy video link"
[1592] button "Back"
[1606] button "Schedule"
[546] clickable "Inspiration
        


  
      Videos
    


  
        Shorts
      


  
        Live
      


  "
[11589] clickable "Save or publish
        
        
          Make your video public, unlisted, or private
        
  "
[12291] clickable "Default set to local time zone (GMT+0530)"
[2026-06-01 09:24:21] [OUT] ---
[2026-06-01 09:24:21] [INFO] Clicking 'Schedule' button (ref: 1606)...

[2026-06-01 09:24:22] [CMD] browseros-cli click -p 332 1606
[2026-06-01 09:24:22] [EXIT] 0
[2026-06-01 09:24:22] [OUT] ---
Clicked [1606] at (1047, 697)
[2026-06-01 09:24:22] [OUT] ---
[2026-06-01 09:24:32] [INFO] Marking asset 44 as uploaded for youtube...
[2026-06-01 09:24:32] [DEBUG] mark_uploaded output: {"success": true, "id": "44", "platform": "youtube"}
[2026-06-01 09:24:32] [INFO] Marking asset 44 as scheduled for youtube...
[2026-06-01 09:24:32] [DEBUG] mark_scheduled output: {"success": true, "id": "44", "platform": "youtube"}
[2026-06-01 09:24:32] [INFO] Tracker updated for asset 44
[2026-06-01 09:24:32] [INFO] ========================================
[2026-06-01 09:24:32] [INFO]   Phase 9: Close Browser Tab
[2026-06-01 09:24:32] [INFO] ========================================

[2026-06-01 09:24:33] [CMD] browseros-cli close -p 332
[2026-06-01 09:24:33] [EXIT] 0
[2026-06-01 09:24:33] [OUT] ---
Closed page 332
[2026-06-01 09:24:33] [OUT] ---
[2026-06-01 09:24:33] [INFO] Browser tab closed
[2026-06-01 09:24:33] [INFO] ========================================
[2026-06-01 09:24:33] [INFO]   Processing Schedule Entry 21 / 23
[2026-06-01 09:24:33] [INFO] ========================================
[2026-06-01 09:24:33] [INFO] Date: 2026-06-27, Day: Saturday, Time: 08:15:00
[2026-06-01 09:24:33] [INFO] ========================================
[2026-06-01 09:24:33] [INFO]   Phase 1: Identify Project and Asset
[2026-06-01 09:24:33] [INFO] ========================================
[2026-06-01 09:24:33] [INFO] Fetching mapped post for project 1...
[2026-06-01 09:24:33] [DEBUG] get_mapped_post exit=0 output='ID: 45
Caption: 🐷 Slow-Smoked BBQ Pulled Pork Sandwich 🥪
Recipe: 
Ingredients: 🐷 5 lb pork shoulder (boston butt), 1/2 cup BBQ rub, 🍅 1 cup tangy vinegar BBQ sauce, 🥗 1 cup creamy coleslaw, and 4 large potato buns. 
Steps: 👨‍🍳 Rub the pork and let sit overnight. 🥣 Smoke at 250°F (120°C) for 8-10 hours until the internal temp is 200°F. 🔥 Wrap in foil for the last 2 hours. ⏲️ Let the meat rest for 1 hour, then shred with two forks. 🍳 Toss with BBQ sauce. 🔪 Pile high on toasted potato buns and top with cold, crunchy coleslaw.
#pulledpork #bbq #sandwich #slowcooker #dinner #comfortfood #barbecue #pork 🌮🍱'
[2026-06-01 09:24:33] [INFO] Asset ID: 45
[2026-06-01 09:24:33] [INFO] Title length: 40 chars
[2026-06-01 09:24:33] [INFO] Description length: 550 chars
[2026-06-01 09:24:33] [INFO] Asset path: /Users/dsen/Projects/ai-post-maker/project-1/assets/45.mp4
[2026-06-01 09:24:33] [INFO] ========================================
[2026-06-01 09:24:33] [INFO]   Phase 2: Open YouTube Upload Page
[2026-06-01 09:24:33] [INFO] ========================================
[2026-06-01 09:24:33] [INFO] Opening new page: https://www.youtube.com/upload

[2026-06-01 09:24:34] [CMD] browseros-cli open https://www.youtube.com/upload --json
[2026-06-01 09:24:34] [EXIT] 0
[2026-06-01 09:24:34] [OUT] ---
{"background":false,"hidden":false,"pageId":334,"url":"https://www.youtube.com/upload"}
[2026-06-01 09:24:34] [OUT] ---
[2026-06-01 09:24:34] [INFO] Page opened with ID: 334
